:020000041000EA
:1000000000B5324B212058609868022188439860DF
:10001000D860186158612E4B002199600221596106
:100020000121F02299502B49196001219960352056
:1000300000F044F80222904214D00621196600F024
:1000400034F8196E01211966002018661A6600F04E
:100050002CF8196E196E196E052000F02FF8012189
:100060000842F9D1002199601B49196000215960AB
:100070001A491B48016001219960EB211966A021F2
:10008000196600F012F800219960164914480160C1
:100090000121996001BC002800D000471248134993
:1000A000086003C880F30888084703B5996A0420EC
:1000B0000142FBD001200142F8D103BD02B5186610
:1000C0001866FFF7F2FF186E186E02BD00000240BE
:1000D000000000180000070000035F00212200005C
:1000E000F4000018222000A00001001008ED00E03C
:1000F00000000000000000000000000074B24E7A12
:1001000000000420C10100102D56011029DD01104E
:1001100000000000000000000000000000000000DF
:100120000000000000000000000000002D5601103B
:1001300000000000000000002D5601102D56011097
:10014000595B01102D5601102D5601102D5601102E
:100150002D560110FD0100102D5601102D560110D5
:100160002D5601102D5601102D560110915A0110D7
:100170002D560110ED5A01102D5601102D5601106B
:10018000010000202D5601102D5601102D56011092
:100190002D5601102D5601102D5601102D5601100F
:1001A0002D5601102D5601102D5601102D560110FF
:1001B0002D5601102D5601102D5601102D560110EF
:1001C00015F020FE084809490022814201D004C0F0
:1001D000FBE707480749084A814202D008CA08C01D
:1001E000FAE714F09DFC00DE40010020AC40002046
:1001F000000000203C010020281D0210FEB506AFC3
:1002000001262048056CE8041F4C05D5300320600A
:100210001E480C3015F084FE280405D5F00320603C
:100220001A480C3015F07CFE680405D5B003206038
:1002300016480C3015F074FEE80304D53004206035
:10024000134815F06DFEE80600D4FEBD0D480168A8
:100250000191016000260E4D0E480290202EF4D030
:10026000019CF440E00702D0029815F059FEA00767
:1002700002D5284615F054FE029808300290083541
:10028000B61CEBE75800115090301150C83F0020C9
:10029000BC3600203C360020F0B503AF8BB00E46D4
:1002A0000D684C68E36824490F222846029398475A
:1002B000012100283CD10191B07A00060CD42349D9
:1002C00001222846029B9847002821D11D4902227D
:1002D000304614F011FD22E0184902222846029B04
:1002E0009847002814D106A80121017005900494B4
:1002F00003951348089003A80790B068F1680A9125
:10030000099007A80F49022214F0F6FC002801D03A
:1003100001990DE003A80C49022214F03BFE0028CD
:10032000019905D10A4901222846029B98470146B6
:1003300008460BB0F0BDC04630DD01106F0D021055
:10034000740D0210AC1202106C0D02106E0D021032
:10035000710D021080B500AF0169002911D0436909
:10036000491E01618268511C8160C1685918491C8D
:10037000C16003684168184608F01EFA0146012072
:1003800080BD002080BDD4D4FEB506AF04462B4806
:100390000068C00543D12068002845D102910021A2
:1003A000C843224601C201925C20205C25465C3590
:1003B000012804D120460C3015F08EFD2978606D9F
:1003C000A26D0223904202D1C9071E4619D00093A4
:1003D0002146143100222A70431C102B00D01A46EB
:1003E000626580000A5C08184178090289188278E1
:1003F0001204C078000680184618F0B20228009B4C
:1004000006D1029806C801981D4615F070FD2846D1
:100410002168491C2160FF218E433018FEBD084829
:1004200015F097F915F0BCF9064815F087F913F0A7
:10043000D9FE15F073FA15F0B3F9C04604ED00E0EB
:10044000B2000000A3000000B0B502AF0446C068CF
:10045000002809D025460C35284614F023FA002838
:1004600000D0B0BD002028602068012804D1606859
:1004700000216160A168B0BD0020B0BDD0B502AF61
:10048000814205D3994203D81218091A1046D0BDEB
:10049000BC681A46234614F059FFD4D4F8B504AF0B
:1004A00004462020205C002804D0032867D1E56999
:1004B000286811E00DCC0C3C25460C350DC5828812
:1004C000934202D9002001264DE082792546183555
:1004D0007F201040A061E5610F284CD8C0002B4A56
:1004E00010180B684A68194615F037FD286810285F
:1004F0003CD2C00028494018802541592748401C5B
:10050000014202D0032630462DE0009123460C33F1
:100510000DCB4188008800F011F9A069102825D280
:1005200061691E4A114001262B467503009A9543C6
:100530006918F2038918C000174A10180093C150B7
:100540000C201CF0B3FAA06910280FD2C000124989
:1005500008186169114A11400D432121890229437C
:10056000009A8150022020342670F8BD08481D21D1
:10057000084A14F02BFF1021034A14F02DFF014804
:1005800015F02AF80CEF01101CEF01103C3600208A
:10059000A40A0210000B021000001050FF0300001C
:1005A000DCB504AF14460A460146009300202346FA
:1005B000FFF764FFDCBDD4D4F0B503AF85B00C46C3
:1005C00006462020085C002804D0032873D1E56982
:1005D00028680BE00BCC0C3C25460C350BC581790B
:1005E00025461835E5617F200840A0610F285ED8B8
:1005F000C0003449081806CA15F0AFFC2868102856
:1006000050D2C0003249401884214558314A501C0C
:10061000054203D00220307003233FE028461040FB
:1006200062690123049282421A4633D303910193F3
:100630000296E6682169284B0090049AFFF7B0FF04
:1006400002460B467188308800F05CF8A0691028DB
:1006500028D201214E03AE43E16889881D4A11402A
:100660007118C0001A4A1018039D41510C201CF04B
:100670001DFAA069102815D2C00015490818E168B4
:100680008988144A11400E439119491C4151002296
:1006900000AE49CE7060002171703270203423703A
:1006A00005B0F0BD08481D21084A14F08FFE102146
:1006B000034A14F091FE014814F08EFF2CEF011054
:1006C0004CEF0110BC360020A40A0210100B0210DF
:1006D00000001050FF0300003CEF011080B500AF98
:1006E000C0B20C2804D2052109078001401880BD42
:1006F00002481D21024A14F069FEC046740A021025
:10070000940A0210DCB504AF89B28B420AD80849BA
:10071000009180B20749441810461946224616F047
:1007200007F8DCBD044815F014F815F039F8C04698
:100730005CEF011000001050A0000000E0B502AF17
:1007400089B28B4208D80749009180B20649401807
:10075000194615F0EDFF8CBD044814F0FAFF15F0B2
:100760001FF8C0466CEF0110000010509F00000001
:10077000FEB506AF02900126F0040025BC68844255
:1007800008D8009301912346A00001214C05201AAE
:10079000824203D92946304603B0F0BD9007FAD112
:1007A0001149019C0868800701D44869FAE70120D3
:1007B00000071018C8600B610298C00710D01D46D2
:1007C0002046FFF78BFF0A49016000994160856070
:1007D0002107490C074A8918C16000262146DAE73B
:1007E000024814F0E9FDC04608000014ECEF0110C7
:1007F000000040502980120080B500AF01464068DB
:10080000002806D0401E48608868421C8A6009683B
:1008100080BD002180BD80B500AF06C80838914278
:1008200007D06922D2008A1802608268531C836054
:1008300000E00021104680BD80B500AF06C8083832
:10084000914206D00A46A83202608268531C836037
:1008500000E00021104680BD80B500AF06C8083812
:10086000914206D00A460C3202608268531C8360B3
:1008700000E00021104680BD80B500AF06C80838F2
:10088000914206D00A46183202608268531C836087
:1008900000E00021104680BD80B500AF824203D346
:1008A0000B18111A184680BD114614F04FFDD4D410
:1008B000F0B503AF85B0144601910090186802931B
:1008C00059680391019D0399884218D006460C3659
:1008D00002990E6016F0B0FC049029688A1C0098FA
:1008E000094B12F0EAF9049A13F08CFC2868801C7A
:1008F0002860641E601C3046E5D3002000E0012023
:10090000214605B0F0BDC04630FC0110FEB506AF73
:100910000D46009014680192506802902646029895
:1009200084420BD03446A8342E606C600198046079
:100930000098294600F040F80028EFD00298301ABD
:10094000411E8841FEBDF8B504AF18CA0094083AAC
:10095000009CA34210D00E290D4600D30E254E1B3D
:100960000C246C431C19A8330E29136004604360E7
:100970003146EDD80120F8BD0020F8BDFEB506AF28
:100980000D4606461C6801935868029002988442FE
:100990000ED02C60A8346C600198046003CE2B4606
:1009A000083EFFF785FF0A46C007EFD1002000E0B0
:1009B0000120114603B0F0BDF0B503AFFFB09CB00D
:1009C0004122930059AAD3180593436909930369F7
:1009D0000893C368049383691093521C039255AA29
:1009E000D21C02928268079202680B680A914968D9
:1009F0000B91019040682030069000921E460B98A3
:100A0000834200D181E031460C310A980D9101609A
:100A10001068401E1060079D29688A1C0698494B83
:100A200012F03CF913F01EFC014611AC204616F002
:100A300011FD0C9630460ECC0EC02868801C286034
:100A40000898056809980668754366D0002E67D037
:100A5000049C2088109908180E903B4814F06EFEF4
:100A6000208816F045FE0E9C204629461CF031F8E1
:100A70000F904543641B204631461CF02AF805467A
:100A8000324988476E43A01B0E90304CA0470F9808
:100A9000A04714F043FF11A90C2202981CF070FF2C
:100AA00059AC012020700598294E066055A90F22E7
:100AB00003981CF065FF0F98A0740E98607425745D
:100AC00024480068C0052ED13068002830D10023AA
:100AD000D8433060311D14AC59AA204600F0D8FD2F
:100AE0003068401C30602078132802D01C4814F075
:100AF00030FE1099491C019810918161009A10688C
:100B000000280D9B0C9E00D078E70B98301A411EF0
:100B10008841FE1F053EB546F0BD134814F048FD60
:100B2000104814F045FD0C4814F013FE14F038FE84
:100B30000A4814F003FE13F055FB14F0EFFE14F016
:100B40002FFEC04640FC0110680000002557011030
:100B5000703A002004ED00E0B2000000A3000000A5
:100B6000C4000000C0FA0110B0FA0110F0B503AFE4
:100B700085B00446407A0394784400794000874465
:100B800002B1BA432900606820600146FE31227A32
:100B90007A44127952009744026D56675000022041
:100BA00008712068FE21002545542068FF21455426
:100BB00004312068455424689C2001902058C600C8
:100BC0005C34002E67D003CC0969083C8847083E96
:100BD0000834F6E7207CC00700D086E020680121B9
:100BE0002174812149000022425424689C2020580D
:100BF000C5005C34002D70D003CCCA680021083CCD
:100C00009047083D0834F5E7207CC00770D1206884
:100C100001252574812149000222425424689C2028
:100C20002058C6005C34002E57D003CCCA68294631
:100C3000083C9047083E0834F5E700210246A03200
:100C4000E2602161CBE70020087024689C202058D6
:100C5000C5005C34002D40D003CCCA690021083C9B
:100C60009047083D0834F5E700210246A032E260D3
:100C70002161CDE701250D7024689C202058C60015
:100C80005C34002E29D003CCCA692946083C904721
:100C9000083E0834F5E703980168886D4831400044
:100CA000081802900298814217D000200491087021
:100CB0000398046801982058C6005C34002E08D0C0
:100CC00003CC4B6A00222946083C9847083E08346A
:100CD000F4E76D1C0499891CE4E70120039948722C
:100CE00005B0F0BD064814F077FC034814F074FC1E
:100CF000024814F071FCFEDE400B0210300B0210B3
:100D00003CF0011080B500AF002080BD80B500AF81
:100D1000002080BD80B500AF80BDD4D4FEB506AF45
:100D2000044606463436407C0D46C0467844007979
:100D3000400087440225303D5400E168A1606068AE
:100D40000A2820D223688988092808D10022227421
:100D5000002911D12C4837212C4A13F01BFF029394
:100D6000002915D0019000911CF0A6FF4A424A418B
:100D7000019822740099029B6361A061E1610BE01C
:100D80001E4814F029FC1E4814F0E3FC14F008FD82
:100D90001C4814F017FCFEDE2046143013F082FDD0
:100DA000002812D000223273A26822626062A1621F
:100DB000204620302946FFF771FBC0B20228EBD055
:100DC000032817D10321084615E0207C012810D103
:100DD000002001213070A2686261A161E0612046BB
:100DE00014302946FFF75AFBC0B2032802D1042170
:100DF00001E0022001216174FEBDC0466CF20110C9
:100E0000A90000004CF20110380902105CF2011038
:100E1000F0B503AF9DB015460E4604468720085C2A
:100E2000196807911193596810913246E8320128E8
:100E3000149219D1106818AA002151711171D17042
:100E400003239370517010700B210623304615F068
:100E5000BBF97169B069401F884200D35AE131691A
:100E60000A5C521C0A54149A06951368082B00D386
:100E700029E158003018D821002545521168491C35
:100E80001160994200D828E1D921425C521C425499
:100E90003068012800D024E10594716970688842A7
:100EA00000D323E15B21890071181291B968089180
:100EB00031690A5C521C0A540124B069001DB460F7
:100EC000F06018AA95715571157103200E90D070BD
:100ED00095705570049313700421072313933046C3
:100EE0000C9115F071F91098010A18AA03919171EB
:100EF000507122201071D47095700B945470102092
:100F0000107021213046139B15F05EF90996324688
:100F1000EF323F20C44320463F3011998B7C0D9324
:100F2000098A13912346002B00D1EEE0401CD11812
:100F300040254E5D1B1D1499C91840310028F2D080
:100F4000F607F0D1139E412E00D3D2E032463F3255
:100F5000C0231340129A16880F931496F3189EB26A
:100F60000A960B9E36030B960A9AB24200D9C9E044
:100F7000129A1380139E0E80FF2204320A924A8036
:100F8000431E0F2B00D394E0324615A90E9E0E721D
:100F90000D9ECE718A800F9A4A80149A0A8080260C
:100FA00030438871D800694A80180B239A06029250
:100FB000149B9A188260091D099E304615F058F955
:100FC000089800283FD02520C00031183F34002D5C
:100FD00000D1A5E0641C2D1F081DCA79002C014614
:100FE000F5D0D1070146F2D1129D29880F9A1491AC
:100FF0008A1893B20B998B4200D98EE02A80139AFB
:1010000002800A994180601E0F2857D2134618AA01
:101010000E9911720D9DD571947193800F9B538021
:1010200014991180029B0B43C00048490818C36003
:10103000111D304615F01CF919981390189814904A
:101040000E980C90FFE73246503207CA33464833B9
:1010500015F0B4F9069903984877109D0D773D482F
:1010600088613D48C8820920487504980875304653
:101070000E462036119A9368D268079C70C10B60A7
:101080004A60364A0C3900F097F8139A100C05990B
:101090000882CA81149A100C88814A810C9888743D
:1010A00015A80C460CC80CC44E61008820801DB0E9
:1010B000F0BD24481D21244A14F088F921481D213F
:1010C000234A14F083F91B4814F038FB082014F06D
:1010D00029FB14F023FC14F063FB174A184614F0A4
:1010E0007BF9164814F035FB14F05AFB144A14F03F
:1010F00073F91F4814F022FB304616F0F9FA14F089
:101100000DFC02E0164814F024FB1A4800901A481F
:10111000182109E0064A14F05FF9114814F019FB90
:1011200010480090104819211CAA104B14F026FA00
:10113000E0F20110AE000000F0F20110B00000007B
:10114000E8100210C10A0210E00A0210000010505C
:10115000F00A02100100012221100000ACF201107F
:101160007000000044F3011028F30110540902102C
:101170007100000018F3011000F3011080B500AFFA
:1011800080BD80B500AF0021016080BD80B500AF9B
:10119000002080BD80B500AF002080BD80B500AFCD
:1011A000022080BD80B500AF80BD80B500AF80BD9E
:1011B00080B500AF80BDD4D4D0B502AFD423C3581E
:1011C000082B0AD2DB00C318D4309424195194336D
:1011D0005A600168491C0160D0BD054814F0AEFAA0
:1011E000082014F09FFA14F099FB14F0D9FAC046C5
:1011F000AD000000B0B502AF0D460446803000F0EF
:101200009FFBC00706D18022204629461CF0B8FB70
:101210002046B0BD02487921024A13F0BBFCC0460B
:1012200054F3011090F30110D0B502AF044600F062
:1012300087FBC00701D1601CD0BD02487921024A5A
:1012400013F0A8FC54F3011090F30110B0B502AFF5
:101250000D460446103000F073FBC00706D1102283
:10126000204629461CF08CFB2046B0BD024879215F
:10127000024A13F08FFCC04654F3011090F30110A2
:10128000B0B502AF0D460446243000F059FBC0074C
:1012900006D12422204629461CF072FB2046B0BD10
:1012A00002487921024A13F075FCC04654F301103C
:1012B00090F30110F0B503AFCBB00446007BC0073C
:1012C00056D16568A1680020A9424DD3012253057B
:1012D000994249D8084628430005104644D10D20BC
:1012E00000070068002801D002203DE0481B029062
:1012F00014F066FCC0B2039000200C280BD005212E
:10130000090782015118401C0A68520FF5D1CA68BA
:10131000D201F2D5F8E7184801680029FCD101266E
:1013200031020191009605A804901CF08AFA14205D
:10133000008818210A88114990470346310704980C
:10134000019A984745A80190002600993246049BCF
:1013500014F0E0FC284602993246019B1CF0DEFCAA
:10136000039814F091FC0420012121734BB0F0BDCF
:10137000034814F031F9C04618000014433400004B
:10138000A0F30110F0B503AFD1B00546007CC00753
:1013900000D063E1AA680126710500208A4200D9C5
:1013A00020E1EB68891A8B4200D91BE11946FF3115
:1013B000FF20069081430E91C91A8A42144600D339
:1013C0000C460D916968089131020D2000071094B8
:1013D000002C09960B900F910792059334D011AE13
:1013E000FF2230460C460C921CF07AFA0D98211A16
:1013F000109C0A199B4B30460E4611F069FC9A4A24
:101400000092089A234615F093F90B98006800287B
:1014100000D0E5E004950598801B0D90099804061E
:1014200045070520060714F0CBFBC0B20A90002048
:101430000C2810D081017118401C0A68AA42F7D20A
:10144000CA682242F4D0F8E789491140FF2A1046C1
:101450000E9318D89DE0854801680029FCD111A998
:101460000D980F9A14F096FC0A9814F00DFC079A48
:10147000109BD01A01460C9CA1431943FF28049DE0
:10148000099E00D885E0029004957507681E089CA7
:10149000844209D991420B9800D9D6E0006800280F
:1014A0004ED00220049D9DE091420F9B00D9D0E0D8
:1014B000109822180391081A6E4901400D913606C2
:1014C000052004070699C8430A900D9800285DD0AE
:1014D00011A8114610921A461CF052FA0B98006897
:1014E00000282AD10D980A9940180D900F9810994C
:1014F0000918109114F064FBC0B20C9000205B4BF3
:101500000C2809D081016118401C0A68AA42F7D250
:10151000CA683242F4D0F8E718680028FCD111A953
:101520000E980F9A14F036FC0C9814F0ADFB0F9B3C
:101530000E98C0180E90109AC7E70220049D50E044
:10154000109822180D920391081A10903406052065
:10155000060714F035FBC0B20C9000200C2809D00F
:1015600081017118401C0A68AA42F7D2CA68224257
:10157000F4D0F8E73D4801680029FCD10E980D9998
:10158000109A14F007FC0C9814F07EFB099E02AD33
:1015900023CD0391C4B20420002C23D00E9011A8B7
:1015A00010900F9E3146069A1CF09AF9334B204654
:1015B00010993246FEF7F4FF04460E46304B03986E
:1015C0000899079AFFF768F902460B462D480090E4
:1015D0002046314615F0ACF80B980068002804D07E
:1015E0000220099E2E7451B0F0BD0495059807990C
:1015F0000818FF3006998843C9434018109009988D
:10160000040646070520050714F0DAFAC0B20D906B
:1016100000200C2809D081016918401C0A68B242D8
:10162000F7D2CA682242F4D0F8E7104801680029CE
:10163000FCD111A910980F9A14F0ACFB0D9814F07E
:1016400023FB049D099E0E98CCE70F4B109813F0D6
:101650007DFE094B1098079A13F078FE0B4813F0A3
:10166000BBFFC0467CEF01108CEF01101800001486
:1016700000FF3F0000FFFF7F9CEF0110BCEF011057
:10168000CCEF0110DCEF0110ACEF0110B0F3011052
:10169000F8B504AF0D460446212040010E18307AFB
:1016A000002813D01678132E25D0511C002B07D0FC
:1016B0001868009106C80835284614F018FC0099EF
:1016C000601CFF2204321CF05BF918E0412083000B
:1016D000706858432818103011461A461CF0B0FAAA
:1016E0007068401C042800D100207060316881427D
:1016F00001D101203072284614F0EEFB132626702B
:10170000F8BDB0B502AF1946154604467D20C200AB
:10171000002328461CF039F9024620460B4614F0F7
:1017200059FCB0BDF0B503AF87B004910446292041
:10173000C100605C2246303200280592039111D02E
:10174000032846D120461030029010787844007962
:1017500040008744024144211F002546103529CD11
:10176000E2690BE00020107029CC22680C3C214675
:10177000103129C1E2612146103102912146203108
:101780002DC1A90701D001252AE0990706D0002222
:10179000A26330E015794CE015790DE041780078CE
:1017A000AD080095FEF7E4FF0D46059A9171012101
:1017B0000140517164D115712846049913F0A0F8C5
:1017C000002801D0032013E02046343010F0AEFF93
:1017D00054E0374813F000FF344813F0FDFEFEDEFE
:1017E000012005990870029811F028F801204EE0B8
:1017F0000599087049E0954240D92346483323644F
:10180000A81A0121FF2800D90802E0638508656451
:10181000206A666A0691417800780095B218FEF752
:10182000A7FF0D46059A917106990840507127D17E
:1018300015712846049913F063F800282DD120462D
:10184000343010F073FF2246383207CA0692666CB5
:10185000A26AE36A174D00950918FEF70FFEB20061
:10186000E36B93421BD8144A0092069A14F060FF6F
:10187000A06BE16B4218A263E56ABCE70425AFE701
:1018800001201070E8B20528ADD105250320039989
:1018900061180870284607B0F0BD0420A8E70020B2
:1018A000064C1946234613F051FDC046FCEF0110CB
:1018B000C0F301100CF001102CF001101CF001100D
:1018C00080B500AF06C801234B400838134304D14C
:1018D0000021022202604160FEDE024813F039FF5F
:1018E00013F05EFF9B00000080B500AF0178012976
:1018F00007D100214170017802220270012902D132
:1019000080BD034800E0034813F023FF13F048FFB5
:101910009B0000009A00000080B500AF06C80323BA
:101920004B400838134304D1002104220260416077
:1019300080BD024813F00DFF13F032FF9B00000042
:10194000B0B502AF054614F03BF9C0B22C78002CBC
:1019500001D10121297014F097F9601E84412046BD
:10196000B0BDD4D4FEB506AF064900910190002168
:101970000491694603910291283002A900F07AF897
:1019800006B080BD4410021080B500AF024A0023AB
:101990008354024A815080BDA2170000D416000073
:1019A00080B500AF044600252848854244D0284829
:1019B000461914F005F93246B669002E01D03146B9
:1019C00000E003219161C0B214F05EF91F482D18A8
:1019D000002EEAD11E4840191E4945181E4868626B
:1019E000284628302146FFF7CFFF2C6214F0E8F894
:1019F00021682560E961C0B2002900D140BF14F020
:101A000043F914F0DDF8256800212160C0B214F01C
:101A10003BF9002D0ED014F0D3F8A96902229143AE
:101A2000A961EE69C0B214F02FF9696A28468847A7
:101A30003546EEE720BFE4E7084813F07FFE12F0DA
:101A40004DFB13F06BFF13F0ABFEC0469834000063
:101A50004001002068CBFFFF6519001099000000CD
:101A6000E0B502AF00200090C04301906846FFF748
:101A700097FFD4D4F0B503AFCD4EB544CD4A6A44F8
:101A80003D92CD4A6A448092CC4A6A443492CC4A10
:101A90006A44399289910446CA4820186290CA481B
:101AA00020186390C94820186490C9482018659090
:101AB000C84820186690C84820186790C748201862
:101AC0006890C74820187B90C64820187A90C6486E
:101AD00020181990C54820181890C54820181A9049
:101AE000C44820187C90C44820181690C348201879
:101AF0001790C34820184390C24820181B90C24832
:101B000020188790C14820189490C14820189190BF
:101B1000C04820189090C04820188E90BF482018C8
:101B20008C90BF4820182D90BE4820181490BE48B5
:101B300020183190BD4820183A90BD4820186D906B
:101B4000BC4820183590BC4820183F90BB4820184E
:101B50003E90BB4820187D90BA4820182C90BA4877
:101B600020182190B94820182E90FD482018329056
:101B7000FC4820182B90FC4820182090FB48201887
:101B80006B90FB4820183C90FA4820187090FA4857
:101B900020186F90F94820187E90F94820181F905F
:101BA000F84820186A90FB4820186990FA482018D5
:101BB0003690FA4820183B90F94820188290F9484E
:101BC00020187490F84820183790F848201823906F
:101BD000F74820182490F74820183090F64820182D
:101BE0002290F64820182590F54820183390F548A3
:101BF00020182A90F44820188190FB4820188690DD
:101C0000FA4820189290FA4820187690F94820183F
:101C10003890F94820188390F84820186E90B72023
:101C200095904000644D6D44281829900926700154
:101C3000939020184B905123980020184D902D22FE
:101C4000D00020184E906320810061184F911B2115
:101C50006C910901611850917521890061185191A9
:101C60003F21C90061185291872189006118539161
:101C70001396B10161185491992189006118559109
:101C80008493D90061185691AB218D918900611818
:101C900057918892110161185891BD218B00E3186A
:101CA0005A93C300E3185B93CF239B00E318599327
:101CB0009323DB00E3185C9327224A925301E31835
:101CC0005D93A523DB00E3185E9357231B01E31804
:101CD0005F93959AD200A218609203221D9252023D
:101CE000A2186192C9227192D200A6188B22120109
:101CF000A2184292912241925201A21815925F229B
:101D00009201A2187592C5225301E31877936923B3
:101D10007F939B01E3188F93D3235B01E3188B938D
:101D20003523DB01E3187993D5235B01E318729324
:101D300037234C93DB01E3189201A2187892C0017B
:101D400020187390C722900120181C904801201879
:101D5000859080781849694478312F9129465C3103
:101D6000279129467C312691D4352895A11C449190
:101D700021462631459121464831469121466C3114
:101D800047912146903148912146B43149912546E9
:101D9000D8358A94FC341E924000C046784480882E
:101DA0004000874455009B0AE922CE00B800C04697
:101DB0007CCFFFFF68300000601D0000380A000083
:101DC00040090000BC040000040500004C050000B0
:101DD00094050000DC050000240600006C060000ED
:101DE000880A0000980B0000F8110000A8140000F9
:101DF000D414000024150000A4150000D016000023
:101E00005817000038180000F018000010190000E2
:101E100030190000501900007019000090190000DE
:101E2000B0190000EC190000441B0000841C0000E5
:101E3000A41C0000C41C0000881D0000A81D000098
:101E4000C81D0000E81D0000081E0000B01E0000B4
:101E50000E950F941096119300248598048013F02A
:101E6000AFFE674A5179012901D101F03AFAC0B2B7
:101E70000126567113F008FF624963480860634DFC
:101E8000AC64E8689596B043E86068690128FCD1C5
:101E90002868032290432860A8680128FCD10D928D
:101EA0001003086013F004FF59485A4941608160EB
:101EB0008D99090101615849016058480168F02273
:101EC0000A40B02A07D00168B0220A4340218A4361
:101ED00002604199416052485249C16052490160D3
:101EE00041680029FCD5514E889870600A201AF08C
:101EF000DDFD3246959830607D20B0600C20419029
:101F000070604B4E30461168002900D594E0401CAB
:101F1000F9D34848B0E00620819908588B1D5968CC
:101F200000240222121A7C9422468A4101D200F037
:101F30001AFD8893084301D100F0A5FD929B02F0A1
:101F400043FF1193879B187D859C1C3419461431DF
:101F50007A910DA1949D8F9E4000085A40008744BD
:101F6000D01E0000F01E0000101F0000E82200003C
:101F7000A02700001028000032280000A028000040
:101F800014290000D02A00003500C6090B222305C1
:101F90000505C046882B0000B82B0000642C00000B
:101FA000842C0000A42C0000382E0000582E0000C5
:101FB000782E0000282F00004C2F0000702F00000A
:101FC000942F0000B42F00008A30000058688890D9
:101FD00098686690D96818694390987D9590587D67
:101FE0007B9000F0F5FBC046AE300000D030000022
:101FF000F03000001431000060310000A03100001A
:10200000C83F002000C00040BFCDFB003080004032
:102010000000064000009696A5BFFA00004006406A
:102020000040024070170000A0BAFA000080024091
:10203000C0BDF0FF9D00000031200B904003D06038
:102040005068082112918843506064201AF02EFDD8
:10205000F249889848600A200C901AF027FDEF4A50
:102060009598106078209060419850601068002822
:102070000AD4761CFAD3EA4813F060FB13F03EFE54
:1020800013F04CFC13F08CFB65200003D06050680B
:1020900012998843506064201AF008FD02200490D1
:1020A0002860A8680428FCD1939B203B6B60959A1C
:1020B000500206900C30DB490860EC60686901282A
:1020C000FCD1EA6068690228FCD12B61D602AE61BE
:1020D000AB626E6205936B632E6390040390286479
:1020E000EE63D14813F0E4FDE54313F069FDCF49F9
:1020F0008D63CD63C0B213F0C7FDCD48959D0560DB
:10210000CC480560CC4806600B200A9013F0DEFD39
:10211000CA48C01CCA490860C64806606E03C64863
:1021200006600D20099013F0D1FDC24A1660C54823
:102130002021016040911160C3489C2C03D00021F4
:102140000151241DF9E7C1494022959C002A03D082
:10215000002308C1521EF9E70921079141674199FF
:1021600081670464B1480C3013F0DAFE6404002087
:10217000402807D0B64969440C520918220C4A80FD
:10218000001DF5E70020402807D0B24969440C52F1
:102190000918220C4A80001DF5E7AF488A9D2818CF
:1021A000AB496944402632461BF0EAFBAB4828188D
:1021B000A8496944029632461BF0E2FB0D98C00123
:1021C00043990880A3486844A54A129B002B04D079
:1021D000911D01805B1E4430F8E7112012904201EE
:1021E00008929B48684443909A4969441BF028FD33
:1021F00000269C487B998860CE609B487A9D6861E8
:102200002E747F9800018A9908180D904399089AB6
:102210001BF0E5FB95489649AE61964A429B41C347
:1022200019605E609A60DE607B98067092488A99B9
:1022300008189599090208911BF0AFFA8F48904948
:10224000904A914B2B606A60A960E8608F490298C0
:1022500088648F4905220A618E4B039919618B4965
:102260008D6C44217B910D4308214291C9437A91A1
:102270000D4086498D64C86485498A619599CD046D
:102280001D618249CD6C7B990D437A990D407F4940
:10229000CD6408657E4D2A62959D2D0543951D618F
:1022A0000D6D7B990D437A990D4078490D65486510
:1022B00077498A6295994D051D6174494D6D7B99E9
:1022C0000D437A990D4071494D65C86372498A671B
:1022D0009599CD031D616D49CD6B7B990D437A991D
:1022E0000D406A49CD6308606B490A60959D1D6089
:1022F000DD60664D68608A6004991960D960A860E5
:1023000065490A61042119600491D960E860624955
:102310008A6142991960D96028615F490A62102177
:1023200019607A91D96068615B498A624099196045
:10233000D960A86158490A631860D860E8618A6367
:1023400080211960D960286253490A64059919608F
:10235000D960686250498A6406991960D960A86298
:102360004D490A65959DA9021960D960474988655C
:1023700047490A63A9051960D960444D2864444956
:102380000A602E49091D1960D96068647B92404833
:1023900082601C60DC604148FF210231859C218005
:1023A0001299A1763E4921833E493F4A3F4BA060A6
:1023B000E360226161613E488A9C20183D491C22ED
:1023C00003921BF0DDFA3C4820183C491822059284
:1023D0001BF0D6FA7C988671409981804399016000
:1023E000462E07D01B48684480190E211BF032FB93
:1023F0000E36F5E732488A990C1816496944462288
:1024000020461BF0BDFA0020154DA8285AD0691CA3
:102410000F4A6A4411520C30F7E7C04600C0024030
:102420009E0000002C800540FFFFFF01C83F0020F8
:102430003840054000E100E080E100E0FCFF0000E2
:102440000404005080E200E0000011500000105031
:10245000580A0000601D0000D81600001817000080
:102460006F08000040420F001400140050C3000029
:10247000C0D40100FA80FAC0980A000003281404AE
:1024800006033201640050006400140004C00140DF
:1024900084400140180000D004400140121314157C
:1024A000161000000708090A030405060F000102C0
:1024B0000815000008F40110F01400007CF501106C
:1024C0005A170000E94868444394E9496944029175
:1024D000A8260446069032461BF0B2FBA8342046DC
:1024E000029932461BF0ACFB4C20449A5080E14EDE
:1024F00016801E21D18196811F2151831683459814
:102500004099418006802121C18186812221418319
:1025100006832521469A9183568324211182D681F0
:1025200023219180568088994798818346834A99D0
:102530000182C681262181804680A91C8A9B198040
:1025400099811983998419869987118391811180C2
:102550000183818101802B224898828346832A222D
:102560000282C6812E22828046801422499DAA8042
:102570006E801A222A82EE81429AAA836E831522E5
:102580000E9CA280668017232382E681039BA3838F
:1025900066830183818101802983A9812980218328
:1025A000A181218012230F9CA383668341982082FE
:1025B000E6810598A08066802183A18121804B9CC3
:1025C0002183A181218066833023A383E6812F2389
:1025D000238266801323A3804D9C0498A083668386
:1025E00039232382E6810B98A08066802183A18114
:1025F00021804E9C0798A083668307232382E6816F
:102600001623A38066802183A18121804F9B099896
:1026100098835E830A981882DE810C9898805E8089
:102620001983998119803323509CA38366830F23D8
:102630002382E6810E23A38066802183A1812180ED
:102640002823519C2382E6813423A3806680E04DB9
:102650002583A18121806C9B529CA38366831D23CB
:102660002382E681E123A38066802183A1812180EA
:10267000539C7B98A083668319232382E6810623DB
:10268000A38066802183A18121803623549CA3836B
:1026900066837A982082E6811298A08066802183E2
:1026A000A1812180E523559CA3836683382323825F
:1026B000E6814C9BA38066802183A1812180E02359
:1026C000569CA38366832183A58125802C23579C58
:1026D000A3836683E2232382E681E323A3806680CB
:1026E0002183A18121805223589CA3836683502398
:1026F0002382E6819598A080ED4B63802183A181A0
:1027000021804F235A9C2382E681849BA38066808C
:102710002583A18121805B98058385810580599857
:1027200005807F98C0008A9C2018120106991BF032
:1027300087FA681C5C9908838881088062990883FD
:10274000888108805D99088388810880639908835F
:10275000888108805E9908838D8108806499088348
:10276000888108805F99088388810880659908833B
:102770008881088060990D83888108806699088324
:1027800088810D8061990883888108806799088312
:102790008881088010990D838D8108806898058351
:1027A00085810580879B959E9E7508989882224614
:1027B0005C607C9D9D600D99D96043981861859CF3
:1027C0001C34184614307A9066957B9688928F9EBA
:1027D000759A116043985060679488982060959D21
:1027E00035767B9AF2750022B275B24A7060B2609B
:1027F0006698F06031611C4618346594344616348E
:1028000068942C46054674757B9830758898986155
:10281000DA619498056041602E79012E01D800F0AC
:102820005AFD28689590A44812F088FF01208890EE
:10283000C002A24CA047B000A047287913F0DEFDEB
:102840002868A04713F06AF8959C002C14D09C4887
:10285000C01C0442949D8F9E01D000F045FD286865
:102860000079000300198A990FE0C046601D00003E
:10287000580A00006208000088984005949D296865
:1028800009790903441A8A998F9EAC60E860B08A7E
:102890003080719840010818092149011AF07DFF24
:1028A0008A9B224600207D99087228460830F061F4
:1028B00008310C461C3695968B9E416832607160DB
:1028C00001460831799A1161939951610021729DF5
:1028D000697478497B4A9A182523DB00C018686020
:1028E000AA60E960254689980268774C6C442046C6
:1028F000314603F075FF24780C2C03D10320287097
:1029000000F042FD3046714E6E44366810F037F9E3
:102910000120287095980FF0D7FF062C949D06D1C2
:10292000F00704D028684179012900D0E4E0684824
:1029300012F00FFFA868E9688F9E959A1660002232
:102940008B9B1A7603C3679C35461C355E486844EA
:10295000294605F009FF5C48684400680C2845D109
:10296000042000F011FD012602F0FBFE184618308D
:102970008B909198C11C8F91C078400078448088DA
:10298000400087440900C704F91CED02C602270372
:1029900015033903DA02EF106969A869EA69DB698E
:1029A00088938B9C00F0A5FE183365933046163053
:1029B0006890B07D4000C0467844808840008744DD
:1029C0000A00A604DB1CB80109009C01AE03C90182
:1029D0006F080000B8E7679470688890B268F5687F
:1029E0003169347EF07D7B90879B0CE767940020F3
:1029F0003F9E307094980446083495952C6040684A
:102A0000879A9169D2698B9B06C31860083BDC608A
:102A100019615A619861012079990871D748086055
:102A20000620187725686168889114F0A5FF70600A
:102A3000B5608898F060204608303E998860939889
:102A4000C86000207D9D68748B981C30311DCC4A75
:102A50008A9B9A182523DB00E3182B606A60A96023
:102A6000E86089980268344608341748684421466B
:102A700003F0E8FF1448684400680C2800D091E097
:102A8000032001F0DBFB86980478929B81980E303E
:102A90007F9001207C9064007C44A4886400A7445B
:102AA0007F116B1C6B1C190075118001BA03C046A5
:102AB00065080000A40002105B000000255701100B
:102AC000FC0F0000D11D000048050000500500006B
:102AD00019000000869CA01C879018460C307D9041
:102AE000187B002800D1ADE203288A9901D102F0B9
:102AF00077F8A44812F070FD8079012801D000F029
:102B00004DFDA14812F025FE8799C8690068959E81
:102B100030602C46083400203A9B18716868896937
:102B20008B9A146051609660D0601B1D889314616D
:102B300051619661D0610025799E357275600720DC
:102B400030702168959161687B9114F015FF3A9A75
:102B500090609598D0607B981061204608306D9900
:102B6000C86093980861359B5D75104608308749A9
:102B70008A9A51182522D200A2185A609960D8600A
:102B80001E61899802683A9C0C3481486844214649
:102B900003F058FF7E48684400680C2849D17A9AAF
:102BA0001D98C9E3F64D6D442D68F44E6E443668A9
:102BB00020460FF0F9FF0B2E00D086E2002088900F
:102BC000119D28726860072028708B99CC68216855
:102BD0007B916168669114F0CFFE3F9E70607B9898
:102BE000B0606698F060204608303E9988609398FF
:102BF000C8607D9B88985874301D61498A9A511825
:102C00002522D200A2181A6059609860DD60899868
:102C1000026834460834DE486844214603F012FF57
:102C2000DB48684400680C2800D0FBE0042001F079
:102C300005FBD74D6D442D6820460FF0B5FF0B2DD9
:102C400000D023E2112040018B99C9690A189368CA
:102C500095930858799001208302C8586490D24C0B
:102C60000D5B0C1960881669119CA660D668729677
:102C700052687192C9184968A082658208207B90C9
:102C800020717D22D5000026669664982A46334638
:102C90001BF024F82082799871992A4633461BF05C
:102CA0001DF8E081959872992A4633461BF016F874
:102CB000A0818B9805692E68686895907B9814F0C0
:102CC0005BFE3A9A9060D66095981061284608306D
:102CD0006D99C86093980861359E66987075201D3F
:102CE00011460831A44A8A9B9A182523DB00EB1869
:102CF0007360B260F16030618FE167943F98007853
:102D00001C36959603A18B9B3F9E4000085A4000BD
:102D10008744C0460A000903321B09000800ED0081
:102D20006A0AA00A73E79CE606CB1868959C24689B
:102D30006CE667941C367D9805460835007A0028B5
:102D4000959600D179E103288B9E00D1CBE5974879
:102D500012F042FC67943A98011D889100798A9E8E
:102D60004000C04678448088400087441400D9025F
:102D7000051B130056013F09B609C0462CD1E68C4D
:102D8000891D0000ECEE011048000000891C0000C5
:102D900048050000F5E68B9A146851689668D0687B
:102DA000C5E6022086990D589398DF30FA490968E4
:102DB000014200D09EE22868002800D09DE24D200C
:102DC00080002E180021C8432C4601C4307A012807
:102DD00004D128460C3013F07FF8317A05CE083E36
:102DE00090427C9A00D10A46D10710D0294614316E
:102DF000431C00229593102B134600D0959B336003
:102E0000327212224243885C082800D0F3E189988C
:102E1000006806C8204613F06AF82868401C28603D
:102E2000052055E25F4D6D442D68594E6E4436685D
:102E300020460FF0B9FE0B2E00D046E111204001D4
:102E40008B9989690A1893688893085866900120BD
:102E50008302C8586190544C0D5B0C196088166948
:102E60003A9C6660D668649652686392C91849684D
:102E70002082E58108207B9020707D22D6000025ED
:102E80006295619832462B461AF028FFA081669819
:102E9000639932462B461AF021FF60818898649925
:102EA00032462B461AF01AFF20818B98C5682E688F
:102EB000686888907B9814F05FFD3F9948608E6049
:102EC0000E468898C860284608303E9988609398D6
:102ED000C8607D9B62985874301DB5498A9A511814
:102EE0002522D200AA181A6059609860DC6089987F
:102EF00002683446083426486844214603F0A2FD9F
:102F00002348684400680C2800D0C8E0052001F080
:102F100095F9919A101D88906D9801460C317F911A
:102F2000007B002801D100F01DFD03288A9D01D1FE
:102F300000F034FD9F4812F04FFB35990879919AC3
:102F4000134608337F93091D8891002800D17DE046
:102F500003288A9901D101F0A5FD974812F03CFBA6
:102F6000919B08339098007806A18E9D7293400043
:102F7000085A40008744C046891C000048050000EC
:102F80004C0500000E00D101001A0001E900C04606
:102F900048050000919B9E68D9681A69909800F0D6
:102FA00003FCC0464C0500001C050000D4010210C3
:102FB00035990879919C22460832091D002888928B
:102FC0007F9147D003288A9901D101F02FFC7B48DB
:102FD00012F002FB919A101D95906D99087D1431A5
:102FE0006D9100288E9D39D003288A9A01D100F076
:102FF00094FD734812F0F0FA919A101D889035985C
:103000000078002801D101F07EFC03288A9901D1C3
:1030100001F0B2FC6B4812F0DFFA899802683A9C22
:103020000C3469486844214603F00CFD6648684446
:1030300000680C2817D1042088E12C46306802680B
:103040008A9B39E41A20205801F0A6FD9168D068C7
:1030500001F0EFFCA168E06800F0E5FD9168D06840
:10306000939B00F042FD584D6D442D6820460FF0B3
:103070009BFD0B2D0AD100208B9E71697F9C220144
:103080008A183A9DA960EA60286161E18B9E01205F
:10309000889908700C2D00D07DE2072074E14B4D1B
:1030A0006D442D68484E6E44366820460FF07CFD16
:1030B0000B2E0AD100208B9D29697F9C22018A1842
:1030C0003F9E7160B260F06060E13F486844066016
:1030D0003E48684405603C4868440AF057FC8F9EAF
:1030E00001203F990870959C20460FF0ABFC949905
:1030F0008868C9682060719840018A9A10188B9A74
:10310000D0611160324879994E618C61C8619398A1
:1031100008600020729948712E480860679C679487
:103120002D488A990C1889980268274868442146D6
:1031300003F088FC2448684400680C2801D106206C
:1031400022E120460FF030FD28E29098011D799190
:1031500001461C317B91007F4000C0467844808846
:10316000400087440400E30009194B01C00A909B0A
:103170005A689868D96835E19098001D75908C98C8
:10318000014615319591407D119A04A18C9C400017
:10319000085A40008744C04604ED00E02200CD00FC
:1031A000F01841036105A605C90509065406AA06DB
:1031B000891D0000F401021090000210700002103E
:1031C000BC00021060000210480500004C05000021
:1031D000A4000210240202105C1A000021468E98FE
:1031E000426880687B90E4680B699098466888968E
:1031F00085687D95F8E28698801C2968491C2960BD
:10320000F5490160F5488A9A1018F54951183CC8EB
:103210003CC10088088086998B7908228A71082B26
:1032200072D002200D589399DF31FC4800680842A3
:103230008A995FD19593286800285ED1FA480B18C7
:103240004D2080002E180024E043294601C1307A29
:10325000002894930FD08998006806C828460C303F
:103260001C4612F044FEFA486844112221461AF026
:1032700087FB95991BE091919392706812214143CD
:103280006818959901751530112219461AF078FBC6
:103290007068401C102800D0044674603068A0425A
:1032A000919801D10121317212F016FE939928688C
:1032B000401C2860082902D1929B01F071FD86987C
:1032C0008171E3496944112294981AF059FB062050
:1032D000929B01F077FDDF4802F09BFEDE4812F082
:1032E0007BF9DE4802F095FEDD4802F092FEDD48F3
:1032F00012F072F9DC4802F08CFEDC4812F01EFA83
:1033000010F070FFFEF7BCFED94802F082FED948EB
:1033100012F062F9D84812F05FF9D84812F05CF95F
:10332000D74812F059F9D74812F056F9D64812F09A
:1033300053F9D64812F050F9889908700720689917
:10334000087003201070032002F09AFF7A9AF3E7C6
:1033500028460830FDF75FFA00296D9B09D000224E
:103360001A60E2008A182B46143307C38A9900F0CA
:1033700064FEB0690068002800D109E10021022242
:10338000A860EA602961F3E07A9AD8E7301DFDF77A
:1033900042FA002908D00022E300CB1830617161A5
:1033A000B361F2618A990EE068690068002807D06D
:1033B000002102227060B260F160959C00F0B3FEC3
:1033C000959C00F0BEFEB2480818FDF735FA0029BA
:1033D000DCD000220B46A8333E9C0BC422608A99A5
:1033E00000F01FFF1A6158619961136818320CC50B
:1033F0002860696000208C990870083D89980268EF
:10340000A4486844294605F079F8A24E6E4436680F
:10341000022E00D182E09F49694428464A8A7D9263
:103420000D8A9D496944096888919C4969440968E5
:1034300095919B4C6C4424680FF00AFA012E70D0D1
:10344000002C01D101F077F9964868447D99C1813B
:10345000858139990C60959A4A60889A8A6019F03A
:10346000DFFA042962D390988269AA427BD341692A
:1034700004208D4B2A46FDF70FFA02460B46854C79
:103480006C44204611461A4615F02CFE26780A2E6A
:103490004FD080486844817C7D91417C9591007C2F
:1034A00075907E4C6C4424687D4868440068889020
:1034B000794D6D442D6801207B99087079980FF043
:1034C00093FB012E04D00B2E9399919A3ED0EDE1FF
:1034D000759E7D987B952346959C0D2C9399919A8A
:1034E0008E9D00D9E3E1042E00D9E0E1012800D946
:1034F000DDE10246A82070437F99C9005143919AAB
:1035000092695118919A08180C216143889C445083
:103510004018939943607B9B8360C8E1032001F0CE
:1035200024F988947B997998959C0BE004240020D9
:1035300005E05A4C6C4424685948684400688890F7
:103540007B99799801220A700FF04EFB88985149B7
:10355000694408605248684404604E4868440AF070
:1035600015FA0124E8E10020504B294611F0EEFE47
:103570004F488A990818FDF73FF900296D9A07D03E
:103580006861A961E961002010608A9900F0BFFDBF
:1035900001208899087030460FF0ACF945488A9EA2
:1035A00031182520C4002A48684422461AF048FBF6
:1035B00001208F9DA875404831188A783F4B6B4495
:1035C0009A70305C49780902081818802D78022D0D
:1035D00008D103207A9AB5E6303900209C300000EB
:1035E000B430000075980830194969448890224623
:1035F0001AF026FB87980570314830182F49694426
:1036000003221AF0BDF9A7204000659A105CC01E85
:1036100004285CD802A1085C4000874404ED00E067
:103620000758130D5300C046B530000055208000E8
:1036300010180FF049F94AE05520800010180FF0DB
:10364000B3FA44E05520800010180FF0FBF93EE07B
:10365000601D0000CC00000094F50110A1000000E6
:10366000CD0000005CFA0110B2000000A3000000D1
:10367000A2000000140202100C01021080000210CF
:10368000E401021004020210A8F70110A4F60110D0
:103690009C1D000048050000540500005005000076
:1036A0004C05000040090000C8F70110B8F70110F0
:1036B0008C1C000018190000411A0000380A000094
:1036C000F11800002B20C00010180FF013F96798B4
:1036D00001680023879CA3618898E061759A05CAF8
:1036E000949D6961A861EA61919EF3701834F31C9E
:1036F0008F938B9423680AC528606A6029214A0148
:1037000081188258083D072A11D82C2353431818D2
:10371000BD4BC018BD4B072A0BD8002444628462FD
:10372000038383810380521C0A602C30F3E7082056
:103730000860A868002239990A607D924A608D214C
:10374000890042184558072D19D8959238216943A8
:1037500008180121490244183834072D11D8AC4EFD
:103760006E44AC496944304610F0BAFD3822204618
:1037700031461AF005F96D1C95980560ECE70820B4
:103780001060889E002E60D094990A1D919B7D9CAC
:103790001C710E619098047009689E60D9601A616E
:1037A0001C46083472948E9D5E619961DA6106CE82
:1037B000889141607D928260083E324608326A609C
:1037C0002946939D8D6000238C994B75924B8A9C62
:1037D000E3182524E4003419CC600B610E4615363D
:1037E0009596061D75967B95799300260E758E9D90
:1037F000EC602B61889DC5607D9B036142617B9A73
:1038000082618D61CB613198C6600120119A9072FE
:1038100056721460799850600C461192899802682B
:1038200018347B486844214602F0DEFE784D6D4432
:103830002D68022D0CD103209599087003207A9AE7
:1038400090990870032001F0A0F9949D00F079FD93
:103850007248684400688890714E6E44366820460D
:103860000FF069F8012D31D101208E9948617D96C4
:103870008E61889ECE618C99959B00250D750124E3
:103880001C7075980FF0C0F8002D4AD03198056073
:103890007D99416086607B99C16079990161416140
:1038A000889981619599C1619399919A8E9D002023
:1038B000909B187750690830319A5A609860D960A7
:1038C0001C461C347B941C1D79948BE500208E9D36
:1038D0006861AE61889AEA61F10700D1ADE1909C20
:1038E000E068216904F076FF8C99959B28600B2293
:1038F000E261266A7D920B2ABFD100220A7531034C
:10390000909AD06812697B924118464A8A1895921B
:10391000091D88912946ED6809697D9179960646C9
:10392000ADE77D983A49694408603D4868440660BF
:10393000374868440AF02AF8949D0120909908704D
:1039400072980FF00DF900206D9B1873A868919A7A
:103950009060107929695160204390700C337F93F7
:10396000101D889051689068D06008689590164640
:103970004A6872612C4A2D4B8A9DEB182524E4007D
:103980000C198E9844618361C2610831016093997A
:10399000416000218C9841709598306165208001CC
:1039A0002C18899802681A4D6D442846214602F069
:1039B00017FF2E780C2E05D103207F990870042064
:1039C00001F0E2F812486844018A7D91C1897B9137
:1039D000808979901148684400687F90104D6D444B
:1039E0002D6820460FF0CBF80B2E959620D1084875
:1039F000684405607F980A4969440860044868443F
:103A000009F0C4FF4FE0C046240500006F08000025
:103A10004805000040090000511900005005000051
:103A20004C050000FC0F0000AC000210B11C0000AF
:103A30007F997595082E36D17D20C20072920D4671
:103A400088B200242146234619F09FFF919EF26818
:103A50004523DB00D050D018416023200001F168DD
:103A6000759A0A50280C2146729D2A46234619F061
:103A70008CFF11225201F368985098184160799890
:103A800021462A46234619F080FF01229202F3685C
:103A9000985098184160F068F1497B9A4252F0685A
:103AA000F0497D9A425201206D9E307388980EF045
:103AB00057FF939B18462038919DE860002131758F
:103AC000949C21696960959A0B3A51425141AA78B8
:103AD0000A436A708121C900A26851182A46A96068
:103AE0002C1D959414366D968E9D50611161506811
:103AF000016814464268A161E2612521C9004118AC
:103B0000E9610830A860EB6000208C9B5872D648B1
:103B1000D6498A9A511819605860D548141889985E
:103B20000268D44E6E443046214602F059FE367883
:103B30000C2E05D103206D990870052001F024F8A2
:103B4000CC496944C878CC4A6A44907048788B78EC
:103B50001B0218181080C948684400688890C84D36
:103B60006D442D680C31C7486844F8221AF068F893
:103B700020460FF004F80B2E0BD1BE4868440560B8
:103B80008898BF4969440860BA48684409F0FEFE55
:103B90002DE02846889D002E29D1B64C6C44014664
:103BA000E070B548684400682080E571080EA07197
:103BB000080C6071080A2071AF4868448078A070D2
:103BC000280EA072280C6072280A207220460B3042
:103BD000AC496944F52219F0D3FE91990869496905
:103BE000A94A0092939B203B224612F0A1FD01209E
:103BF0006D99087095980EF0ECFF002035990871CA
:103C0000949DA8682A699592919CA260E0600B3E01
:103C100072427241637813432371091D7F912146DB
:103C2000083188919599002311225201821821614F
:103C3000214614310DC100F0D1FD3199C860022137
:103C4000119A917250729099C86809698C9CA06110
:103C5000E161E868296903C2083A1192899802680B
:103C6000183484486844214602F0BEFC814D6D44FE
:103C70002D68022D01D10420DEE5804868440068EB
:103C800088907F4E6E44366820460EF054FE012D1B
:103C900007D101208C9988617D96CE61889E0E6245
:103CA000EAE500208C9DA861EE6131462D9E889A40
:103CB0003260C9078E9C26D0149908741546909AD4
:103CC000D1681269E36824697560B360F46031619A
:103CD0007261511A00D20146889D002D00D10D0B52
:103CE000681EB06169488A990C1889980268614811
:103CF0006844214602F0ACFB5E48684400680C282A
:103D000023D1052098E50621909BD96101212975D1
:103D100014990870E0682169A861E9610C330FCB40
:103D20000CC6306071602C46119A1546899802685D
:103D3000183450486844214602F052FF4D48684408
:103D400000680C2812D1062076E54D4D6D442D6893
:103D5000484E6E44366820460EF0DEFD0B2E00D035
:103D6000E6E028068E9D58D0002058E0444868447C
:103D7000006888903F4E6E44366820460EF010FE74
:103D80007D960B2E35D100203199C86001212A463D
:103D9000A97268729099C86809698C9CA061E161F8
:103DA0008E99C868096903C5083D1192899802680F
:103DB000183430486844214602F016FC2D4D6D44FD
:103DC0002D68022D01D1072036E52C486844006893
:103DD00088902B4E6E44366820460EF0ACFD012DC7
:103DE0000BD101208C9908607D964E60889E8E6074
:103DF00042E58C99959B889E3FE500208C9941C1B6
:103E0000889A0A60F1078E9D0BD09099C86809695D
:103E100004F0E0FC06468C9994E02D984068909C54
:103E200062E53199C8600221119EB1727072909959
:103E3000C86809698C9CA061E161E868296903C6CA
:103E40008998026818340B486844214602F0CCFB7C
:103E5000084D6D442D68022D1AD10820ECE4C046AF
:103E60001C0500001E050000A0000210B91C000087
:103E700048190000480500004C07000050050000EC
:103E80004C05000054060000CC000210B8190000D8
:103E9000EC48684400688890EB4E6E4436682046D3
:103EA0000EF049FD012D00D1F3E600208C998861C8
:103EB000CE612D9D88992960F1078E9C3DD0149983
:103EC0000874909AD1681269E3682469889E6E60CC
:103ED000AB60EC6029616A61511A00D20146889892
:103EE000002800D1080B401E2D998861D7488A9977
:103EF0000C1889980268D6486844214602F0A8FA4E
:103F0000D348684400680C2801D1139894E4CE4D3E
:103F10006D442D68CE4E6E44366820460EF0FCFC93
:103F20000B2E05D128068E9D8C9909D0002609E01C
:103F30007D968C99959B2E469FE406207D909AE471
:103F40002D984668959BD8E46D9A526895923A9A56
:103F500052697B92BE4D6D442C464CC94CC47D9C2D
:103F60007B99A171607195982071772080018A9961
:103F70000E1830460ECD0EC08B98006979900168FE
:103F8000959141687B91304609F0F0FC6D9D686128
:103F9000AF4868447290C01C1022314619F0F0FC02
:103FA00001202E462876FA488A9908181322729919
:103FB00019F0E6FC9598A0607B98E060799D284612
:103FC00008302C9988609398C8600020219C607408
:103FD00031468A9E084618301431F74AB218252314
:103FE000DB00EB1823606260A160E060F3483418E6
:103FF0008998026896486844214602F023FD944857
:10400000684400680C288B9E0AD0914D6D442D6841
:1040100020460EF0C9FD0B2D8A9904D0FFF737F822
:104020000520FFF793F9E64808180C46FCF714FC46
:10403000002989D121467F9C3A9DE2480818FCF767
:10404000FBFB002901D1FFF783F900220B46A833BF
:104050006D9C251D0BC522618A99E4E70446012069
:104060008003E2B210183269959213687B9352680C
:1040700079926D9D68603A9840697290744E6E4472
:10408000F01C182219F07CFC02202872CE488A9974
:1040900008181B22314619F073FC3598729941714A
:1040A00004713E987B9981607999C1609598083038
:1040B0007D9988609398C86000202C9C6074284685
:1040C0000830291D8A9EBC4AB2182523DB00959D25
:1040D000EB1823606260A160E060BC4834188998E6
:1040E00002685B486844214602F0ACFC58486844CA
:1040F00000680C288B9E13D0554D6D442D682046CA
:104100000EF052FD0B2D8A9901D0FEF7C0FFAD488D
:104110000818FCF7B1FB0029A0D13A9DFFF728FA57
:104120000620FFF713F9AA488A990818FCF764FBE0
:10413000002906D0002230617161B161F2618A9D6F
:10414000A4E00120307020460EF07CFCFFF726FA38
:104150003E9A1268889232697B923D4D6D442C469E
:104160004CC94CC42E997B9A8A77487788980877EF
:104170007B2080018A990C1820460ECD0EC08B98AA
:10418000C6683068889070687B90204609F0EEFB26
:104190003E9D28612E4868446690C01C102221462E
:1041A00019F0EEFB012028758A488A9C20181322FA
:1041B000669919F0E5FB3298889901607B99416016
:1041C000854820182521C90071182B9A9161D0616A
:1041D00008361660939850600020209A5072284646
:1041E000143010351560506089980268184868448A
:1041F000329C214602F026FC1548684400680C28D1
:104200008F9E19D02046104C6C442468104D6D448C
:104210002D680EF0C9FC0B2D00D084E08A998B9D8F
:104220003F9E6E4808180C46FCF716FB00298FD1FC
:1042300021467F9CFFF7C7F806203F9E307005207F
:10424000FFF7A2F8500500004C050000B819000067
:104250004805000089980268614868442E9C214600
:1042600002F0F0FB5E48684400680C288F9E66D020
:1042700020465C4C6C442468594D6D442D680EF00A
:1042800093FC0B2D4FD18A9D3F9E959C5648281834
:10429000FCF7F2FA002900D145E79594326988923B
:1042A000524B6B4463931822629204467B901846EB
:1042B00019F066FB01208003E1B208188B99CE68E3
:1042C00031686691716864913E9C206044486844FE
:1042D0006190C01C6399629A19F052FB0220207110
:1042E000434828181B22619919F04AFB7D98889948
:1042F00041707B9901702E986699016064994160C4
:10430000354828182521C9007118329A9161D06169
:10431000083616609398506000202B994872201D33
:104320000C60486096E72E48684405602D48684454
:1043300004602B48684409F029FBFEF7D1FE0720F2
:104340007BE728689190686890900024462C07D0FD
:104350002848684400190E2119F07CFB0E34F5E75B
:10436000A8688E90E8688C90FFA8E4301E2119F0B0
:1043700068FA01218F98959101702B218B98415CEF
:10438000C91E052943D88A0002A189588F46C04614
:10439000BD1C00000144001009440010B14300108E
:1043A000AD430010F9430010AD430010303024E05D
:1043B0002C300EF00EFC2AE0891C0000D01D0000FD
:1043C000AC1C00009C1C0000AD1C0000B01D0000D7
:1043D0008C1D0000BD1D0000891D0000AC1D0000EB
:1043E000480500004C0500009C1D0000400900002D
:1043F000AD1D0000000500002C300EF0A6FB06E00D
:1044000030300EF0ADFB02E02C300EF0A9FAD948A6
:104410008A9D29182520C200D7486844949219F033
:104420000FFCD64829188A78D54B6B449A70285CC3
:104430004978090208181880879C26789EA8D149D7
:104440006944462219F0FCFB96A8FFA9E4311E221C
:1044500019F096FA959820758F96022E01D1FEF7E5
:1044600072FFFFA8103087909EA946227F9219F014
:10447000E7FBFBA87D9096A91E227B9219F080FA9B
:10448000B1A88890BC496944949A19F0D9FBBC48FA
:1044900068448078B0A98B9188703498406908800E
:1044A00000267C9CA6609098E060919820618E9890
:1044B00060618C98A06155208001281887997F9AA7
:1044C00019F0BEFBB04828187D997B9A19F058FA6C
:1044D000169886700680AD48281891908899949A0D
:1044E00019F0AEFB17988F990170A948281803227C
:1044F0008B99909219F044FA08347C94502E07D08E
:104500009D48684400218151801941601036F5E7CB
:10451000A04C6C440E26002E08D0974969445022C6
:10452000204619F05CFA761E5034F4E711F072FB65
:104530008F908E9100209849891D802804D08E4A42
:104540006A4411521030F8E70020182805D093492A
:10455000694402220A54001DF7E7914800248A9E0C
:1045600034507C99189D6961AC6115990C603018C4
:10457000446084608B48301823214A01854969448E
:10458000949019F02CFA8F9828608E9868601A9D84
:1045900090982871A8702C80199895990170EC72E8
:1045A0002C818148301874496944802219F048FBF5
:1045B000AC817E48301879496944182219F0E0F935
:1045C000EC807B483018092119F044FA9598A872BC
:1045D0008C2C07D06F48684400190A2119F03AFA68
:1045E0000A34F5E7FFA858306A4969448C2219F06B
:1045F00027FB002485980480462C07D06548684432
:104600000019052119F026FA641DF5E769488A9E0C
:104610003018859D294608319591052219F0B0F989
:10462000654831186120800130180E22909219F0EF
:10463000A7F90024AC6061483018FFA958318C22DA
:1046400019F0FEFA5E48301852496944462219F0C2
:1046500097F91B98046044605A4831184D4D6D44D9
:1046600028461430822219F0EBFA574868448F909C
:1046700096222946154619F0E3FA779804604460BB
:1046800033987C99C1612A98919901604F483018FC
:104690004F4971183C2219F073F94E4830188F9920
:1046A0002A4619F0CDFA062081990C509598909AD7
:1046B0008850881D889044600C7086980470929B86
:1046C0001C615C619498986176980470FEF7DEF93D
:1046D0001CC90C39C9688E9D1CC529606860002002
:1046E0002D9908710C3D899802682C486844294628
:1046F00001F0AEFE294C6C4424680C2C34D02749C0
:10470000694428460D790EF007F90B2C13D1022DC0
:10471000909811D0034600698168426912035118CC
:104720002D4A8A18091D8161C261996958691A69FF
:104730008E9DFEF75AFE9098949D01694A69044641
:104740008868C96804F046F82169486121690A69E6
:1047500048699042BCD101207B99087079980EF08D
:1047600043FA0024FFF7E9F804207B99087004203D
:10477000FFF765F8C8170000580A0000F11800009C
:104780004C0A00000005000086150000A815000076
:10479000D1160000601D00006F08000048050000F1
:1047A000B0140000180D000078110000081200007D
:1047B000E21400004E180000AD170000AC17000016
:1047C00053180000D816000040090000B82F000060
:1047D000F0140000F42F0000FC0F000090427BD08A
:1047E000909B18604430919A5061D069411CD1610E
:1047F00003210903C0B240185860106906C8DA6086
:1048000099600838014608318E9A91619399D16177
:1048100000218C9D6976191DE64A8A9CA2182523E1
:10482000DB00C018E8602A6169612146E2480C1883
:1048300089980268E14E6E443046214601F0D0FF6F
:1048400036780C2E6DD0DE48684400689590DD4DBA
:104850006D442D68D94969440C31DB486844F8221D
:1048600019F0EEF920460EF08AF9032E10D02846F2
:10487000959D0B2E2BD1D14969440860D1486844DD
:104880000560CE48684409F081F80124949D24E035
:104890003998056095994160CC4C6C4420460830AD
:1048A000C9496944382219F06BF8C94810F046FF2D
:1048B000204614F047F811F031F89098066840252A
:1048C000304621462A4619F05BF800207053919932
:1048D00048698A69949D81E700240120359E3071E2
:1048E00088980EF032F900203070919B1879296970
:1048F0002043187029204001AA6810181A465960F0
:104900009860181D889051689068D16002C8106145
:104910000022919B9A612C224A438118919A5161FD
:1049200004E003207F99087006202DE1884266D0BC
:10493000D0612C3010619069411C916105210903FF
:10494000C0B24018909C2060D06806C8A260616028
:104950000838014608318E9A51619399916100217E
:104960008C9D69759B498A9B59182522D200801815
:10497000A860E96019462C6197480C18899802686C
:104980008E4E6E443046214601F02AFF36780C2EBA
:104990005CD08B486844006895908A4D6D442D68C2
:1049A000864969440C318D486844F82219F048F969
:1049B00020460EF0E4F8042E11D02846959D0B2ECB
:1049C000919A18D17D49694408607E486844056021
:1049D0007A48684408F0DAFF0124949D10E0919C25
:1049E000E06905609599416008307C49694424225A
:1049F00018F0C6FF224610695169949D96E700247D
:104A00000120359E307088980EF09FF8002030719C
:104A10002969919B1878204318718D208000AA681D
:104A200010181A469960D860331D889313460833CE
:104A30007F93116102C80022919BDA61919A5061C3
:104A400038224A438118919A916104E003203599F4
:104A50000870072098E0884266D0909B1860383034
:104A60005061D069411CD16107210903C0B24018CF
:104A70005860106906C8DA60996008380146083144
:104A80008E9A91619399D16100218C9D6976191D4F
:104A9000484A8A9CA2182523DB00C018E8602A61D6
:104AA0006961214644480C1889980268434E6E4457
:104AB0003046214601F094FE36780C2E60D04048F6
:104AC0006844006895903F4D6D442D683B496944AA
:104AD0000C313E486844F82219F0B2F820460EF036
:104AE0004EF8052E10D02846959D0B2E17D1334930
:104AF000694408603348684405603048684408F0F9
:104B000045FF0124949D10E09098006805609599F8
:104B1000416008302D496944302218F031FF919AE4
:104B200050699169949D96E7002401208899087046
:104B30007F980EF00AF8002C05D191980079C007F3
:104B400001D1FFF7FEFBD64810F003FE286906C826
:104B50002523DB000838C018919B1B1D07C30020CC
:104B600090990870CF488A9909181448684403F04E
:104B7000FBFD1248684400680C280BD1092003E0B3
:104B800003208899087008207A9A8F990870042069
:104B9000FEF7D8FB12F04CFA1E21605090214158CC
:104BA00019609030406858608798016006220E2195
:104BB000A15088E0C91C00005819000048050000F9
:104BC000500500004C05000050070000400900009F
:104BD00031000000C51C0000541900004808000006
:104BE000B14808188999096811F032FA0028929B97
:104BF00000D0E2E0186899680022814200D15A682A
:104C000086981E308E905000031D042A4BD8949332
:104C10008E9805689592A818A621445CA34814387C
:104C200006689298806893900E2800D350E110F0A7
:104C3000F1FF7D22D20000238F9319F04FF82968ED
:104C4000421A1104949B2AD091928B901F210C4000
:104C500001228C92A2403240511E8A410A26939929
:104C60004E43AC199094E35A05244C432919959866
:104C700009188D98095C8A4209D0142B919854D256
:104C800081B258188A49884206D3894804E091982D
:104C900081B2581A00D28F98949B909AD052959ACC
:104CA000521C9B1CB1E7929880680D280AD88E99F7
:104CB000096808189821405C1F21014001208840A4
:104CC0007A490860879887900DF0DCFF012821D190
:104CD000929881600D290CD81E20869A1058401891
:104CE0009821405C1F210140012088406F49091F25
:104CF0000860704868440122002311F06BF9809A23
:104D000007CA0A23869CE05020460A304160A274FC
:104D10008A9965E71E20869C2158902200238B509B
:104D200090314B602058929B38E7949881198B986A
:104D300028600020949068528E9D296809199598E2
:104D400009188D9E8A5D8C9B5A408A552968929AD3
:104D5000936891939023919ACA5090314860296842
:104D600009190918895D8C9B929A13730204939B0D
:104D70001B0613431A0E819CA275607594982075CA
:104D8000E174A07458184C49879A03C24B488A9919
:104D90000818899909680FF03FFE929B002810D1EE
:104DA0007F9800681A21869C605000211973A11C0D
:104DB000879119460C317D91EEE603207D990870AC
:104DC00000E00420869908701869596901434A4235
:104DD0004A41002901D000F07FFC8C92769800783F
:104DE000374D384E4000C0467844808840008744A4
:104DF0000600C30AC30ADE03090026005C049C699E
:104E0000DC61A3E330488A990818959078980146A8
:104E100010319491007C839A4000C0467844808889
:104E20004000874408005A00A90AB900DD004B0180
:104E3000050129011000789AD468959856E0769A71
:104E4000506800F023FC104608308E90107A8000E5
:104E500001A108588A998746714E0010E14E001052
:104E600079630010395200105F5100107B4E001022
:104E700078998869C969839A40E1144808188D9027
:104E80006E980078739C4000784480884000874486
:104E900004002A00730AF902BE02A06947E2C04674
:104EA000B600000034190000B8300000180000D02F
:104EB000FFFF0000601D0000A03E0020B030000099
:104EC0006F0800008DF70000F8300000703100001E
:104ED0000E21F64A939810F07FFAF54810F07CFB0B
:104EE000F44810F079FBF44810F076FB9460F34935
:104EF0008A9C61182822959018F042FDF04810F025
:104F00001DFCF048201812F001FE389C201D12F004
:104F10003BFE10F003FDA1887018001D6A1E92B2BE
:104F20009142769900D8042080B2032864D00128E9
:104F300062D0002800D0AEE00C4610F06BFE9190DD
:104F4000939125696669E04810F0F8FBDF4810F09E
:104F5000C5FB00249198291A939886412046604108
:104F600001224240002A204600D10846214600D1B5
:104F700031467D22D200234618F0B0FE10F0C8FB67
:104F800010F0CCFCD248839988600C70769908693F
:104F90004969789A9061D16189980168789C183440
:104FA00020460FF067FCC1B2022977D0032900D157
:104FB00087E2789D2876010CA976010A6976000EB1
:104FC000E876C44810F0BAFB204612F09FFD10F0BE
:104FD000A5FC0020839A1077A868A9691160506029
:104FE00089980168104609F059FA83990028949D20
:104FF000959E4CD0042057E2888B801980B2B64A27
:10500000904248D20C461C34B4480D4610F096FB32
:10501000204614F0CFFF10F081FCAD4883998860E2
:105020000020087028696969AD4D789A9061D16156
:1050300089980168789C183420460FF01BFCC1B297
:1050400002294CD0032900D13DE2789D2876010C3D
:10505000A976010A6976000EE876A24810F06EFB88
:10506000204612F053FD10F059FC0020839A10776F
:10507000A868A9691160506089980168104609F014
:105080000DFA83990028949D959E00D00BE2084666
:105090000DF07DFBD4E1949D959ED1E1924810F0F6
:1050A00058FB0020839A107290488A990818106063
:1050B000789A9068769989699161D0618C488A99CB
:1050C0000C1889980168204609F07CFD0028949D01
:1050D000959E00D0E5E120460DF076FBB0E18548D5
:1050E00010F037FB0020839A1072789988688861E5
:1050F000959BCB61114608318E91194603C28A8A6D
:10510000921992B2744B9A4200D30FE20B8CF218B0
:10511000121D2E466C1EA4B2A34200D8042292B2E5
:10512000012A3AD0032A00D007E2734A80584C8CF7
:1051300072490DF095FD0D468068839E71681431AB
:1051400022460DF05BF92968491E296006CE1269D6
:105150000023739C2372B060F26031618A996848C1
:105160000818899909680BF0EFFE00288399654EAD
:1051700000D09EE1A120C0000968839A52680918F6
:10518000507C937C1B021818D27C120482185E4853
:10519000684412F0CDFF839C6BE0488C839DA8810E
:1051A0004000401CE881594810F0C8FAE88912F024
:1051B0001FFD10F0B3FB28684F49405854490DF0CB
:1051C0004FFD0C468068EA89696814310DF05AF980
:1051D0002168491E216081B2B14216D1A120C000D0
:1051E00006CD0818517C937C1B025918D27C1204FE
:1051F0008918083D12F018FC002804D0E989418480
:105200003749891C01842C4632E02861414810F05E
:1052100095FAE88912F0ECFC2846103014F00EFFE5
:1052200010F07CFB03CD0969AA682A61696100213D
:10523000739A117310608A99374808188999096818
:105240000CF0A2FB0028839C00D030E1A120C0001C
:1052500006CC0818517C937C1B025918D27C12048E
:105260008918083C12F0E0FB002801D02169016296
:10527000244E8498010120684218A121C900435896
:1052800028215943144D002948D01346928A921977
:1052900094B228391A462832AC42F4D2104C641C1D
:1052A0001B8CA342EFD1949D959EC6E0FCEE0110AD
:1052B00008070210B8080210C808021020310000C8
:1052C0002C00000008310000430000000300000033
:1052D000A03E002041000000FCFF00006E00000026
:1052E0006F08000012000000420000000C310000B6
:1052F0005831000013000000A4070000A8080210A5
:10530000703100008DF70000601D000050000000AB
:10531000980802104A0000007831000000216E9ABF
:105320001170739CA061EF498A9A51188D91E061C8
:10533000A121C9004158022900D3E3E0849801016A
:10534000E06990914518A121C9004218939291916A
:10535000415828238F934B430022002B66D03446BC
:10536000AE8AA619361DB6B2042E04D3283B521CB1
:105370002835DD4EF1E7DD4C6C442046939913F05F
:1053800045FADB48001D218C81424BD0D749694446
:1053900028228D9C204618F0F3FAD64810F0CEF95A
:1053A000204612F08FFB10F0B9FA739DE869D249DC
:1053B0004058D2490DF044FC03460C462A68D04DB3
:1053C0006D442846194608F017FA2068401C2060F2
:1053D0002988C54E7018001DC54A521E92B29142CE
:1053E00000D8042080B202283DD00328739CA5D1A8
:1053F00000201C990870E0696E9A10612068D060E6
:10540000BF486844418880880004401890608A99A9
:10541000BC480818899909680BF096FD00288DD0C2
:1054200004203AE07398C06991994158949D959EE3
:1054300002294FD201206E99087001208E990870C0
:10544000012028705820305C072804D0052805D09A
:10545000042800D036E16836304631E16036304607
:105460000DF0B2F92EE100206E9A1077739CE0697E
:1054700010612068D060A248684441888088000498
:10548000401890608A999F480818899909680CF01B
:105490007BFA002800D151E703206E99087005209F
:1054A00008E0052000E00720929B8C9A0FE0032083
:1054B00000E00420929B8C9A949D8E99087008209D
:1054C00005E0032000E00620929B8C9A949D2870B2
:1054D0000420FFE0909A82189492152929D2A722DD
:1054E000D20082188F98484328380028A2D004465A
:1054F0009498114695920DF063FD959A20462838B0
:105500002832F2E7849A12018618152918D2A722A8
:10551000D200841828254D43283D002D13D0304655
:1055200021460DF01BFD283D2834F6E7764800F0B3
:1055300070FD94980EF036F87CE7744800F069FD31
:1055400030460DF0EBFF739C674EF7E6F520C00088
:105550002258002A37D025187B2000012118E8792D
:105560009590A8799490287993906E79281D541E6F
:10557000A20018F02FFA2C603002939940189499E9
:105580000904959A120651180818769C60606048C4
:1055900010F0D4F8201D12F0B9FA10F0BFF9002075
:1055A000389908709298C0696168A160E0605948B4
:1055B0008A990C1889980168204608F06FFF002826
:1055C0007DD0032084E0A120C0002018016828209D
:1055D0004843849909016518769A002854D02E8C86
:1055E0004349491E89B28E4201D8042102E03E4956
:1055F0008919091D89B2012904D000290CD0032979
:1056000007D109E0A98A384BC91889B2424B99429F
:1056100002D328352838E0E734486844959028308C
:105620002022294618F0ACF9E88C3C496944949151
:105630008880688CA98C0904081838496944086076
:1056400037486844939048229192959918F0C7F989
:1056500030488A9D281895909399919A18F0BFF92F
:105660007898068006462F4828180622949918F044
:1056700087F99598002132463174F4603146103133
:1056800094911B4D184E31E4274850608999096860
:105690001446FAF779FE929BC1B20229389A14D0C7
:1056A00000211170D969A060E1601A488A990C182C
:1056B00089980168204608F0F1FE002807D12046AD
:1056C0000DF065F89298C46940E7052001E00620D6
:1056D000929B8C9A769908707C98104326D000266D
:1056E000889B3EE0703100008DF70000601D0000D7
:1056F0006F0800003B000000A4070000D80802105B
:1057000048050000A8310000CF000000D2000000D2
:105710003D000000F8300000FCFF00000005000024
:10572000580A000042310000A03E0020889D03CDB1
:1057300001267040083D084301D000F062FC0221C0
:105740000020296068601A691C465B6972401A4330
:1057500001D000F056FC216160610321296068607E
:105760002B46779903C90143481E0A468241002906
:1057700001D000F080FD779D0835819800780121E7
:10578000869100288893879684920FD0749A104649
:105790001C30117F002900D0FBE3517FC90700D1E5
:1057A000F4E301480FF018FFC40102107A956F4826
:1057B0008A9C21183398C06979906D4868448B9011
:1057C000EC30822218F03CFA6A4823186A48211803
:1057D0002A98006876903C227893184618F0D0F802
:1057E0002598016892914168919181689091C16872
:1057F0008E9101698D9141698C91806983905F4898
:105800006844959080259495294618F01AF85C4CC8
:105810006C442046294618F014F85A482146FBF7F4
:10582000E9FC00259E959F95A095A195349E356233
:105830007562B562F562544C204648308F905049ED
:105840006944FBF703FD204659307F909EA9FBF782
:10585000FDFC4E489599FBF7CDFC4D48684405602A
:1058600094984C496944086046484B49694408602B
:105870004A48684405600420939049496944086097
:10588000012448486844046010207D908F9931635A
:105890007063B563F563B5623562FFAAE432E12057
:1058A0009071A02050711571D4709570557015705D
:1058B0003C4868447C9002217B91072310F084FCD3
:1058C0009594F463939C34642D4E6E440F21364AB4
:1058D00003238F93304610F077FC344A30467B998F
:1058E000234610F0FFFC1C228B9C20467C9918F06C
:1058F00047F81C3424222046314618F041F8279AF4
:105900008398D061269B1D73294898602948D880C8
:105910008F98C001014690319980423058807D9C1B
:105920001C80289805604561184818619498586152
:10593000299893990170809892990166919941668E
:10594000909981668E99C1668D9901678C9941679E
:1059500015707F990246503232C2856405640A4848
:10596000801DFBF7EDFFC00726D03BE308300000A9
:10597000601D0000582F0000B82F000048050000EF
:10598000580A00002D380020C83F0020AE38002003
:1059900018050000140500001005000008050000AF
:1059A0000405000000050000F8110210A400021018
:1059B00001400101EF020000D0488A990E18949628
:1059C000CF48C11DCF4C6C44CF4A2046FBF7F4FBB7
:1059D0001720020130462146919218F031F9809843
:1059E0000562CA4C2834C74969442046FBF748FC85
:1059F000C3480930FBF718FCC54B6B449599997463
:105A00004021929119824321C24A349E32607160D2
:105A1000B060C148F06086980090BA4E6E4430463F
:105A200094992246FBF7F4F9F07C8E90B37C708950
:105A30008D90B0898C90F0898B90308A8390B74894
:105A4000684406CE06C0318801809093042B00D1B3
:105A5000C5E2809C60697F90B0486844B049694461
:105A60000CC80CC1008808802562A84E5036A54994
:105A700069443046FBF704FCA1480A30FBF7D4FB2D
:105A800096AB9599997492991982A3499991989096
:105A90006F209790A348969000959A4C6C442046AE
:105AA00094993246FBF7B4F9A07C9C4969440CCC2C
:105AB0000CC122880A800428959E00D0A8E297484D
:105AC0006844904969440A4618C818C20088108082
:105AD00095488A9A101875900CC90CC009880180E5
:105AE000939580980562894C864969442046FBF766
:105AF000C7FB83480830FBF797FBFFABE4339E748A
:105B0000929919828449894A6A4411608849694492
:105B100008606C98874969440860874887496944E8
:105B2000086086980090774D6D44284694992246E7
:105B3000FBF76EF9E87C7D90AE7C68897C90A88943
:105B40007B90EA892B8A754C6C4403CD03C428886A
:105B500020809296042E00D141E2839800048B9914
:105B600040188B908C9800048D9940188D901804E3
:105B700080188C907B9800047C99401883908098C2
:105B80004669604D6D44A81C644969440A24224654
:105B900017F0F6FE33987D99417392990173066070
:105BA000839941608C99816065488A9E30180C22E7
:105BB000294617F0E5FE37988E9941739099017345
:105BC0007F9901608D9941608B9981605D483018A3
:105BD000534969447F90224617F0D2FE494C6C44E9
:105BE00020469499919A18F02BF8574831184B4851
:105BF0006844202217F0C4FE1C348394349CA26BAA
:105C0000002A00D1A8E0206B616B444B6B44083341
:105C100010F0D4FB206A002193912162256B616B07
:105C20009491A66B012812D1646A48480090A01D87
:105C3000214608312A46949BFAF720FC331B444A3C
:105C40006A441380434B0093022310F0DBFC3F486F
:105C5000009008200A212A46949BFAF70FFC3C4A40
:105C60006A4416803B4B0093022310F0CBFC002EBD
:105C700072D09498072800D8B9E1354A6A440020C8
:105C8000107656759F2111748A21D1736421917306
:105C90009E2151739D2111736521D172D221917280
:105CA0009C2151724C2111721E99D1714521917123
:105CB00089215171D8211171DD21D170602191703C
:105CC000DF215170107015486844047FD475300A84
:105CD0009075E8791075A879D074687990742879EE
:105CE000507405211923839810F0FCFA9498864289
:105CF00000D980E17D94959530E0C046C82C000025
:105D0000C83F0020601D00006CFA011034400020E4
:105D1000380A0000780C0210A8010210580A00008E
:105D20004C0A0000BB0C0210F42F0000EC04000031
:105D3000E8040000E40400002C0C0210E004000061
:105D4000A22F0000FE2F0000082D00003C120210C0
:105D5000480500004C120210939E7D968098939601
:105D6000044610341CCCAE4800900225042128467D
:105D7000FAF784FBAB4A6A441480AB4B00938E95D0
:105D80002B4610F03FFC80994D6B002D13D0002066
:105D90008863CA6A0B6BA548009002240421204640
:105DA000FAF76CFB9F4A6A441580A14B0093234687
:105DB00010F028FC8099379810307C902F9C208917
:105DC0009490A07A9290E07A9190207B9090607B62
:105DD0008D9020886D9060886C90A0888C90086E63
:105DE0006590486E6690886E8B90C86E67900E6F57
:105DF000486F68908F4D6D44284610F065FA739097
:105E00007B91839810F060FA71906E918A488B496B
:105E100001608B488B4941658B49C1648B488A99E5
:105E200008184B2189008095691862696492A269FB
:105E30006392402217F0A4FD012130987291C17441
:105E40008396002E8F9800D18398309DA8748B99EB
:105E5000481E814148006874659C601E214681414E
:105E600029748C99080AE873A9736C9B180A6873E3
:105E70002B736D9A100AE872AA728D9969729098C4
:105E800028729198E8719298A8718E986871949888
:105E9000287189204000688022980181649E0660F4
:105EA000639E466037980461669C44618B9C846164
:105EB000679CC461239C83982060689860602281FD
:105EC00063818C98A0816175909820759198E07499
:105ED0009298A074949820822F98C088E081F3480B
:105EE0008A990818809E31468631062217F048FDAF
:105EF0007398E06124987D9901757B99016071998F
:105F000041606E9981609599C16093990161E848FB
:105F10008A9C20183146D831142217F031FDE5480B
:105F2000201894364422314617F08AFE729828775A
:105F30008D98E8769098A8769198687692982876C9
:105F40008E98E8759498A875F348A88200242C7060
:105F5000F2488A990818072117F07CFD7A9D2C6079
:105F60006C6082987C994161769981617999C1616F
:105F7000749A1475339810607898506037989060D0
:105F80007F98D0607598106110461C300121117700
:105F9000517706CD083D0A4335D17798103095905A
:105FA0007499087D002853D08299487C0A461132A2
:105FB0008B92002808D003282FD1699830C8036835
:105FC00042688168C068F8E0369850C808689190C7
:105FD0004868939088689290C868949071E0E74808
:105FE0000FF0EAF9E6487921E64A0EF0D3FD0420E5
:105FF0000821E54B02E00020E44B3146949A0FF073
:10600000A5F9E44805E0FBF76FFC2846FBF758FCD0
:10601000E5480FF09EFB0FF0C3FBE4480FF0DCFAFD
:10602000F8100210580A000008110210FC110210AA
:106030000C120210601D00009000115010D00100E1
:1060400000001150FCFF000000000120E82E0000BD
:10605000D748CF4C6C442018829E72699092B269E6
:106060009192F26993920A6892920D4649681822B9
:1060700017F086FCA8689490EB6828698F90E44D2F
:106080006D44CC4A284621461C4617F0A8FC95983A
:106090002946C84A17F0A3FC0020369908730C6003
:1060A0008F9B4B60909A8A6070749198306093983F
:1060B00070609298B0609498F06030461E4611303F
:1060C0008B908A99BC480A46091815469EA88E905E
:1060D00018228D9217F054FCAF2080012918CD486A
:1060E00068449090A4228F9217F0AAFD7E9D50C51F
:1060F0003B9C94982060BFF35F8FA8480126C6712F
:10610000C14868448C908E998D9A083D17F038FCF0
:1061100000218E91AE60E9609598066094966B9828
:10612000C17391990160A5488A99081811214A0103
:106130008C9917F054FC6A9D2E618E9E2E72939856
:106140002860929868609E488A99081890998F9A5A
:1061500017F076FD7098949A0260314646603C9E36
:106160003173326071600B46B460103593957E9A3E
:1061700042616F994B7021461431829B949D1D742E
:10618000083223461C33939D6560A660E060216160
:1061900095986061A361E26120460C302146183178
:1061A00022460832829B103325461035241D699EF5
:1061B00030C633607260B160F0603D9E30C63360BF
:1061C0007260B160F0607F48A049694408609E48F1
:1061D00068449C49694408607B4872496944086086
:1061E0009748684495496944086078486C4969440F
:1061F0000860914868448C4969440860744889493A
:10620000694408608B48684485496944086071485E
:106210008749694408608548684480496944086042
:106220006D485D4969440860784868447A49694422
:10623000086000252C46889B879E302C10D076491C
:1062400069440859091949680A6989999047889BDE
:10625000C1B208340729F0D0062917D1869DECE792
:10626000E80700D17DE003208B99087081990870C0
:1062700074990875849A1640012E00D176E00420A6
:1062800085998870FE1F053EB546F0BD5348959C24
:106290007944097949008F441002066F040F53486E
:1062A0000BE0504809E0504807E0C0466E2E000061
:1062B000902E0000A42E000049480FF04AFABFF3C8
:1062C0005F8F36490020C871709A06CA0A4305D00C
:1062D0006F994978032901D36F9908707E9988686E
:1062E000C96801430CD06A98007A032808D11F9826
:1062F0000078032804D13E488A9908180CF026FB40
:106300002068002826D06B98C07B001F172821D852
:1063100003A1085C400087440A060000452F0000E6
:10632000110F1D110F0F22171717170F110F110F34
:10633000110F110F110F110F2F4807E02D488A99E7
:1063400008180CF01CFC05E0092080028A99081846
:106350000CF02AFC01208B990870749978E6274884
:10636000F4E72748A121274A0EF014FC1846FBF752
:10637000D3FA7798FBF7A4FAFEDEC0467CF2011050
:1063800054F3011090F301106C1202105C12021011
:10639000601D00009B00000004050000C83F0020B5
:1063A0001C05000024050000A800000074F901107D
:1063B000F012000008130000A02B0000B02800001D
:1063C000E42A0000E8F90110D4F90110C0F9011025
:1063D000ACF9011098F9011084F90110B500000022
:1063E000CB000000BC000000CA000000C700000095
:1063F00018290000F8220000FC23000010240000EF
:10640000FCF901104CFA0110601D0000683000001A
:10641000580A0000480500000005000008050000BB
:106420001005000014050000180500006C30000085
:106430000C050000703000007430000020050000E2
:1064400078300000280500007C3000002C0500009A
:10645000F0B503AF87B00590192000010B18442058
:10646000085C0C4644340D46069404920393C046DF
:10647000784400794000874402AAAD246700286868
:1064800002906E68A9682A6913035918019168611E
:10649000AE61EA6129622C4624342021204617F09F
:1064A000D0F904214D4A2046069C0CF01DFC039BAC
:1064B000049A029EAE64E86429650198686500202C
:1064C0001870241D20461146FBF72CF9C6B2052E84
:1064D00004D10C2005990860032042E00294204674
:1064E0000CF0E7F9042E60D1284624300021242244
:1064F000AB5CDB435E08552434401B1B33249E08F1
:10650000234026409B191C091B190F241C40091904
:10651000521C282AECD100220329019201D81146ED
:1065200000E00121029A11706C692E6A04212C4A44
:106530000CF0DAFB2B4AB218EC642B46503307C33D
:10654000039801990171049A2C464C342046114657
:10655000FBF7E8F8C6B2052E05D10C2005990860B6
:106560000420069B30E020460CF0A3F9042E1CD139
:10657000002024216A5CD243530855241C40121B7E
:10658000332394081A401C4012191309D2180F2300
:106590001340C018491C2829ECD1069B1979002901
:1065A00006D0042808D3002607E00420069B07E055
:1065B000042804D2022600E001260B2000E0062079
:1065C000F1B2059A03C20120187007B0F0BD02486D
:1065D0000FF002F8FEDEC046C4F50110B4F501105C
:1065E000D4F50110FC0F0000F0B503AF8BB005929D
:1065F0000C4602903520C0000D183920C0000E183E
:10660000707E5431039100280696049504D0032827
:106610003BD037480EF0E0FF002001906861012177
:10662000317134493160306907907269236861685B
:10663000A360E1603046B67E0676AB612E680798AF
:106640002D1D45C5C91A00D20199080B049D28616A
:10665000090500D0401C069EE8616D2080002018CE
:10666000F9F778FEC00734D00020039A1070B160AB
:10667000A068E2686B68AD6823616561A061E26152
:1066800021620F2040012018F0602646103608A82D
:106690003146059AFFF7DCFE08980C2813D00998BC
:1066A0000790089D30460CF037F90B2D15D107984F
:1066B000C0B2069EF16809788142049DCDD1B268CE
:1066C000012500200CE00220029908600320069EAC
:1066D0000AE000200546024602E00120069E079AD5
:1066E000029921C10A60012070760BB0F0BDC0464E
:1066F000E4F50110FF0F0000F0B503AF87B00D46C1
:1067000002902820095C2E462836284670300396D1
:106710007944097949008F44025D601142000021EB
:1067200001705BCDA861E9612B626C62AE6228608A
:106730006B60AC60E9602E61039E143D361D04A8B9
:106740003146FFF785FE04980C2805D10C200299EC
:1067500008600320039E3AE0059C049801903046AF
:106760000CF0DAF8019B0B2B26D13470E0B2022832
:1067700024D10120039C60712E46443620213046EE
:1067800017F05FF80420002121766969AA696B6A15
:106790001B039A1829636E632646A863EA633035A3
:1067A0002846FAF7EFFDC4B2042C02D174790B230A
:1067B00006E00020042303E0200A00E00B23039EF0
:1067C000029AE1B20002401813605060012030705C
:1067D00007B0F0BD01480EF0FFFEFEDEF4F501103B
:1067E000F0B503AFFFB0D0B007900C469834084620
:1067F000BC30059008465030089040780D4606920F
:106800004000C046784480884000874405000F015E
:106810001201280058008800002104910898017096
:10682000686C0390A863296868680290AB6C019358
:10683000EB632A6B6B6BA9602E460C360DC6E86CB9
:10684000039E6E65019EAE65EA65069A2B666866D4
:10685000A9660299E96628640598049901702E4694
:10686000543609A8314601F06DF90D98042804D179
:106870000C20079908700320C6E0012008990870D1
:106880002846183009A91822049017F079F83046E4
:106890000CF032F9AE6A032E1FD104980068062866
:1068A0001BD1002020702B4608330FCBAC6BEE6B56
:1068B0006C65AE65EA652B666866A966069A2C4625
:1068C00054344EA8214600F08BF94E980C280AD17A
:1068D0000C2007990870042096E0A8690690E869E2
:1068E0000490EC6A32E04F9804904E9E20460CF0E3
:1068F00057F80B2E59D1002005990870A86805900B
:10690000EE682A696B69AC6BE86B296C6C652C4688
:1069100058340DC469660598A866EE66069A2C463A
:1069200054344EA8214601F00DF9529E042E04D194
:106930000C2007990870052066E04F9804904E9847
:106940000690539920460C460CF0D6F80020089982
:106950000870022E06D00B21032E06D1079E049D3F
:10696000069C42E00A21079E3FE06A69049883B2D0
:10697000F00702D1934254D80424069129691E4697
:106980002E4B2046F9F788FF321B8A4242D8034635
:106990004EAD2846194612F0A5FB2D780A2D079E0C
:1069A0000AD1509D4F9C06991FE03446002008995B
:1069B00008700B21079E17E04EA9C878CEAA9070E8
:1069C00048788B781B0218181080509804904F9CC0
:1069D0000C310FA80690FC2217F032F990A8F8228B
:1069E000069917F02DF92946049D3170701CCEA927
:1069F000032216F0C5FF7460B5600C3690A9F8222A
:106A0000304617F01DF9012008994870FE1F053E19
:106A1000B546F0BD0D460020094B11462A460EF042
:106A200095FC00201946044B0EF090FC01480EF036
:106A3000D3FDFEDE14F6011024F6011034F6011029
:106A400044F60110F0B503AF8DB0099008469030C0
:106A500007900846B03006900E46483670780D46CE
:106A60000892C046784400794000874402B0B32CB5
:106A70005A940020059030705849A967A86B04907B
:106A8000E96B03912B6C6C6C0294A86228680190EE
:106A90006C68E9622A6A696AA860EC602A616961C7
:106AA0002B63029868672967EA660199E964089A86
:106AB0002C6568630798049981610399C161069800
:106AC0000360059941712C464C340AA8214600F018
:106AD000DDFB0A980C2804D10C20099908600320DA
:106AE00072E00B980A99A961E86101203070204694
:106AF0000BF0BAFFA8690B2821D006281FD100206F
:106B000007990870A86805902B460C330ECBAC6A29
:106B1000E86AEC642C4650340DC40598E865296693
:106B2000089A2C464C340AA8214600F059F80A98D5
:106B30000C2807D10C2009990860042044E0A969B9
:106B4000EC693CE00B990A98059020460C460BF046
:106B500027FF05990B2932D10021069A5171A86AA5
:106B60000490E86A0590286B03906C6BA86802900B
:106B7000EB6828696969E86629676C671748A86740
:106B80000298E8642B650798049981610599C161B1
:106B900003981060089A4C350AA8294600F076FB45
:106BA0000A980C2804D10C200999086005200BE0F4
:106BB0000B9C0A98059028460BF056FF059900207B
:106BC0003070099812C0012070700DB0F0BD0248FD
:106BD0000EF002FDFEDEC04664F6011054F6011010
:106BE000F0B503AF8DB009920D4605901F2000014E
:106BF0000B18112040010A184420085C0C4644344C
:106C00000E467036903107912946B83108910696A4
:106C10004000C04678448088400087440800500007
:106C200056002400B500F80021013E016C010093DC
:106C300001920494002030762A682E1D51CE2969D5
:106C40006B69AA64E86429656B65AA61E9612B62D6
:106C50006862AC62EE62069E3446183403942C4699
:106C60004834029415E00093019204942846483079
:106C70000290304618300390307EC0467844007948
:106C800040008744021F22365500AA6C2B464C3325
:106C90000BCBAC4CEC6700242C676967AA65E965EF
:106CA0002B666866AC6601203074591A00D2214602
:106CB000080BE866090500D0401CA86706E0A0485C
:106CC0000EF08AFC9D480EF087FCFEDE28466830F8
:106CD000F9F740FBC0073FD00020089A1076716199
:106CE0002C4658341DCCF0610798046042608360E4
:106CF000C16034461C340AA82146099AFFF7A8FB54
:106D00000A9E0C2E60D020460BF006FE0B2E21D0E2
:106D1000062E1FD10020089908702B4658330FCB40
:106D2000069EF0617069079C23606160A260E0606C
:106D300029468C310AA801F05FFD0A980C2845D03D
:106D40000A9C0B2CC2D00B9E0120039908700C2CBE
:106D500006D13EE0069EB9E70120039908700B2496
:106D600002980BF012FE0B2C00D0DFE000200099FF
:106D700008600121019CA17260722B4618330FCB71
:106D8000A964EA6409C4049C2E4648360AA8314620
:106D9000099AFFF729FC0A98022804D10C200599CA
:106DA00008600420C6E0049403900C9807900B9CA4
:106DB00030460BF0C0FD039801280FD10120286355
:106DC0006C63079EAE63B1E0032000E004200399EA
:106DD00008700C20059908600320AAE000262E63A5
:106DE0006C63079AAA63E00700D19AE0EA63E86956
:106DF000296A01F0EFFC286406990E772C461834B6
:106E00001ECCA964EC642A656B65A865049C2E46BB
:106E100048360AA83146099AFFF71AFB0A980C2847
:106E200004D10C2005990860052083E004940B9898
:106E300007900A9C30460BF06FFD0B2C73D107981E
:106E4000C0B202286DD00020069E3071E86B2C463F
:106E500018341ECCA964EC642A656B65A865049C93
:106E6000294648310AA801F0C7FC0A980C2804D129
:106E70000C200599086006205CE004940A9C0B2C09
:106E800053D100203070E86B2C4618341ECCA96416
:106E9000EC642A656B65A865049C2E4648360AA8F2
:106EA0003146099AFFF728FC0A980C2804D10C20D7
:106EB0000599086007203DE004940B9807900A9C10
:106EC00030460BF058FD0B2C2DD10020089908748A
:106ED000E86B0890286C07902E4618365CCEA86A9E
:106EE000E96AAA64EE642A4650321BC207982866F3
:106EF00008986866049C48350AA82946099A00F053
:106F000023F80A980C2804D10C2005990860082061
:106F100010E004940B9E0A9C28460BF064FD0B2C99
:106F200004D10B2402E0079E00E00B9E059850C0A0
:106F30000120049C20700DB0F0BDC04604F6011085
:106F400084F60110FF0F0000F0B503AF99B00E46B4
:106F500003902520C00008180B908020085C803129
:106F60000D913146A03109913146E0310491154629
:106F70000E960A924000C0467844808840008744BC
:106F8000060047004A005400C50033005F01326824
:106F900070680890334608330BCB0C9373690293E7
:106FA000B3690693F46901941C0305940C9B1B1DA3
:106FB0001E190796019C26039B1901930E9E3262AF
:106FC0000C9C7462029BB362089BF3623063716332
:106FD000069BB363019BF363059B1B19A94C1B190B
:106FE000079C3464736417E00B980078002805D080
:106FF000032800D1E1E0A1480EF0EEFA0D984468B4
:1070000081680C91C1680891066942698169BCE098
:107010009B480EF0E1FAFEDE0023099C2371403606
:107020000D9C6660A260E06021610D98041D12A8AD
:1070300021462A4601F062FA1298022800D1DFE0C8
:10704000089012A80C3013990C91149E0FA9254694
:107050001CC81CC128460BF0FBFB32460C990E9E47
:10706000F16432650898012800D1D3E030465430ED
:107070000D460FA91CC91CC028460025B564002870
:1070800000D1D0E03066F06D314650313246643286
:1070900058C958C20E9C20672046603015F0C0FCCD
:1070A000042900D2E0E0C1780C9181780891017840
:1070B000079140780690246E0E98466E0E98C6672B
:1070C0000E9884670E98026A0E98436A0E98806A3A
:1070D00005900E98C16A0D9D0E9874306A602A461C
:1070E000083252C26861AB610598E86100200499DA
:1070F00008730698000207994018089909040C9A29
:107100001206511808180E9948670A9D0D98041D1B
:1071100012A821462A4600F015FD169E042E6AD0BC
:10712000139D12980C90159808901498079020467B
:107130000BF0E2FC022E74D0032E6ED00E9EB16FC7
:10714000F26F514B079815F05FFC0B9A1582506057
:1071500091600C98D060306F089981420A9D46D1A9
:107160000B990C1D00200870F36B326A243662CE36
:107170000D9844600C9282600896C6600E460161CC
:107180002A4645610A9D1946836106920791204669
:1071900015F046FC0D9A0C9BD3610834099A089BA4
:1071A00018C2083A1346083343C30698506107983B
:1071B00090610020049908700E9E31469C3112A8FF
:1071C00001F0C0F803200121129A0C2A00D00846D1
:1071D0000B99087019D012990B2943D10B98008A8A
:1071E000C01C03218843F16B08180830F063306B32
:1071F000716B326A10E70C2003990860042038E0B4
:107200000C2003990860032033E00C2003990860E8
:1072100005202EE00120B06428E003980C992A464E
:1072200025E006211DE0002009990874B06B344662
:1072300020341ECC0D9D6960AC60EA602B616861F2
:10724000843612A8314601F0D7FA12980C2804D1DE
:107250000C200399086006200BE012990B2901D13C
:107260000B2103E0139A01E004222946039806C08B
:1072700001200D99087019B0F0BDC04678F80110D2
:1072800094F60110FC0F0000F81A0210F0B503AFDD
:1072900099B0119209904F4808180C90472080002F
:1072A000081803908520800008180D90FF20000129
:1072B0000B900846883010900846A8300E9008467B
:1072C000D0300A900846F0300690084668300F909B
:1072D00040780D46139540007844808840008744EC
:1072E0000D00A700B000DD0013014A00400065005A
:1072F00015033C0361039103AC01D001E86D1290CA
:10730000286E08906C6E03CD139D2D6A139A566AF1
:10731000139A926A0792139AD26A0592139A129B51
:107320001363139A089B5363139A9463139A9060A0
:10733000139AD160139A1561139C6661079AA26132
:10734000059AE2610B9A0F3203461340149362D1FF
:107350000A40159263D10A1A520B64D00023E363EA
:1073600070E00398007800283FD0032800D1BFE3E5
:1073700019480EF031F928466C3002900C9EF11D30
:10738000F079002807913CD00328109C53D1204667
:1073900010300590F01C0890F078002838D00328B1
:1073A0000E9C00D1B4E10D480EF016F928466C3061
:1073B0000790109E30460C300890307B4000C0464D
:1073C00078448088400087440B0039003C003D022F
:1073D0006E02C0463502000088F8011058F801100E
:1073E0002A6F6C6FA96FEB6F19E2286F0D906B6FAE
:1073F000AC6FE86F11900F9881690C91C069129081
:107400005BE30F988369C269E86F1290E86EEFE062
:1074100021696069FDE014A8E7490CF053FE15A846
:10742000E6490CF04FFEE6485121E64A0DF0CEFF4A
:10743000E5480EF0D1F8E5480EF0CEF8E4480EF03D
:10744000CBF8FEDE0A1A0024814200D222461293B3
:10745000150B6E1C0B980F30024207D12E4605E02B
:1074600000202946224601F0A7F9641CA642F7D164
:107470001298B04200D123E1139D286B696B13224F
:107480000C9B99500F21585000200D990860012144
:1074900059761876A868E968E86629672C466C343E
:1074A00016A82146119AFFF79FF8169D022D00D1CC
:1074B000FCE018981290179E20460BF03CFA012D24
:1074C00000D104E10024139D2C646E64129AAA6416
:1074D000F00700D1A1E0EA641398056B1398406BA4
:1074E0000890139886681398C1680791304601F098
:1074F00071F91399CD66139D089929676E670799ED
:10750000A967E8670E9804722C466C3416A82146C9
:10751000119AFEF79DFF16980C28029400D1CAE03C
:1075200017981290169E20460BF0F6F90B2E00D0FD
:10753000F6E21298C0B2022800D07BE26A69042AFF
:1075400000D2CBE0AE68E86C1290A86B04682969A1
:107550000420A04B15F058FA042900D0C4E00470B0
:10756000210EC170210C8170210A417069690329C3
:1075700000D8BFE00896AC69E869C66828690B1FA7
:10758000021D16A82146B0471798169E042E00D05B
:10759000A8E0021D2A650A26100C00D0C0E20B9953
:1075A0008A4200D9BCE212980003089BC018031D50
:1075B00012930B180C330F988361C26100200C9951
:1075C000C871A86808901398C5681398006B139E3B
:1075D000766B139CE066139C2667139E089C746769
:1075E0000E4613998D67139D1299E967F11D079156
:1075F000109C0021F1702146083123606260129ACC
:10760000A260E36021616061F21C089222461032A0
:107610000592A161E0610E9C71E0286B696B1322F9
:107620000C9B99500F2158500D98046002205876F9
:107630001C76A868E968E86629672C466C3416A8A9
:107640002146119AFEF7D0FF169D022D2AD01898D8
:107650001290179E20460BF06EF9012D00D15FE2CB
:10766000F00700D1E6E1002010990873139DA86887
:10767000E9682A6B6B6BEA662B676867A9671298E3
:10768000E8672C466C3416A82146119AFFF734F8A7
:1076900016980C2816D017981290169E20460BF0BC
:1076A0006AF9BFE10C20099908603EE20C200999B3
:1076B0000860032039E20C2009990860042034E2B4
:1076C00005262DE20C20099908600D202DE20120ED
:1076D000139908644E641298886421E20420129081
:1076E00000261DE212901BE204233A4A084619467E
:1076F0000DF088FF0420384B0A460DF027FE0A687B
:1077000049680A9B1A6059600D99C8610020307061
:1077100016A82146119A00F0C9FC2046169C032C9D
:1077200000D18EE116A94A89049209891291179E07
:107730000BF09EF8002C09D0022C1AD1062E09D18C
:10774000109B98690168091D01601CE01098806910
:1077500000680090012108980191017005980BF0D4
:1077600052FA022C14D1129880B204990904081814
:1077700035E01298C01C03218843109B99690A6860
:107780008018083008609969D8690E9C0C9EB6E78D
:10779000109A1068009BC01A002608281ED30321E7
:1077A000884308385168884230460799019A18D3AF
:1077B0001646184615E0C046B4F60110C4F601108E
:1077C000D4F6011028F7011038F7011068F80110FD
:1077D000A4F50110181B021048F701103046079954
:1077E000019A12900A7002980BF07AF9022C00D1DB
:1077F00096E1012E00D145E10020109E3073EB6C24
:10780000A868E9682C6B6A6BEC6604462A676867AF
:10781000A967EB676C35079530460C3008901291DC
:107820000F9DEC610EC6214600240E98047603607D
:10783000139BDB6EAB61139D7360B260F1601298B5
:1078400030610C3E3446103416A82146119AFEF7DA
:1078500053FF16980C2800D10CE117981290169E31
:1078600020460BF088F80B2E2CD112982070C0B255
:107870000B2601282ED12C46B0342021204615F0AD
:10788000E0FF042000210E9E31710F9A9169D269A8
:10789000109B59619C61D8610B9880189968090305
:1078A00040180C30306028469C30F9F76BFDC0B2B0
:1078B0000B26129004280E9C0799089A00D10CE020
:1078C00004260AE00120089908700C2E0E9C0799E6
:1078D00005D1D2E00E9C0799089A01201070084645
:1078E0000AF0FDFF0B2E00D01AE1EA6CA868E968E7
:1078F00000F070FF686500212172A968EA682B6BAF
:107900006C6BEB662C676967AA67E8672C466C347A
:1079100016A82146119AFEF79BFD16980C2800D157
:10792000A3E017981290169E20460AF0F5FF0B2E42
:1079300000D0F5E00F9812990170C8B2022879D1F1
:10794000002010990873686DA968EA682B6B6C6B4E
:10795000EB662C676967AA67E8672C466C3416A843
:107960002146119AFEF7C8FE16980C2878D0179871
:107970001290169E20460AF0FEFF0B2E00D0CFE09C
:107980006A6DA868E96800F025FFA86500210E9AD5
:107990001172A968EA682B6B6C6BEB662C676967E0
:1079A000AA67E8670F98041D16A82146119AFEF7EA
:1079B0004FFD16980C283FD017981290169E20461F
:1079C0000AF0AAFF0B2E00D0AAE012982070C0B2D5
:1079D000022829D00020069908702B4608330FCBC7
:1079E0002C6B139D6D6B139E3467139C6567139D01
:1079F000AA67EB670F9A9061D161686DA96D109AC3
:107A0000116050602C46703416A82146119AFFF779
:107A10009BFA16980C281ED017981290169E204696
:107A20000AF0E1FF0B2E7BD1E86B431CEB63A868E7
:107A3000E96807E5062673E00C20099908600A202A
:107A400073E0032007990870089908700C200999C1
:107A50000860052069E00C20099908600B2064E0AB
:107A60000C200999086009205FE00C200999086042
:107A700008205AE00320089908700C200999086032
:107A8000072052E02C6D6A69944254D812980F99DD
:107A9000C8610020039A1070AA68E8682B692E6BF1
:107AA00011966E6B1199E9660D962E676B67AC6740
:107AB0001192EA670C900F9988611398C56E184669
:107AC00021461E4614F074FF10998C8008600E98B1
:107AD0000C9A0260129A426000200A9A10718D601E
:107AE000139D0D98C86009614E618C611198C86141
:107AF000903516A8294600F025FC16980C2807D1C9
:107B00000C200999086003200399087006200CE0F6
:107B1000179A169E0120039908700B2E09D10B2687
:107B2000099806601299416001200F99487019B0B8
:107B3000F0BD1292F4E70020014B21460DF006FC47
:107B400058F70110F0B503AF97B016460D460690F2
:107B50001F20000108180390852080000A1891203A
:107B600080000C186820085C68310A912946883129
:107B70000B912946A83104910C9609954000C04606
:107B800078448088400087440B003201350173003F
:107B9000B5003A006700F8005F01B701EE01350259
:107BA000059207945CCD28680D906868A968EA6022
:107BB000103D2A4620325BC20D9A6A63FA4AD21CF3
:107BC000034613400E9300D004E10A400F9200D008
:107BD00004E1081A400B079C059A00D102E100203D
:107BE00010600121A1726072E869296A16466A6A0A
:107BF000AB6AE9662A67324609C40C9E083C0592C6
:107C000007942C466C3410A821463246FEF7ECFC53
:107C1000109E022E01D10520EDE012980D901198D2
:107C2000089020460AF087FE012E00D102E2089853
:107C300028640D9A6A6400280C9E00D0BCE00020E5
:107C4000059908600221079CA17260722B461C33C3
:107C50000FCBE9662A6709C42C466C3410A821466C
:107C60003246FEF7C1FC109E022E0FD10620C2E064
:107C7000059207942C466C3410A82146324600F039
:107C800015FA109E032E11D10320B4E012980D9026
:107C90001198089020460AF04EFE012E4ED1012088
:107CA000E866089E2E670D9C6C6779E112980D902E
:107CB0001198089020460AF0DBFD002E079C059ADB
:107CC0008DD0022E00D1B5E10898E8660020039B14
:107CD0005871E86A296B0A9AD0610D981081A86BD7
:107CE000EA6B0B9C21606060A260059A079CE869C2
:107CF00018600C9E059207942C466C3410A82146FF
:107D0000324600F073FA109E042E03D10421102293
:107D1000084672E010A8008A029012980D901198FF
:107D200008901398019020460AF0B8FD022E47D023
:107D3000032E079C059A00D051E77BE10020E866FE
:107D4000089929670D9E6E67C90740D00499087687
:107D50002C461C341ECCE9670A998C61CA610B99C8
:107D60000B60991A00D20146002E0C9A00D10E0B1E
:107D7000701EA8670B99486016462C467C3410A8E4
:107D800021463246FEF764FB10980C2801D10720EB
:107D900031E011980D90109D20460AF0BDFD089528
:107DA0000B2D00D046E10D98000600D0BEE001206A
:107DB000099DAA6F28646A64AA6400214C202EE001
:107DC000A86B0C9000200D9B019E029CAFE0062644
:107DD0000320ACE00EA8AF490CF074F90FA8AE492F
:107DE0000CF070F9AD485121AD4A0DF0EFFAA848FA
:107DF0000DF0F2FBFEDE04211022069D0AE0A4B283
:107E0000120412192E606A60AB600C9AEA60286155
:107E100001201422A9500A99087017B0F0BD29500A
:107E2000286A1103081899494118001DA865E965D9
:107E300000200B990871E86A296BEA692B465833D0
:107E4000EB662A676867A9672C466C3410A8214640
:107E5000324600F053FB109D022D6BD01498089011
:107E6000139807901598059012980D90119E204632
:107E70000AF0EEFCE8075FD1002E22D0079812909E
:107E80000D98119010960898139010A814F0C8FD42
:107E900004290C9E099D56D301784278120251188C
:107EA00082781204C078000680184018696B09684F
:107EB0008842BDD104200121E964059929656865DE
:107EC000B6E7099DE86C00280C9E3FD1002004997C
:107ED00008732C461C341ECC29676C67AA67EB67B5
:107EE000991A00D20146080BA96C002900D0084657
:107EF000401EE8660A9988612C46703410A8214615
:107F00003246FEF7A5FA10980C2811D011980D9062
:107F1000109E20460AF000FD0B2E0FD10D98000692
:107F200004D1EA6E482011460C9E78E7022039E021
:107F3000092060E708205EE70D9C31E00D9C220CD3
:107F40000320069D5BE70424002629E00020039B14
:107F50005872296D6A6D29666A66C0430B9AD160B2
:107F60001061E86958602C466C3410A821463246EE
:107F700000F09CF81099032901D10A203BE71298E0
:107F80000D901198089020460C460AF071FC022CC6
:107F90000CD10220A867089EEE677C350D9C6C60B2
:107FA000220C0320069D2AE7FC0F0000AC6708980E
:107FB000E86728467C300D994160E00746D00846C6
:107FC0000022EA66089B2B670A99CB610646039C50
:107FD00062778881286E0890E96A2B6B0B98416163
:107FE00083610899C16106800C9ED04304990860A2
:107FF000E869A0612C46843410A82146324600F07E
:10800000F5F8109E042E01D10B20F4E612980B9087
:108010001198079014980D901398059020460AF037
:108020003DFC06200890C0467E4436797600B74471
:10803000012716070D9C220C0320069D089EDEE6F4
:108040000B9B1A0C0320079E1C46ABE70024062658
:108050000120E8662E676C6703202246A2E7079896
:10806000002808D0286E0C90696E0120059E069DA0
:108070000D9C0B9BC3E605980D900B980890D9E7D3
:1080800008483921084A0CF085FDC046FC0F000065
:1080900098F7011068F7011078F70110D4F6011075
:1080A00088F7011008F9011024F90110F0B503AFA9
:1080B00085B004920D460290612080000A18507A23
:1080C0000028039204D003282CD045480DF084FAF0
:1080D0005068A96AEA6A2B46303307C32021284634
:1080E00015F0AFFB08213F4A28460AF0FDFD044683
:1080F0000E4628626962686BA96B82198A4207D9A9
:108100000020039A029B43C30120507205B0F0BDCA
:108110000021039A117200211170296B2A463C320A
:1081200052C2A8642C463C3420460499F9F7FAFA66
:10813000C6B2052E25D020460AF0BBFB042E25D161
:108140002C6A6E6A002001468E42DAD0625C491CBD
:10815000FF2AF9D0072E3DD9A079E1790902081844
:108160000190201D009014F069FC80B201998842B2
:108170000FD0039A107A00281CD101201072686B6E
:10818000C9E7032002990860039ABEE70421022090
:10819000B7E700990878497809020E18F01C032106
:1081A0008843696BAA6B08180830904206D90026EC
:1081B0000621ECE7002606210220A3E7207861785B
:1081C00009020818A1780904E27812065118091862
:1081D000012096E706200821034B32460DF0B6F841
:1081E000F8F70110E8F7011008F80110F0B503AF37
:1081F0008BB008920C460323D90161184A7A002AF1
:10820000099106D005930690032A42D049480DF003
:10821000E3F9A688A6812568A56049680391A16253
:10822000A169E26921616261002D20D00593069069
:10823000F01C03230190029398430795256A636A13
:1082400004930835079BE362256360630A952B1846
:10825000049DAB425AD882420DD201210904019DEE
:108260000D400821079106460698029C51E0002522
:10827000012407954DE00023099E3372039D2E4B88
:10828000F8F78EF9A563E06321640A986064002022
:1082900030702546383528460899F9F743FAC6B2B2
:1082A000052E1BD028460AF004FB042E1BD1A18901
:1082B00062698A423AD3206914F07AFBE16A884203
:1082C00016D0099E307A00281BD101203072206B15
:1082D0000A90606B21696269A56AD0E7042006995B
:1082E000086003201EE0002504200790059C0FE095
:1082F000206907906669114D3540A289A168022462
:1083000006E021696269A689A068079000242546D5
:108310000698B3B22B430460079C44608360C1603D
:1083200002610120099948720BB0F0BD0020044B96
:108330000DF00CF818F8011038F801100000FFFFDC
:1083400028F80110F0B503AF8BB00D460646442067
:10835000085C443106912C468034C046784400794C
:108360004000874402BBBE1872A30596002020720D
:108370002B68AE68E8682969EA690196AE64EB6427
:108380002A6502932B626862A9620392EA62204620
:108390000830049011E0204608300490207A00282C
:1083A00004D0032826D04F480DF016F90596A86C86
:1083B0000190E86C0290286D03902E4654362021DF
:1083C000FF22304615F08CFA0199086868658988A3
:1083D0000698818207A8018014F030FB0699C882B4
:1083E000082002996967AE67E8670020207103984A
:1083F0002060059E28467430F8F7C4FF0121049AD6
:108400001170C0B204285AD1696AAA6A374800902C
:1084100003201346834307A80AF0ECFC0898079949
:108420000A9A0492099B0024069A14752C6A0596F0
:10843000EE6A083629636863AB63049AEA632E64C4
:10844000AC64E96428656E65059E28464830F8F7F7
:1084500099FFC0B2042832D10596EE6B002E36D0BB
:108460002C465C3420210491204615F0EAF9204B7B
:10847000304626462146049AF8F792F8AA6BEB6B31
:108480001C4C00940EF054F9E86BC11C032081438E
:10849000002021291ED2069A1075286A2A6C6B6B5F
:1084A0009A18A864EE6429656A65059E48352846D1
:1084B000F8F768FFC0B2042801D10B2100E00421C5
:1084C000316070600120069908700BB0F0BD0B217F
:1084D000059EF5E72022084B0CF038FF02480DF00E
:1084E0007BF8FEDED8F7011098F80110A8F801100B
:1084F000B8F80110C8F80110D8F80110F0B503AFB2
:1085000093B009920E4601906B20800008180C90E1
:108510007320800008180A902020085C2031029106
:10852000784400794000874402262C0AB400316860
:10853000331D0DCB3161344614340DC422E0324674
:1085400024320A9B191D18790028079106920CD035
:10855000032813D130462C3008901878002807D013
:1085600003282AD07C480DF037F8716AB06A13E00E
:10857000F16A306B17E07A480DF02EF877480DF06D
:108580002BF8FEDE7162B06200220A9B1A711A1D7E
:108590000792324624320692F162306300221A704A
:1085A00032462C3208927163B0630A684968726679
:1085B000B16600210C9A5177906135463C350EA882
:1085C0002946099AFFF772FD0E9C032C00D182E028
:1085D0000EA84189059100890B900F980D902846AF
:1085E0000AF046F9002C0CD0022C10D10D98062868
:1085F0000A996CD1706B0168091D0160716BB06BD9
:10860000D3E7706B00680390002504950CE00B988D
:10861000C01C03218843716B0A68039280180830DC
:1086200008600125002004900A99089801240C7024
:108630000AF0E9FA07980894047006980AF023F9FA
:10864000049800285FD1059800040B9989B2091895
:108650000C9885600D9BC3600B910161039C446184
:10866000002D63D0022D5CD07462B1690020B0612E
:1086700000296DD0F2691D4633695B68316472640C
:10868000B464F3640B99B185B5620C994871706953
:108690000860344628340EA82146099AFFF7A6FD43
:1086A0000E9D042D20D010980B900F980D901298CD
:1086B00008901198079020460AF0F0F8022D19D280
:1086C0000798B0610898F061316970695AE702252E
:1086D00001200490A9E703200A99087007990870FF
:1086E0000221019A116003E0022001990860042030
:1086F00002992AE00898079D0B9C0D9B1BD1716A7B
:108700000C91002614E00220059909040B9A92B2FC
:1087100054180C9988600D9BCB600C610299019AEA
:1087200002E00299019A0B9C089E07E02E462B4618
:108730000299019A02E0019A012602991660161D1B
:1087400038C610610C9850610120087013B0F0BD5C
:1087500004480CF031FEC04658F8011048F80110EA
:10876000E8F80110F8F80110B0B502AF0D46044664
:10877000087F002804D0032809D00E480CF02CFFF5
:108780000020287607CD0C3D2B460C3307C3284626
:108790000C30F8F78FFD01212977C2B204210B209C
:1087A0000023042A00D01346636000D008462060EE
:1087B000B0BDC04634F9011080B500AF002904D027
:1087C000801815F079FA084680BD01480CF0FAFED1
:1087D00044F9011080B500AF081A00D20020010B47
:1087E00004D0501C15F068FA084680BD01480CF012
:1087F000E9FEC04654F90110F8B504AF04460D4631
:1088000028352879002804D0032814D013480CF008
:10881000E3FE002028708868CA6800920B690E6821
:108820001B031B18012212039A18486100988861E3
:10883000CE610B624A621C310846F8F73BFD01210C
:108840002971C2B204210B200023042A00D0134650
:10885000636000D008462060F8BDC04664F901108E
:10886000F0B503AF93B006910068056803CD083DED
:10887000014322D02C461934284608300090A07AB3
:10888000800002A10858039402958746CB8A001005
:10889000D5880010D5880010A9880010C588001060
:1088A000BF880010C788001021461331E07C0028E3
:1088B0000CD003280BD1AC6A0DE0072016E1069816
:1088C0000668D6E0A6E006980268E7E004E18F4873
:1088D0000CF082FEFEDE8F480068C00500D007E184
:1088E0002068002800D008E108912646B43600210F
:1088F000C843224601C2079225461435307A012822
:1089000004D120460C300DF0E7FA317A05CE083E4E
:10891000904201D1C9070DD0421C0021102A0B46FC
:1089200000D01346336031720A2141436E5CF0B2CD
:10893000042807D10698006806C807980DF0D7FAF2
:10894000042605E06818411C09A8092215F018F84A
:10895000029D2068401C2060F2B203200121042AFD
:108960000246089B00D00A461A70039C00D1BBE067
:108970002E760120607209A90922204615F000F820
:108980006748C079BFF35F8F002800D19DE0686918
:108990000890287E0790C0467844007940008744BC
:1089A0000110182020780590294666781B310EA802
:1089B000072214F0E5FF3002059941180591000ADD
:1089C0000DE0687F0EA98870E87E2A7F12021018D9
:1089D000088020786178090208180590080A01903B
:1089E00001E0207805900CA804900EA907263246D5
:1089F00014F0C6FF01986074059820740798E0731E
:108A00000898686228462B300499324614F0B8FF63
:108A10000020607606980668294624310EA8324662
:108A20000BF070FD0E980A285BD009284DD01099E4
:108A30000F9AA860EA6029613A480CF07FFE00981E
:108A40000BF080FB0CF06AFFA86803283DD1287B5F
:108A500001283AD132482C300EF034FA0EA8324AAE
:108A600000230DF0B7FA10980E990F9AA962EA62E6
:108A7000E07531462E462836304608910DF0E8FA6A
:108A8000002830D100206072696969622946183176
:108A90000CC90CC6607608883080089A29462431B3
:108AA0000EA80BF02FFD0E980A2818D009280CD01C
:108AB00010990F9A0F920E9010911C480CF03EFEE8
:108AC0000EA80BF03FFB0CF029FF00206072E07451
:108AD00068696862214613310D4CAC62FBE60620E2
:108AE00002E0042000E00520A072062013B0F0BDD3
:108AF00009480CF02EFE0CF053FE08480CF01EFE48
:108B00000BF070FB0CF00AFF0CF04AFE9C0B0210FD
:108B1000003F002004ED00E0B2000000A3000000D0
:108B2000C83F0020B8000000400D0300B70000005F
:108B3000F0B503AFD14EB544D14A6A442E920068D5
:108B400000680368002B00D1B2E01C4604CC002A68
:108B500000D114460620012A01D001F0BEF8279169
:108B600022904325852683213091184693222F9207
:108B70005F222A920322AB00ED002D95F5002C9583
:108B800009012B912F990D012F952A9949012A91BD
:108B900004929602C1181C912D9941181991D84937
:108BA000411805912C9941181891D64941181791EF
:108BB000D54941181691D549411815912B9941185D
:108BC000149141191B91D2494118D24A8518239515
:108BD000D14A85181E95D14A85181D95D04A82180C
:108BE0002992D04A82182892CF4A82182D92CF4AD1
:108BF000821820922A9A82181F9282191A922B9018
:108C000024300290E01810902120139000012018C9
:108C10000F90C52012908000201808903098C00056
:108C200020180E90C24820180D90312040012018C5
:108C30000C90C04820180B90BF4820180A902F981D
:108C400020180990BD4820182C90BD4820182A9063
:108C5000BC482694201811900920039040013090C0
:108C6000C87B0E462F964000784480884000874499
:108C70001B006400640057002302280089011604C9
:108C80003100B4049B0739005707F505090887022E
:108C900021032B00A2032E004C053500DB045900F4
:108CA000B0012500AF02220030682B99486045E0F2
:108CB000072001F012F827980268D2E2279802688C
:108CC000D4E12798026833E22798026843E32798A3
:108CD0000268BFE32798026800F01CFC279802682E
:108CE00000F061FD2998001D24902D9801460D315A
:108CF0002591407B800002A108582799119D874645
:108D00000B990010358D00103B8D001067990010F5
:108D1000198D00102D8D00100868219000F04FFE75
:108D200035690DE02798026800F0CCFC08682190B6
:108D300000F071FE84480CF04FFCFEDE834D35617F
:108D40003098DF3082490968014201D000F0BCFF51
:108D50002868002801D001F007F87E482C182C98CC
:108D6000801C24900021C8432A4601C225922E4629
:108D70001436207A012804D128460C300DF0ACF8C6
:108D8000217A05CC083C904201D1C9070DD0421C84
:108D90000021042A0B4600D0134623602172412192
:108DA00089004143745C132C07D12798006806C8DA
:108DB00025980DF09CF8132406E07018411CFF2242
:108DC000043231A814F0DCFD2F9E2868401C286076
:108DD000132C01D100F008FD269D2C71681DFF2287
:108DE000043231A9219014F0CBFD5B480CF0A6FCB5
:108DF0005A480CF073FC2C79A01F052C00D80520D4
:108E0000C0B2291D2591C0467844007940008744AE
:108E1000062216180A24462050144E080C00002082
:108E200042E00B2046E004203AE00C200CF05FFC0E
:108E30002B98C06811F0B2F842E009203AE0022015
:108E40002EE003200CF053FC2B98C0680CF058FC6B
:108E500036E007202EE0012026E005200CF047FC3C
:108E60003F480CF03BFC64007C44A4886400A744A9
:108E700009003807A906BF06FC054B070CF5FFFFE4
:108E8000E80A000000200CF032FC36480CF026FC0A
:108E90002B9809303099203913F0F2FD10E00620AC
:108EA0000CF025FC2B98407A0CF021FC08E00A20FD
:108EB00000E008200CF01BFC2B9840890CF00EFC05
:108EC0000CF02CFD25990A78901F052A00D8052062
:108ED000C0B20C2801D900F0EFFE02A24000105AE7
:108EE000400087444100C901E906CF00C2022203C5
:108EF0003101CE014F02F90388035D005B01C046DA
:108F00001903000024050000340600003A070000A1
:108F1000380A0000580A0000780A0000990A000088
:108F20004C0B00006C0B00008C0B0000AC0B000025
:108F30001C0500002407000028080000420A000069
:108F4000480B0000950B000064F60110703A0020F9
:108F500004ED00E02404000022000000EB0000000B
:108F6000E90000000B0000002520C0002B99496893
:108F700008180A684968249B18607261B161002072
:108F800023990873F9482B990918F4A8FFF7ECFB0B
:108F9000F49D0C2D01D100F01FFCF59C00F083FE28
:108FA0002B994889B081486806C8249B1960F0490C
:108FB0002523DB000838C3181E9C63612C9BA3612A
:108FC000E1610830206030986060726100201D9976
:108FD0000870279802682C98851CE64E6E4430462F
:108FE00029462492FDF7FCFB30782F9E0C280A9C22
:108FF00000D1E7E341208200DE496944204614F0B5
:109000001FFE284609F0BBFD2078082801D000F09B
:1090100053FE2B9A54682668606825902F988089A3
:109020002F990883149800682F994861D248101826
:10903000D24951180A2214F0A3FC08202870299A5A
:1090400016602F9E20460830289B18603098586084
:109050002520C0002018C6492D9C22C498612C9858
:10906000D8612598506000206070249AF4A82A9C4A
:109070002146FDF7E7FCF49D0C2D00D09BE3192160
:1090800000F0E8FC2B99C8681C9A1060486806C874
:10909000249B1960BA492523DB000838C3181E9C9D
:1090A00063612C9BA361E1610830206030986060AF
:1090B000726100201D990870279802682C98851C01
:1090C00072AE304629462592FDF78AFB30782F9EF6
:1090D0000C28109C00D181E34120820072A9204617
:1090E00014F0AEFD284609F04AFD2078072801D08B
:1090F00000F0E2FD2B98406806C81C9C237B337669
:109100002368736107232B70299B06C32521C9009F
:1091100008384118289A91612C99D1610830106063
:109120003098506000202D994872954821C1259AA9
:10913000F4A82A9C2146FDF785FCF49D0C2D00D057
:1091400039E3052100F086FC2B98406806C8269B71
:109150005B7973740923249C2370299B06C3252102
:10916000C90008384118289A91612C99D1610830BA
:1091700010603098506000202D994872F44811C159
:1091800027980268F4A82A9C2146FDF75BFCF49D11
:109190000C2D00D00FE30F2100F05CFC2B99C86868
:1091A0001B9A1060486806C8249B196070492523E3
:1091B000DB000838C3181E9C63612C9BA361E1612E
:1091C0000830206030986060726100201D9908703E
:1091D000279802682C98851CDE4E6E44304629463E
:1091E0002192FDF7FDFA30782F9E0C28099C00D1C2
:1091F000F8E241208200D7496944204614F020FD5E
:10920000284609F0BCFC2078082801D000F054FD65
:109210002B99486802682592426824921B9A136829
:109220007361CD4BCB18A52636018E1916CB16C609
:109230002F9E082129702999259A0A60249A4A604C
:109240002521C9004118289A91612C99D1610830D3
:1092500010603098506000202D994872444821C118
:10926000219AF4A82A9C2146FDF7ECFBF49D0C2DD5
:1092700000D0A0E21B21EDE3B8480CF06AFA00F040
:109280001BFD2B994889B080486806C8249B19604B
:1092900037492523DB000838C3181E9C63612C9BCB
:1092A000A361E16108302060309860607261002045
:1092B0001D990870279802682C98841CFFAED4363C
:1092C000304621462192FDF78BFA30782F9E0C28EC
:1092D0000E9D00D17EE241208200FFA9D4312846B4
:1092E00014F0AEFC204609F04AFC2878082801D08A
:1092F00000F0E2FC139843012B9DEE58686801686A
:1093000025914168249196496E5018990E684968D4
:109310002F9AD6612F9E3162B18871839049691866
:10932000EB189B888B80082121702999259A0A6067
:10933000249A4A602521C9004118289A91612C99E4
:10934000D161083010603098506000202D9948722B
:10935000074811C1219AF4A82A9C2146FDF772FB07
:10936000F49D0C2D00D026E2112173E3480A000081
:10937000AC000210E0080000520A000036080000AD
:10938000A80002102B994889F080486806C8249BE1
:10939000196074492523DB000838C3181E9C6361DB
:1093A0002C9BA361E161083020603098606072619D
:1093B00000201D990870279802682C98851C6A4E19
:1093C0006E44304629462492FDF70AFA30782F9EE3
:1093D0000C280D9C00D1FBE14120820062496944C8
:1093E000204614F02DFC284609F0C9FB20780828F7
:1093F00001D000F061FC2B9B5C68266860682590BA
:10940000179903C92F9A50612F9881612F98C088AE
:109410002F9988835548181855495918062214F071
:10942000AFFA08202870299A16602F9E204608302F
:10943000289B1860309858602520C00020184949A2
:109440002D9C22C498612C98D861259850600020EA
:109450006070249AF4A82A9C2146FDF7F3FAF49D43
:109460000C2D00D0A7E11321F4E2269840792C9D21
:1094700028702B98406806C8249B19603D49252315
:10948000DB000838C3181E9C6361A561E1610830E8
:10949000206030986060726100201D9908702798E4
:1094A00002682C98851CB3AE304629462592FDF7FC
:1094B00097F930782F9E0C280F9C00D190E1412025
:1094C0008200B3A9204614F0BBFB284609F057FBE5
:1094D0002078072800D0EFE32B98406806C82C9C22
:1094E00023783376199B1B6873610723A370299B2C
:1094F00006C32521C90008384118289A9161D46112
:10950000083010603098506000202D99487219483A
:1095100021C1259AF4A82A9C2146FDF793FAF49DCF
:109520000C2D00D047E1082194E241208200089CE4
:10953000204614F085FB20784000C046784480889F
:10954000400087441900FC02AF01B40253016703D5
:10955000B0000210E40900003C0900005F000000B8
:109560004C0A0000AC000210D4050000560A0000AE
:109570002E050000A8000210012002022592F4AD81
:109580002846219914F0FCF9BC480CF0E2F82B991C
:109590004C68206821906068079000262498067027
:1095A000B74808182946259A14F0EAF9299821990C
:1095B0000160079941602520C00020182899886122
:1095C0002C98C86108340C60309848602D994E7210
:1095D000AC480860249848602F9E27980268F4A839
:1095E0002A9C2146FDF72EFAF49D0C2D00D0E2E0D6
:1095F0002298039970E32B9948897081486806C8BE
:10960000249B1960A0492523DB000838C3181E9C41
:1096100063612C9BA361E161083020603098606039
:10962000726100201D990870279802682C98851C8B
:10963000964E6E44304629460792FDF7D1F83078B1
:109640002F9E0C280B9C069500D1B9E0412082008A
:109650008E496944204614F0F3FA284609F08FFA3F
:109660002078082800D027E389482B9B19188948BF
:109670001A185868036825934368249373892193C3
:10968000159B1D8858C958C22F9E23994D80219A39
:109690000A800821069B19702999259A0A60249A44
:1096A0004A602521C9004118289A91612C99D161FD
:1096B000083010603098506000202D994872724830
:1096C00009C1079AF4A82A9C2146FDF7BBF9F49D2D
:1096D0000C2D70D11721BDE12B9948893081486844
:1096E00006C8249B196068492523DB000838C31885
:1096F0001E9C63612C9BA361E1610830206030985F
:109700006060726100201D990870279802682C988B
:10971000851C614E6E44304629462192FDF760F863
:1097200030782F9E0C280C9C07954FD0412082004A
:1097300059496944204614F083FA284609F01FFA73
:109740002078082800D0B7E252482B9B19181298AD
:10975000C0001A1858680368259343682493169B21
:109760001C68358948CA48C12F9EF583239B1C601D
:1097700012880A800821079B19702999259A0A6086
:10978000249A4A602521C9004118289A91612C9990
:10979000D161083010603098506000202D994872D7
:1097A000394809C1219AF4A82A9C2146FDF74AF9B3
:1097B000F49D0C2D08D02046F59C09F0F5F972E2D5
:1097C000162147E1182145E1152143E1142141E12A
:1097D00012213FE110213DE106213BE1042139E165
:1097E000072137E11A2135E1032133E10520000388
:1097F00005990978079108182B9E756829682591A5
:109800006968219124990860F4A80690801C31466B
:109810000C312C2214F0B4F804202C9CA0712F9849
:10982000079941751D4830182E22069914F0A8F8A2
:10983000299825994160219981602520C000281828
:109840002899C86108354D603098886000202D99AE
:109850004873A01D0C60249A4A60886026981049BD
:10986000461827980268F4A83146FDF7EBF8F49DF6
:109870000C2D00D012E20D212CE2C0466400000045
:10988000490A0000A0000210AC000210DC07000032
:109890002C0700004C0A0000D80600004E0A000009
:1098A0004C0B00001D200599085A2590D7482B9D88
:1098B0002818CC7E0E7F29460C31182214F060F84F
:1098C00023982599C181467304730220249E307029
:1098D0000120800320182A9C2060686806C8616007
:1098E0002521C90008384118289BD96108305860E3
:1098F000309898602D982C9952C029988260002049
:1099000011990870201D24902591002021902D9AF6
:1099100010732898C1690791C16024990E6829992C
:109920008D681661556114685368069392680192B8
:1099300082614361426883680461CE600D61119D5C
:109940004A618B61B24E2098026143610199816145
:109950002799C6611F98079A8261C4611A98069A6E
:109960000260219A42710A68EE1CF4A831462192E5
:10997000FDF78CFCF4980C2872D001202D99087307
:10998000F4982A9CE061F5982062304609F06CF862
:109990002146E0690B284FD006284DD1299B0C3376
:1099A0000FCB289DEC682D6934602D9C6561A26108
:1099B000E361209A03C200201F990870119DEE1CDC
:1099C000F4A83146219AFDF70BF9F4980C2845D0FC
:1099D000F59CF49D304608F0E3FF0B2D2ED128981E
:1099E000C168069102694169079183692999CC6828
:1099F0000D69486989693460F44C209E10361BC695
:109A00002D9845611F9806998161C26100201A99BD
:109A10004871079808602699ED480E18F4A8314659
:109A2000219AFDF733FCF4980C2815D0F59CF49D91
:109A3000304609F019F801E0CD690C6A00202D9933
:109A400008730120259908700C2D2F9E01D02498B1
:109A5000B3E60B2122983FE1052002E0042000E05C
:109A60000498259908700B2134E10420D04CA047BC
:109A70002B9D687AA047CF480BF030FE28460C306B
:109A8000CD4CA04728461830A047029E3046A0473C
:109A9000284631300EF004FF284634300EF000FF27
:109AA000F07C10F04FFA307BC149884759E1032020
:109AB0000790000305990978069108182499086011
:109AC0002B9E75682868259068682190F4A80190FD
:109AD000801C31460C31402213F052FF2C9C079819
:109AE000A0712F9806994175B74830184222019904
:109AF00013F046FF2998259941602199816025201E
:109B0000C00028182899C86108354D6030988860D1
:109B100000202D994873A01D0C60249A4A6088602B
:109B200026989649461827980268F4A83146FCF70B
:109B300089FFF49D0C2D00D0B0E00C21CAE0269CDA
:109B40008E4820182590083422466ACA6AC0259893
:109B500003F00CFF24990860F4ADE81C10222146A4
:109B600013F00EFF01202C9EB0719A482B9C2018F8
:109B70001322294613F004FF606806C8299B596127
:109B80009A61083801460831289A516130999161EB
:109B900000212D9B5977B11D2522D2008018D86055
:109BA0001E612498586199618B4826990E18279850
:109BB0000268F4A83146FCF745FFF49D0C2D6DD1E9
:109BC0000A2187E002207A4CA0477C480BF086FDF2
:109BD000029D2878A0476878A04779480BF07EFD61
:109BE0002B9C20460C3010F0E5F92046183087E019
:109BF00003200BF07CFD2B9C607A0BF078FD204657
:109C00000C300EF09FFEFFF75BF9C0464C0A0000D7
:109C100074F60110072000030599097807910818C8
:109C20002B9E75682968259169682191249908609F
:109C3000F4A80690801C31460C31382213F0A0FEA7
:109C400005202C9CA0712F98079941755E4830180B
:109C50003A22069913F094FE29982599416021999A
:109C600081602520C00028182899C86108354D60FA
:109C70003098886000202D994873A01D0C60249AAC
:109C80004A60886026983D49461827980268F4A8DB
:109C90003146FCF7D7FEF49D0C2D1AD0F59C3046CA
:109CA00008F082FF2F9E0B2D06D02E980560446091
:109CB0004A48684403F06AFE3098DF30304909684A
:109CC000014201D1FFF73AF82E480BF042FD0BF0AC
:109CD00067FD0E2122982F9EF173FE1F053EB546AB
:109CE000F0BD0120324CA04736480BF0F7FC2B9D0D
:109CF000287EA047687EA047A87EA04728460C3053
:109D000010F058F9FFF7DCF805200BF0F0FC2B9C65
:109D1000607A0BF0ECFC1D481D4EB0471D48B04763
:109D2000E06810F03BF91C48B04720690624444322
:109D30001035002C0FD01948B0471948B0471948C2
:109D4000B0472888B0471848B047A81C10F082F9DF
:109D5000A41FAD1DEDE715480BF0C0FC00200BF073
:109D6000BDFC2F9EFFF7ACF807480BF0E7FC0AF0AC
:109D700039FA0BF0D3FD0BF013FDC0464C0B00007D
:109D800004ED00E0B2000000A30000000E0000009F
:109D9000DD560110F2000000F1000000F3000000A9
:109DA0000C000000EA000000F8000000F0000000D5
:109DB000EF560110E3000000B59F0110E200000023
:109DC000F4000000E80000004E0A000074F60110E4
:109DD000980B00004D0A00005C0B0000E80A000030
:109DE000F0B503AFABB00C91006805682868002897
:109DF00033D0284620300D902846403009902C461C
:109E00006834284688300B900120010204918102B9
:109E1000069141030891010402910A9040040390C5
:109E2000287A00280F95109401D100F047FF0328ED
:109E300016D128460C300790284614300590287D0E
:109E40000D9EC04678440079400087440294A0C328
:109E5000D91C0798006805999AE0072001F01DF8C1
:109E600028460C301A902E461836287E4000C046F0
:109E7000784480884000874404007B008A00030700
:109E80003207286998E0304616300E90B07DC04603
:109E9000784400794000874402717A170700AC6962
:109EA000E869296A0D9BD9E02078400078448088D1
:109EB00040008744070069006C00FC022A003A0059
:109EC0000806FC022C6DFCE0099801460A3111914C
:109ED000807A400078448088400087440400520023
:109EE000580007002706AC6B099B54E122461F323D
:109EF000E07F002828D0199203280C98F54E01D154
:109F000000F0A5FFF4480BF067FB0B9A10461B30DE
:109F10001990D07E00281FD003280C98069EED4C87
:109F200000D143E2ED480BF057FB28466C30234646
:109F30001A34997E002917D003290C9901D100F019
:109F4000A8FDE7480BF048FB0B9841780378686F51
:109F50001790AE6F00F03CFF517F147F9368D0687C
:109F6000566915460246FFE11A7EE96F00F08CFD46
:109F7000DC480BF031FBDC480BF02EFBDB480BF030
:109F80002BFBDB480BF028FBDA480BF025FBFEDE51
:109F900005912861FE21415C002910D0012028751F
:109FA000002028766868D4492C31E9602861294668
:109FB0000C311A912E461836686100F058FE0021C7
:109FC00029770D9E31720146A03129624321890013
:109FD0004018A8610C980468304621460AF0FEF942
:109FE000C0B2052807D1287F00280FD0032810D041
:109FF000C2480BF0F1FA0021717030702869E861F5
:10A0000028461830F6F7B2FD00F09FFEBC480299D2
:10A01000016006CCBB480BF0A0FFBB48006D039964
:10A02000084200D1A6E3084600242194209420AAE7
:10A030000821064620460B46F6F764FBB248066543
:10A04000A44804604460209821990D9B9C752C695C
:10A05000AC61E86129621A4616320E926862A96202
:10A06000020A9A74E985020CAA85C2B2D2095A750D
:10A070004206920F1A75090C29861F2101400429F6
:10A0800000D304210D9AD17429462C3140B2002806
:10A0900066D420AD28460A300A2213F071FC1BA8B2
:10A0A0001A9014262946324613F06AFC0F9D2C653F
:10A0B000284654301A99324613F062FC0020109959
:10A0C00008702C642846543029465E310A2213F069
:10A0D00057FC002640210998008B2A46443243C28F
:10A0E0004121890061184C6884420ED287480BF0E8
:10A0F00025FB686C0BF016FB20460BF013FB0BF0F6
:10A100000DFC002043218900CCE10968804B2246E8
:10A11000F6F746FAAA6C002A01D100F087FD012368
:10A12000109C2377A261A867E96730460026EE6697
:10A13000012802D12C6F6A6F05E0783528460AF0B5
:10A14000FFFB04460A46002C78D01098017F067762
:10A150000F9DE86E01281A9100D0E3E0286FECE033
:10A1600020A8021D28C928C2098811801BA90A46F7
:10A1700068C868C2008810800F9EB46330463C30C7
:10A180002CC92CC00022099B9A72098801801846AC
:10A190000A3011903546EC632120C00020581790FA
:10A1A000412080002158587A1490DA7998791890D3
:10A1B00098881A90588816901888159020469C30D8
:10A1C0001D7A0B46022D12911992139539D0002D4C
:10A1D0003AD11999002900D1B9E1012900D192E1C0
:10A1E000022931D11898002801D000F097FC169868
:10A1F00041B28020002900D4842016990907490E15
:10A2000008184449405819900225434B2846129C8F
:10A210002146179E3246F6F7C3F9199A1205D30F55
:10A2200020AA13803D4B00932B460CF081FA234665
:10A23000012E33D800200221394B83E20F9DE96CB7
:10A24000E6E0002A00D14BE15C340068C500002D37
:10A2500001D100F063FC21686068C66A27AA1498DF
:10A260005072139810721998D071189890711A98AA
:10A27000908016985080159810801798009020A80C
:10A28000B0472098002803D1083D0834129BDEE730
:10A29000229D219B002B01D100F040FC40200F9C0F
:10A2A000206600206065A3650121E164109A1172A7
:10A2B0001A9AAA4200D32A46E2653F2313405A4223
:10A2C0005A411A9B9D4200D3014611402165254603
:10A2D00000F03EFD80001050FC0B02100C0C021030
:10A2E000BC0B02109CF10110CCF10110ACF101107B
:10A2F000BCF10110FCF10110C83F0020CC0B021092
:10A3000090201150BC360020000011507500000054
:10A31000DCF1011000001050CCF00110DCF0011055
:10A32000ECF001102846783019920AF009FB01225E
:10A33000EA66199A286769671A990B9B1977DE767E
:10A340009C60DA60414241415977432080002646B3
:10A3500014462A6C1D46101822461A9C334606469F
:10A36000686128461B30199069762C762B606A60EC
:10A37000DC4C201D28616068089A10404142414130
:10A38000A9763188D84B19400143514061600C20B7
:10A3900012F08CFB3088D4490840A97E4903081884
:10A3A000069E3043296908600F9D0C98006806C816
:10A3B000CE480BF0D2FD6468344200D068E1701ED4
:10A3C00004400B9E7268A2420CD20A981999087038
:10A3D000C7480BF0B3F900200EF0EEFA0BF09EFA2E
:10A3E000109C68E33168C34B2046F6F7D9F8024663
:10A3F0000B4640210498F6F785F90A98F076E86C48
:10A400000119E964A86C844202D3686C814278D156
:10A41000099E2B6C2120C0001A58914201D900F0EE
:10A4200001FC4120800018581A469C321690A863FF
:10A430001791E963707F1590F17EB57E308B149093
:10A44000F08A1990B48A307F1390002834D012918A
:10A4500018945C331068C4001195002C00D1FEE004
:10A4600003CB896A1A9120A9159A4A72139A0A7223
:10A47000129ACA718D71149A8A80199A4A80189A10
:10A480000A80169A083B1D46179B1A9EB0472B461A
:10A49000119DC1B2083C08330229DED0C00700D1AB
:10A4A000DDE2DCE02A6C5118E9662867109C28463A
:10A4B0006C300AF0C7F9FEE2002900D1C0E00129A2
:10A4C0001998C6B259D00229C1D1012D00D1E4E0BA
:10A4D000032D00D0C3E0002C0A9800D0BFE0DFE0DD
:10A4E000256C002D00D1AFE6214644310978189A39
:10A4F0008A4200D0A8E61699072900D0A4E6E36BAB
:10A50000CCE6E86E12E6A16D169A914200D805E3FA
:10A5100018990A2900D131E1002900D094E60225DA
:10A52000754B28461299179C2246F6F739F820AA4F
:10A5300000231380714B00932B460CF0F9F8129B0B
:10A54000012C00D9AAE6002002216D4BFAE0214639
:10A55000FF31189A002A00D1D7E0062A00D1B0E0D6
:10A56000082A00D0DAE21798002800D169E3C878F9
:10A57000001F4142414119700AE11894986DB042A0
:10A580006DD90B2D6BD170001C184834189DE8B2A2
:10A590006178814200D8D8E01A9616922570D86A60
:10A5A000196B269125901593A033179300263546F5
:10A5B00020A825A90BF0B6FD2098012800D0C8E0FE
:10A5C000229900293AD020A80079239A289227912D
:10A5D000022823D0042814D00528E9D127A80BF09D
:10A5E000D1FDC0072AD1F0B21A9A9042E0D1E8B268
:10A5F0002278101A42424241179809F097FE199E9C
:10A60000D6E727A80BF0BEFDC00717D10E4627A836
:10A610000BF0B8FDC00711D10D46C9E727A80BF014
:10A62000B7FE80B2002809D127A80BF0ABFDC00708
:10A6300004D127A80BF0A6FDC007B9D0E04893E1EC
:10A64000681E08280BD81E46FF3602A1085C400091
:10A650008744C0460A05BA05A0050505CF000020BD
:10A66000432189000F9D1DE7012CF8D10020307097
:10A670005C331068C400002C00D1F0E103CB0A6AFF
:10A680000021083B1D4690472B46083C0833F2E763
:10A69000032019990870042023E20020002CDED149
:10A6A0000F21199A0A40199274B200D105E184234E
:10A6B0008022C449002C00D40C4900D5BFE11A46C1
:10A6C000BDE11599090A4A1E052A00D904E1520084
:10A6D0007A449288520097441500A8016001210233
:10A6E0002102A40180001050FF030000BC360020AE
:10A6F000760000001C0C02108CF001109CF0011080
:10A70000ACF00110E23412258DE1487819900C78F4
:10A710000225AD4B28461299179E3246F5F740FFA9
:10A720006200D3B2199A134320AA1380A74B009357
:10A730002B460BF0FDFF129B012E00D9AEE5002049
:10A740000221A34B179A0AF001FEA2480BF001F870
:10A7500085E7159D5C3516980068C400002C00D173
:10A760007DE103CD4B6A1999189A083D9847083C3A
:10A770000835F3E70320287705998AE3179800281E
:10A7800000D161E216984000201848300078187017
:10A79000012583E5601E80B27F2800D35FE7032098
:10A7A000F0700120B07034715C331068C400002C6C
:10A7B00000D154E1317905CB5269083B1D469047E1
:10A7C0002B46083C0833F2E7012C00D047E7012470
:10A7D00034705C331068C500002D00D13FE103CB1D
:10A7E0000A6A2146083B1E4690473346083D083317
:10A7F000F2E7002C76D0012C00D030E71692764894
:10A800001C460AF0A6FF0420F070E06A216B269136
:10A8100025902046483019902546A0351594A06D06
:10A820001A900026344620A825A90BF07BFC20981E
:10A83000012800D09FE0229900293CD020A800796F
:10A84000239A28922791022825D0042816D005287B
:10A85000E9D127A80BF096FCC0072CD1E0B21A9AD8
:10A86000824200D8E9E14000199A105CF2B2801AE5
:10A8700042424241284609F059FDD4E727A80BF08F
:10A8800081FCC00717D10C4627A80BF07BFCC00742
:10A8900011D10E46C7E727A80BF07AFD80B2002839
:10A8A00009D127A80BF06EFCC00704D127A80BF034
:10A8B00069FCC007B7D0494856E049498B6E002C67
:10A8C00000D5B5E0411E02468A4151000222934361
:10A8D0000B4344498422B0E00F2900D01EE1636B92
:10A8E000A56BDBE4F078022800D1B8E016923E4870
:10A8F0001C460AF02EFF0320F070E06A216B2691BF
:10A9000025902546A03420A825A90BF00BFC209803
:10A91000012800D0E9E02299002924D020A800795C
:10A92000239A2892279102280DD0042811D00528B7
:10A93000E9D127A80BF026FCC00714D1002220463D
:10A9400009F0F4FCDFE727A80BF022FD80B2002815
:10A9500009D127A80BF016FCC00704D127A80BF0DB
:10A9600011FCC007CFD02148009021482B212AAAF2
:10A97000204B0AF003FE159B5C3316980068C50057
:10A980000124002D6BD003CB8A692146083B1E466B
:10A9900090473346083D0833F3E71599C9B20329B8
:10A9A00000D9C8E00420890001A2515822468F46F0
:10A9B000F9A9001015AB001007AB00100FAB001089
:10A9C0001CF101103C3600204CF001105CF001102D
:10A9D0006CF001107300000010000000FCF001108A
:10A9E00000001150BC360020110000000CF10110D5
:10A9F00064090210900902101799002900D12AE178
:10AA000004251D70012900D128E103205870022976
:10AA100000D826E109209870032900D124E1DD70D7
:10AA20003CE4F4340A25234638E4E36A256B35E434
:10AA300001218B431B18F1498022F14CA366431E70
:10AA40009841C002199BDB009A18EE4C155901265B
:10AA5000F602B54305431551C8180BF061FA4320BF
:10AA600081000F9D286C4118FF220232835C002B6D
:10AA700025D0801882780020109B98761A76E96796
:10AA800028466C301C461A34E9665A76002119743F
:10AA90000C99096809F0A6FE00281FD1109C607E61
:10AAA0007F210140D64801600A98A076286CFF21DA
:10AAB0000231002242540E99012020709AE10020B8
:10AAC000109C2074E9660C98016828466C3009F0E7
:10AAD00089FE00280E99EFD0062003E003202070A5
:10AAE0000520109C20700420CFE15C35169800688A
:10AAF000C400002CB3D003CD8A690021083D9047E3
:10AB0000083C0835F5E7224608320C2002E02246D0
:10AB10001032142021581268002A1DD10020432130
:10AB200089000F9DEA6B5118E964286528464C306E
:10AB300009F088FE5AE15C340068C500002DEDD0B4
:10AB400003CC0B6B1599169A083C9847129B083D4D
:10AB500008340028F2D002461798012879D903203A
:10AB60005870189250181590022500261696002E3F
:10AB700002D01698199025E0189C159884424ED062
:10AB8000002019902056C6B2002801D4641C18E099
:10AB900062783F210A401F203040E02E0ED3A37878
:10ABA0000B409201D218F02E22D3E3780B40910192
:10ABB000C9184007C00A0E18241D1CE08001861821
:10ABC000A41C18942846AD1C179CA54233D2C34937
:10ABD000009129461A462346F5F750FC20AA168014
:10ABE000BF4B009302230BF0A3FD129B199EBEE7FF
:10ABF00000031618E41C189402988642129BE1D3B5
:10AC00003046A74908403721890240181990FF2093
:10AC100000043018800A1B21CE020643D2E71D70C3
:10AC2000FFF73CFB0020A24B0AF090FBA148372124
:10AC3000A14A09F0AFFFA84883E09C4A1A990AF09C
:10AC4000CBFB00209E4A01E000209C4A01460AF00E
:10AC5000C3FBA04875E000209D4AF7E701209B4A0E
:10AC6000F4E70220974AF1E70320974AEEE7FE2136
:10AC7000415C002920D000210D9A1171A030E861BB
:10AC80000C98046828461C30214609F0A7FBC0B286
:10AC900005281ED1032030701A9805689248006874
:10ACA000C0054DD128680021296002281DD1904897
:10ACB0000AF04FFD0F9D01E0012030700020287543
:10ACC0006868E860294614312A460C320792FFF77B
:10ACD0005FF900210D9A5171107168692862284648
:10ACE0001C30F5F743FF6869C1E7002806D12168E9
:10ACF0006068096888472291219009E06A68AE6817
:10AD00002168606886420AD18A4208D1229621923F
:10AD10000120209020A9284607F083FF0DE0096854
:10AD200014468847229121900120209020A928468E
:10AD300007F077FF61683046884704200F9DAAE03E
:10AD40006A480AF006FD0AF02BFD2869FFF722F990
:10AD500000246C662E464C36012803D1AA6EE86E9C
:10AD60001A9004E03046F5F76FFB02461A91002A6C
:10AD70000E990AD01098017A199104720F9D686E8D
:10AD8000012804D1A86E18900BE00F9D2FE03046EB
:10AD90001646F5F759FB01226A6632461890A866F6
:10ADA000E96617926A671A98A8671099CC770C46DB
:10ADB0000B9B199E1E7043218900EA6B5118A161FB
:10ADC000189A5142514159703346064622461F3265
:10ADD00061772377402E17D90120107041480AF07F
:10ADE000ADFC00200DF0E8FD0AF098FD0E99119AD7
:10ADF0000120107001200870A7E7C0463C360020F3
:10AE00000000115000001050199240210498179A28
:10AE10003346F5F793FC32461A96224EEE673068B9
:10AE20000899084041424141A17710430521490357
:10AE3000414031600C2011F039FEA07F40031A9987
:10AE40000843212189020143E86F01600C980068E2
:10AE500006C815480BF081F8306806990842199E1B
:10AE60000FD1607F012808D108980E4C60600C203B
:10AE700011F01CFE09208002606001203070686EB5
:10AE800066E7032030701199087005990E9A1070CA
:10AE9000052008700320287206202BB0F0BDC046A4
:10AEA000FF030000800010503C3600202CF1011000
:10AEB0000CF2011038090210ECF10110BCF0011085
:10AEC0007CF001105CF101106CF101104CF10110EB
:10AED0003CF10110AB000000AC0000007CF101105F
:10AEE0008CF101107400000004ED00E0B2000000DD
:10AEF0006B000000F0B503AFBBB0229100680068A2
:10AF00000368002B6CD0012019682090014018467E
:10AF100008300029024600D10A46299206221092E2
:10AF2000002900D161E30925289305260B212791EB
:10AF30000321692224924523209C240213956D014C
:10AF40000196B601279A520126920F91C9012591C7
:10AF500024998A00DB00289909191991289949191F
:10AF60002791289989191291289E269971181E9166
:10AF7000259971181F91B1181491F21834466C3448
:10AF80003146B8310E9149218900299B59181191F8
:10AF90002B21C900591817915F21890059181B915D
:10AFA0006B218900591818911946B0312491F83352
:10AFB0001693117A002915921C9413D0032900D0FE
:10AFC000B2E01C98007840007844808840008744B4
:10AFD0000500C000C0003100A2027602B36D25E07A
:10AFE000072040E231464C31259113682393516884
:10AFF00026913365B1691D91F16921913346203362
:10B00000194674C874C1289E00201D993163219A85
:10B010007263B06334463C3407C42399B164259904
:10B020000880B365269971651C990870F3653146EF
:10B03000299A8FE00E9B1878314670312191239325
:10B04000249D4000784480884000874405007000BB
:10B050008200300087010800219A146882E0149869
:10B06000014614312691007D002843D0032861D188
:10B070001498014610312591007C002842D0032805
:10B080001F9D5DD168780E9A239240007844808895
:10B090004000874404005B005E005B0278021E9B58
:10B0A0001E695D69D8690E992391259C9BE11A1D43
:10B0B0001E98014608312691007A00281ED00328E8
:10B0C000199D3AD11E98011D259100790028179EDF
:10B0D0001A921FD0032836D11E9B18780028289E6C
:10B0E0001CD003280E9823901D9300D191E0FA48BC
:10B0F0000AF072FA58681D90239349E114683146AA
:10B10000179E3BE01E9B58689E68DD680E99239150
:10B11000259C61E105CD2968239341E0E8682A690F
:10B1200069690E9C239443E0EC480AF055FAEC4818
:10B130000AF052FAEB480AF04FFAEB480AF04CFAE0
:10B14000EA480AF049FAEA480AF046FAE9480AF0F9
:10B1500043FAFEDECC6D0020249D28709466683290
:10B160002B460E462192746700203146179E30729E
:10B1700034346C603046083026902A1D1A9223938E
:10B180000846C030402112F008FB20682021299A8F
:10B19000D832199D05C5296000233371331D2593CD
:10B1A000083DE8602A616961002333703346289EB8
:10B1B000A861EA61279A11601F2909D91D930189A5
:10B1C000516000680468BFF35F8FD460946001E051
:10B1D000C94841E127980368EA69C84800902021DE
:10B1E0002046F5F74BF9279B5A68002A00D12DE13C
:10B1F000103307C313200001301809F0A1FB002809
:10B2000036D00022129B1A7703C3A869001D279924
:10B21000C8614F20800031182298026839AC20465E
:10B22000F5F7CAF920780228159A209B00D106E18B
:10B2300039A9C00709D04E78A8690068BFF35F8FAD
:10B24000002101601E4021981DE03A99119A106872
:10B2500040181060279A5268914202D3202800D0EB
:10B26000E3E0A8690068BFF35F8F0021016000E0A0
:10B27000209B27988468C16800290BD00226002CE7
:10B28000219809D01A911D990B7025990B70269958
:10B290000B70EAE0199D9DE71D98037025980370D7
:10B2A0002499887A38AEB070087A497A0902081869
:10B2B00030800E9CE07A2590207B1D90607B0D9065
:10B2C000A07B0C90E07B0B90207C0A90607C099026
:10B2D000A07C0690E07C0590207D0490607D03902A
:10B2E000A07D02902899CF312AA808903122079298
:10B2F0001D4612F045FB26980570299D70350322E6
:10B300002846314612F03CFB1C9802998176289E13
:10B3100003994176049901760599C175069981755D
:10B32000099941750A9901750B99C1740C99817439
:10B330000D9941741D9901742599C1733046873068
:10B340000899079A12F01CFB706F016B1A9A106033
:10B3500024988560054600202074E1602C1D20465D
:10B36000229900F065FA0028189D64D1204607F064
:10B37000A5FB706F34301D9020603046C0303146E0
:10B380007831402212F0FCFA00202871281D269006
:10B39000C0364025169C204631462A4612F0F0FA67
:10B3A0002720C0002999081820262590314612F040
:10B3B000F4F91D9A03E021786155761E641C002E75
:10B3C000F9D120251E9B1D601068DD60259E9E60C2
:10B3D00058600021189C21701E615D6100211F9A38
:10B3E00051701030D8619861212D34D221463446F5
:10B3F00025918688202D09D100201F990870002EE4
:10B400000ED181483721814A09F0C4FB002E27D094
:10B410002846314612F050FC484248411F990870B6
:10B42000081D70C0289E0D4683E0A9690968BFF316
:10B430005F8F0860DEE60420159A239BCFE00F990A
:10B440001D9801700846239B259EC5E06E48372154
:10B450006F4A09F09FFB66480AF07BF90AF0A0F9F1
:10B4600064480AF0AFF83BB0F0BD23990B70054675
:10B4700007F06CFA092E2899299A00D16AE6966598
:10B480004C661A9888665C48C079BFF35F8F0028C5
:10B490000E4635D01446583458480AF04FF9204625
:10B4A00008F050FE0AF03AFA2AA8554A00230AF09A
:10B4B00091FD2C982A992B9A06C51C9908732298FD
:10B4C0000168304670300AF0C3FD00283146299AE1
:10B4D00000D13FE605202AE01CF20110A0FA01107D
:10B4E00050FC0110580C0210480C02109CF2011084
:10B4F0008CF201106CF20110A70000002CF2011078
:10B500002AA8404A00230AF065FD2C982A992B9A14
:10B5100006C51C99087322980168304670300AF0FD
:10B5200097FD00283146299A00D113E60420159A88
:10B5300057E01B9809F0B6F9002817D00022149B99
:10B540001A731E9A92692A616861A9611920000123
:10B55000301822990968F4F7A1FFC4B2022CE8D090
:10B56000032C32D0209B2198259E1DE028780128AD
:10B5700020D11E9880691B99086000202099A9603D
:10B58000E8601499087061208000301822990968D9
:10B59000F4F784FFC4B2022C159A0F99209B2198CE
:10B5A000259E0AD0032C0ED06B70337026990B7039
:10B5B000032607E0209B2198259E6B703370269907
:10B5C0000B70139E51E7042003E00320159A0F9996
:10B5D000259E68700198239B3170269C21701870FD
:10B5E0000320032111721C99087010983BE7C04694
:10B5F000A90000004CF20110C83F0020C20000006A
:10B600008096980040420F00380902105CF2011049
:10B610003CF20110F0B503AF8BB0039100680568F0
:10B6200003CD083D014320D02846153001902C461B
:10B630006034287B002800D1B6E0032800D0ABE0BE
:10B640002946103126460D36607B00280FD003288E
:10B6500013D10491201D05902079002809D002966D
:10B66000032849D0644809F0B7FF0720BDE0A86E61
:10B6700006E028696A69A9690FE0604809F0ACFF33
:10B680000491002323730068012122460C322861B3
:10B690006A61A9612371231D0593E8612A626962C9
:10B6A000002908D00189A96200680068BFF35F8F94
:10B6B0002863E86204E059480AF04BF80AF070F891
:10B6C0002A6A6B6A4E4900910121F4F7D7FEAA6AF3
:10B6D000002A00D18BE02B46343307C32846343090
:10B6E00009F02EF900282FD0029600222270EA6974
:10B6F000121D2A646864A9640398026829464031CF
:10B7000006AE3046F4F758FF30780228029E66D025
:10B7100006A9C00709D04878E9690968BFF35F8FB7
:10B7200000220A600121014015E00799286B4018AA
:10B730002863AA6A914201D3012848D1E8690068C8
:10B74000BFF35F8F00210160E86A2A6B002AB7D03F
:10B75000002832D0022101233370059E3370030C80
:10B76000019E7370030A3370030EB370287529614C
:10B77000AA61244809F0E2FF049808F0E3FC0AF00B
:10B78000CDF806A8204A00230AF024FC0898069960
:10B79000079A29626A62F07403980168284620308B
:10B7A0000AF056FC002818D100206073A868A8662B
:10B7B0002946103126460D3662E70120207160735C
:10B7C000267B124809F0C5FF11480670ECE7E969CD
:10B7D0000968BFF35F8F086080E7042003E003205F
:10B7E000307005990870287306200BB0F0BD094829
:10B7F0003721094A09F0CEF91CF201106C0B021036
:10B800002CF20110C300000040420F005E00000057
:10B81000C03F0020380902103CF20110A7000000D0
:10B8200080B500AF006801780720484080BDD4D4BF
:10B83000F0B503AFFFB0AEB005464524A0002B180D
:10B8400059208000281817902846203018902E463E
:10B850006036287B0A464000784480884000874450
:10B860000700AE0ED00EEA02A102B5027E01420030
:10B870001493119228680F9068681695A968109122
:10B880002022855C0146203115901391129212F00E
:10B8900077F8681E14284BD84000C046784480884A
:10B8A0004000874414001C039D02E5020B02800344
:10B8B00082031A0384038902A90E8603E300690147
:10B8C000ED008D037C039403A701E1008B030124A9
:10B8D0000322574B1598214607F0EFF9092208F08B
:10B8E00091FC01F055FE149318994878169510357F
:10B8F0001295491C13914000784480884000874489
:10B900000E006A0E800E6008F20C1F0D0406980BE4
:10B91000D30B340E470C150C070A100EA70011921A
:10B92000169B19695D6998690E90D869109015E0A9
:10B93000FE2D00D0A8E30020189A50700F9D2846D5
:10B940001830169B159919615D610E9098611098D9
:10B95000D861501C13901846103012902120159178
:10B96000085C0146FF39F022D243914200D30E20F9
:10B970000E2816930F9500D1FF20189D28702D4892
:10B9800009F0DCFE2C4809F0A9FE00200D90285695
:10B9900080002A4908184068007809F0A8FE09F0DC
:10B9A000BDFF28780D2801D901F0ECFD159B1D463F
:10B9B0002135800001A1085811998746F5B900107A
:10B9C000BDC5001059C5001023C5001091C300105B
:10B9D0002DC40010D5C50010DFC5001043C70010EE
:10B9E0006FC60010FDC2001073C4001085D5001092
:10B9F000CBC30010002104241D46114B28462246CB
:10BA000007F05BF9062208F055FC0C220D4B284686
:10BA1000214607F052F90F9B0CCB0B4C00940AF017
:10BA200087FE0A4809F08AFE284600F0C1FDC0469C
:10BA3000D0FA011034000000F5000000281B0210AD
:10BA400060FC011070FC011080FC01103F00000040
:10BA500018980830114608F085FF002801D101F040
:10BA600091FD0E2001F089FDF948AAE20026159803
:10BA7000867001244470F74809F06BFE01F089FDDF
:10BA8000139A507891780902081841BA169D698274
:10BA9000D2782A748E18002810D10F98006BEE49C6
:10BAA00007F0CEF80C4680688121C90040180121BA
:10BAB000090211F072FE2068401C2060E74809F07E
:10BAC0003DFE688A0BF014FE287C0AF097FC09F012
:10BAD00025FF0F98006BE24907F0B2F817918068D4
:10BAE0008121C90018914018698AB2B2DD4B07F074
:10BAF000EFF806460C46287C021D0421DA4B139809
:10BB000007F0CCF802460B46D84800903046214654
:10BB10000AF00EFE17990868401C08600F98006B29
:10BB2000FB4907F08DF80E468068189941180120EE
:10BB3000040220AD2846224612F082F83068401CEC
:10BB40003060002016990875169815302946169D04
:10BB5000224611F015FFF24814994860119A2846C0
:10BB60001430114608F0FEFE002801D006246BE1D7
:10BB7000EC4809F0EEFD9DE21399CE781D2E00D31E
:10BB80008AE2487889780902081800BA040C321D44
:10BB90000421E54B159807F090F8189017910F982D
:10BBA000006BE24907F05CF8149125463119012435
:10BBB0002202914201D901F0F6FC8068DC49009133
:10BBC00040198121C90042181898179933460AF084
:10BBD000AFFD14990868401E0860D64809F0AEFD14
:10BBE000284609F09FFD159808F09EFA09F096FE88
:10BBF00001F0CEFCD04809F0ACFD139A5078917852
:10BC000009020818189041BA60A812910180D578ED
:10BC100004207C90C949109C204607F021F805209B
:10BC20006D900E208E900868401E0860C449204622
:10BC300007F006F8099141682C9500262996279669
:10BC40002596239669200B900401081922901791DC
:10BC500021910122209220A80A90002D01D100F00C
:10BC600046FF0A9801461C3114910146143108918F
:10BC70000C3013902B961898002800D11EE20792E2
:10BC80001298431E0B98C0001890179D002C00D1ED
:10BC90003CE2239518982D18249514981946139A68
:10BCA000F4F751FE0B46C107A64824181898361819
:10BCB000179880190029E9D0219538E2139948781E
:10BCC000169D287488786874C878A87424201599FB
:10BCD000085C243149780902081841BAA98200BADF
:10BCE000010C2E46183630460BF0B4FB964809F08E
:10BCF00025FDA88A0BF0FCFC687C944CA047A87C2E
:10BD0000A047287CA04730460EF054F909F006FE03
:10BD10008F49109806F094FF0246287C012801D92B
:10BD200001F05CFC6B7C052B01D301F05BFC1591F1
:10BD300017962C46AD7C0E2D01D301F058FCA8219E
:10BD400059436923DB0043435068C01840180C2650
:10BD5000754340191799324611F03CFE1599086851
:10BD6000401C0860607C1590A07C1390207C129091
:10BD70001CADE81C1799324611F002FE0120189EF6
:10BD80003071204625300F22294611F0F9FD129816
:10BD9000B07513987075159830756148149948619D
:10BDA0002546119A1898001D114608F0DBFD002861
:10BDB00000D17FE1042447E0664809F0CAFC5848F6
:10BDC000149908600620169D2874119A2846103090
:10BDD000114608F0C7FD002800D16BE1052433E0CF
:10BDE000139B5C78601EC0B20528204600D300205B
:10BDF0000106002900D00446169D00D150E1E0B2B2
:10BE000000260124052800D17BE1022801D001F0A1
:10BE1000C1FB587919799A78DB7809242C74404C45
:10BE2000149E34601B029A180904000640188018FA
:10BE300000BA6861119A28461030114608F092FD48
:10BE4000002800D136E10324012601F0A3FBC046FF
:10BE5000800000008300000090FB011069000000DA
:10BE6000A0FB0110B0FB0110C0FB0110D0FB0110C2
:10BE70001398C678857817954478189436491098A1
:10BE800006F0DEFE149106C80094280233041B1845
:10BE900019AC204601F008FC14990868401C0860A1
:10BEA00020460BF0C9F905462C4809F047FC284606
:10BEB0000BF01EFC2A4C1798A0473046A047189854
:10BEC000A04709F02BFD04210622264B159806F009
:10BED000F4FE2A4608F096F975E0234871E01398BD
:10BEE0004478601EC0B20528204600D30020010619
:10BEF000002900D00446169D00D1D3E0E0B2401ED8
:10BF00000026012403A14000085A40008744C0468F
:10BF1000E0FB01102E002F043B042604420BC04618
:10BF2000703A00205C00000050FB011060FB011023
:10BF300080FB0110250000001C00000000FC011027
:10BF400010FC0110B8FCFFFF67000000FD6301104A
:10BF500040FB01109000000020FB01105D0000007C
:10BF60002557011030FB01107900000009F052FE46
:10BF70001890179102210622F44B159806F09DFEA9
:10BF8000054615917D20C200002618981799334662
:10BF900011F0A4FE02462846169D1599EFE30220F3
:10BFA000159948700FE0F2480BE0F24809E0F248BA
:10BFB00007E0159812994170F04802E0F04800E05F
:10BFC000F04809F0C6FB0026012401F0E2FA1398BC
:10BFD000C67844788578EC4809F0B0FB280200194F
:10BFE00005BA280C0BF084FB30460AF007FA09F07A
:10BFF00095FC04208E90E549109806F031FE0891DA
:10C0000001210D91209142682192002423942594CE
:10C01000299470082C9069210E910E0117929119A4
:10C02000229120A90791002801D100F086FD690C1A
:10C03000079A13461C3313931346143306930C329A
:10C0400012922B94401E119000293AD027944B1E37
:10C050000E98C0001890179D002E00D1CDE02395BA
:10C0600018982D18249513981946129AF4F76BFC1A
:10C070000B46C107E9483618189824181798001974
:10C080000029E9D02195C9E0E54809F057FB13984C
:10C0900008F04AF809F042FCFF201599087092E771
:10C0A000E04800E0E04809F049FB20460AF0A6F924
:10C0B00009F034FC0026012401F06CFA0F9200F024
:10C0C0009EFC8EA89E90159A9D9200202790219C00
:10C0D000002C00D1FFE0229DAC4200D1FBE0239474
:10C0E0000E98C0002418249421949DA81399119AA5
:10C0F000129BF4F743FC159A1191C007ECD100F0A4
:10C100001CFDEE4809F025FB01F044FA21900026C1
:10C1100023962598002801D100F0C9FC14981946EF
:10C12000089AF4F710FCC00701D100F0BFFC259E6F
:10C13000279812902899401A424242411092249A1C
:10C1400026980C90229D20980F902198239C059171
:10C150000D910E9604921790234606960390014681
:10C16000304602942646129C002C11900AD00C34C2
:10C17000129400241098C007002800D1129C02D10C
:10C1800000F033FC002410940F98002800D12DE318
:10C1900030460C46002806D00646A83600239042BA
:10C1A00000D033461FD1002C08D0AC4208D01898DC
:10C1B00022181792234611462046EAE7002100E0A4
:10C1C00021461198002800D1C0E20446A8341294F8
:10C1D000002604460C98844220460E9601D0129CFC
:10C1E0000E9403D1B2E22146119C12940446A83069
:10C1F0000D90002010901298B6E72190002523950D
:10C200002598002801D100F077FC13981946069A6A
:10C21000F4F799FBC00701D100F06DFC259C27982D
:10C2200010902899401A424242410F92249A26982F
:10C230000990229D20980B902198239E04910A91A9
:10C240000C9403921790334605941494029004467C
:10C2500001963146109E002E0D9800D00F98C00711
:10C2600000D1DFE20B98002800D1F6E2084626460E
:10C27000002806D00146A8310023904200D00B468A
:10C280001ED1002E08D0AE4208D01898321817924E
:10C29000334614463046EAE7002400E03446149E54
:10C2A000002E00D156E2A836109600210998149E5F
:10C2B000864214980C9101D0109E0C9603D149E24D
:10C2C0003446149E10960646A8300A9000200F901F
:10C2D00010981490BFE700242394259800280BD0D1
:10C2E0009DA81399119A069BF4F748FB159A119192
:10C2F000012801D000F021FC2594E0E2581C1F2108
:10C30000FF22179018921E4611F004FC0020307096
:10C3100006466878A9780902081810F02BFB80B24D
:10C3200001461239092900D9DCE2159D4900C046B1
:10C330007944898849008F440B0005066409640923
:10C340001706F305640964094F062906E0FA01108F
:10C350005B49109806F084FC80685A4A845A086841
:10C36000401E086001210322574B00F0F8FDC04633
:10C370007C0000007B0000007A00000084000000C8
:10C38000810000008500000026000000F0FB011085
:10C3900068782946189D287188786871C878A871CE
:10C3A0004A4809F0CBF96879494CA047A879A047D9
:10C3B0002879A04709F0B2FA4649109806F040FCE7
:10C3C0000868401C086001F0DDF8F720C143687878
:10C3D0000246FF3A8A4200D30720072800D1FF20F7
:10C3E000062801D900F0C0FC02A14000085A400014
:10C3F0008744C0460700E804C6039904A9038D05D5
:10C400008F05354809F0A5F901201599C877002056
:10C4100088700820487000F0F0FDC046B8FCFFFFAF
:10C420006C000000BD000000BE0000002021FF22C3
:10C4300018461C4611F06EFB0E98017D217001F02C
:10C4400013F960700F9801694069420000239A4215
:10C4500001D101F097F8981C1E2B01D101F0B2F820
:10C46000159CE3180C789C704C78DC70891C034692
:10C47000EDE711916878A9780902081810F07AFAA6
:10C4800080B201461239092900D942E2880001A18F
:10C4900008588746DDC4001005D0001003D60010F0
:10C4A00003D6001047D00010B3CF001003D6001001
:10C4B00003D6001041D10010E7D000109100000019
:10C4C000C0FD01101C050000D0FD0110330000006C
:10C4D000FD630110B0FC01101F000000E87829790D
:10C4E00009020C18FD49109806F0AAFB8068FC4A66
:10C4F0008452119A0868401C08601698C484FD484C
:10C50000149948610F20189908711898001D114658
:10C5100008F028FA002801D101F034F8062001F0D3
:10C520002CF86C78AD78F8481E4609F007F92846D3
:10C5300009F064FF204609F061FF09F0EFF9F749BF
:10C54000109806F08DFB0868401E086020213046D8
:10C5500011F080FA01F016F82220185C2233597885
:10C5600009020A1854010F99C868A04201D801F0C5
:10C5700009F81892896826462036864200D9064670
:10C58000301B09190022159D202A01D101F01EF847
:10C590008B5CAB54521C9042F6D1E54809F0CEF8C2
:10C5A000E44D1898A8472046A8473046A847159854
:10C5B00007F0BAFD09F0B2F900F0E4FF002104220F
:10C5C0001846DD4B06F079FB0F9AD26807F072FE31
:10C5D00000F0D8FF0E9801F05DF800F0D3FF0E9C3C
:10C5E000204601F057F8207D15990870204601F08B
:10C5F0003BF815994870E168002900D1EDE1080A7F
:10C6000001D000F0D4FF149148002146A4682018FE
:10C610001890086917901898844200D1D8E01798AC
:10C62000C64906F01DFB0E46A51C2178042902D838
:10C6300062780E2A03D3C24809F08BF80AE056301C
:10C640000723134009011143C9B2C908405CD8400F
:10C65000C00704D13068401E30602C46DBE73068EC
:10C66000401E30601498401E14902C46D3E72021C1
:10C67000FF2218461E4611F04DFA6878A978090283
:10C680000818092801D300F07DFF00210224AD4BDA
:10C69000AD4D30462246A847AC4B2246984704256C
:10C6A000AB4B304621462A46A74CA04706242246DB
:10C6B000A64B9847A74B304629462246A24DA8478D
:10C6C0000722A24B98470825A34B304621462A460D
:10C6D0009D4CA047122218929C4B984734460A263C
:10C6E0009E4B204629463246974DA8471322974B2A
:10C6F00098470C259A4B204631462A46924EB04721
:10C700001622924B98470E26964B204629463246D3
:10C710008D4DA84717228D4B98471025924B2046E8
:10C7200031462A46884EB0471A22884EB0478F4B72
:10C7300020462946189A844CA0471B22B04700F097
:10C7400021FF00200E99087500F01CFF0D990E982E
:10C75000179C50E00A990C98179C83E0022106224E
:10C76000834B159806F0A9FA0124224607E002211E
:10C770000622804B159806F0A0FA0026324607F0F4
:10C7800059FD00F007FF2C200F99085C002801D10B
:10C7900000F000FF086B784906F062FA1891022554
:10C7A00022950A2121915630209020A808F07AF88D
:10C7B000002800D174E1401E159B0029F5D0202DE2
:10C7C00004D0425C5A55491E6D1CF6E7129DECE7F9
:10C7D000149A1006159900D004E10E9A507D00239A
:10C7E000012801D1012090821A46FBE006980599A4
:10C7F000049A039C029B2393109B279328912590D6
:10C80000249221942998002800D170E101460C312E
:10C8100000222A9B984200D00A462992079A00D00B
:10C82000EDE064E123930A9828900C9825902492D7
:10C83000179821900C3627968EA99E91159C9D9451
:10C840002046119A139BF4F733F81191012800D078
:10C8500073E1224620980B901BE005980499039AF7
:10C86000029C019B2891259024922194239329983E
:10C87000002800D161E101460C3100222A9B984238
:10C8800000D00A46299200D157E18EA89E90159AB1
:10C890009D92002027900B98002810D02398002804
:10C8A00000D114E49DA81399119A129BF4F766F82D
:10C8B000159A1191012801D1FFF709FC3DE10020F3
:10C8C00027902998002800D137E1079B24338EA9AF
:10C8D0001046119AF3F7ECFF2FE1C04690FE0110CD
:10C8E0001C050000189A04A1159C4000085A40003D
:10C8F0008744C046703A00200C0087065C04870617
:10C9000087068706AE04E40332000000227000F0C0
:10C9100039FE03A14000085A40008744A0FC0110E2
:10C92000330672062F00720672067206EE04BC040D
:10C930003E0000002557011090FC0110500002102D
:10C9400087000000D0FC0110BB2C011089420110AF
:10C95000E0FC0110F0FC011000FD011010FD0110C1
:10C9600020FD011030FD011040FD011050FD0110AF
:10C9700010FB0110F0FA011000FB0110E878297992
:10C9800009020C18A0B27D21CA0000210B4610F04C
:10C99000FCFF05460E46F849109806F051F98068EC
:10C9A0001122520185508018119A46600868401C77
:10C9B00008601698C484F148149948610D201899AC
:10C9C00008711898001D114607F0CCFF002801D10E
:10C9D00000F0D8FD032000F0D0FDE94808F0B9FED2
:10C9E000159901228A7000F0CDFD239327940D98AC
:10C9F00028900E98259024921798219000220A984A
:10CA000030300024A3948EA9A2916DA9A19160A9B0
:10CA1000A0917CA99F9115999E919D90002A07D184
:10CA20009DA81499F3F7C8FF002860D120980F90B3
:10CA300027940F98002829D02398002806D09DA875
:10CA40001499139AF3F762FF002850D1219D002D0D
:10CA500010D0229EB5420DD023950B98C0002D1802
:10CA6000249521959DA81499139AF3F74FFF002858
:10CA7000F0D03CE023942598002806D09DA8149976
:10CA8000089AF3F743FF002831D125942794299879
:10CA900000282CD00A9924319DA8F3F78DFF26E0B9
:10CAA00018990868401E086000F073FD0B46299C29
:10CAB000002C15D02A98001B0C2117911D4610F050
:10CAC00008F82B468542294600D30146179A4A4367
:10CAD000A21883422992304601D8FFF72AFB5B1A3D
:10CAE00000262996002B304601D1FFF722FB099939
:10CAF0000868401C24E00B460595299C002C15D0A5
:10CB00002A98001B0C210D461E460FF0E2FF33460B
:10CB10008642314600D301464D4362198342299231
:10CB2000059C204601D8FFF77BFB5B1A0024299463
:10CB3000002B204601D1FFF773FB08990868401EBF
:10CB40000860FFF740FA8F4808F003FE159C0D9827
:10CB50002070AD788C49109806F072F8072D00D936
:10CB60002EE40C910E952034109480680B90874928
:10CB70000D9A302A00D1EDE37CA881520C32F8E7FF
:10CB8000834808F0E6FD0021159814910170AD78F6
:10CB90008049109806F054F880688D22940000595E
:10CBA0000A68521C0A601895A84201D800F0EAFCF5
:10CBB0007949109806F044F80E9180680F940D9012
:10CBC00000591899884266D92420159C205C21467A
:10CBD000243149780902091861A809906F4DA847C6
:10CBE0002620205C2146263149780902091864A8CC
:10CBF0000C90A8472820205C21462831497809025A
:10CC0000091867A80890A8472A20205C21462A31E5
:10CC10004978090209186AA80A90A8472C20205CC4
:10CC20000B903820189948430D9908180D902C3412
:10CC3000607815905A4C0998A04702464720C100D9
:10CC400009910D9845180221564B28469847089897
:10CC5000A047024604212846524B98470C98A0470B
:10CC60000246032128464F4CA0470A984C49884762
:10CC7000024605212846A0470D9B099C18594A49A0
:10CC80000140159800020B9A8018484A024010048F
:10CC90000818801818510E990868401C086044490B
:10CCA000109805F0DDFF0C4680680F994158189ADE
:10CCB0009142169D0CD93821189A514340184721AA
:10CCC000C90041182846283007F00AFB01201490BB
:10CCD000149868622068401E2060686A012801D0AC
:10CCE00000F050FC6DACA01C169D2946283138225E
:10CCF00010F046FE1898707005203070284662309B
:10CD00003A22214610F03CFE1C4817990860119AFF
:10CD10003046114607F026FE002801D100F032FC13
:10CD20000C2000F02AFC234808F013FD0020159980
:10CD30000870AC782049109805F092FF0D46072C3A
:10CD400009D844216143806842181048801D118829
:10CD5000814200D05AE301210B22184B159805F0AF
:10CD6000ACFF10F077FE86E315481C4608F0F1FC96
:10CD700020212046FFF7ECFB50FE0110703A002006
:10CD8000880000001E000000000002106F08000074
:10CD90002100000090FF0110A0FF01105574011048
:10CDA000ED4A01105978011000C000C0FF3F00009B
:10CDB000B0FF01101D000000C0FF0110F0FF0110C6
:10CDC0007F000000F74808F0C4FC00202946159DAC
:10CDD00028708C78F449109805F042FF0E46806860
:10CDE0008D2189004158A14200D8DDE217963821F3
:10CDF000614340184721C900441801210322F54B23
:10CE0000284605F05AFF05460E4602211894204692
:10CE10000AF0A2FD81B2F04CA142214604D09DA9A6
:10CE20004880000C8880A11C9DA801800AF004FAAB
:10CE300002462846314607F027FA03260522E74B2B
:10CE40001598314605F039FF14900D461898314673
:10CE50000AF082FD81B2A142214604D09DA94880FA
:10CE6000000C8880A11C9DA801800AF0E5F902460B
:10CE70001498294607F008FA05210722D84B15987F
:10CE800005F01BFF06460D46042118980AF064FDC4
:10CE900081B2A142214604D09DA94880000C88801F
:10CEA000A11C9DA801800AF0C7F902463046294618
:10CEB00007F0EAF907210922CA4B159805F0FDFE93
:10CEC00006460D46052118980AF046FD81B2A1429A
:10CED00004D09DA94880000C8880A41C9DA80480D3
:10CEE0000AF0AAF902463046294607F0CDF918980B
:10CEF000048809210B22BC4B159805F0DEFEBB4AC5
:10CF0000224000D1FA2207F0BFF9179E54E2B84838
:10CF100000E0B84808F01DFC20211598FFF718FB29
:10CF2000B549109805F09CFE0D4680682321090143
:10CF3000405807F0D1FDC0B2012823D10120179934
:10CF4000087098E2AD49109805F08AFE8068AC4AF6
:10CF5000845A0868401E086001210322A94B284614
:10CF600005F0ABFE224693E1A749109805F078FE44
:10CF70000D46806823210901405807F0ADFDC0B27D
:10CF80000028DBD02868401E286038E09F491098B0
:10CF90002E4605F065FE8068E200835818938018DD
:10CFA00045680868401E086001210322984B3046FE
:10CFB00060E1EE789749109805F052FE80682322D0
:10CFC000140105590868401E08609349012E00D0DD
:10CFD0000EE20120C007B4E29049109805F040FE2F
:10CFE00080682322120180580A68521E0A60C043DA
:10CFF0000004800F03D1012017990870C2E217982E
:10D000000670BFE2E878297909020C188449109863
:10D0100005F016FE8068834A8452119A0868401C05
:10D0200008601698C48480481499486110201899A3
:10D0300008711898001D114607F094FC002800D1D3
:10D04000A0E2072099E2EE787849109805F008FEF2
:10D0500080682322140105590868401E086028468C
:10D0600007F03AFDC1B24A1E50425041002900D19A
:10D070000221012E00D008468007674940180D4064
:10D080004019451C6A49109805F0DAFD8068055181
:10D090000868401C086016988562634814994861C6
:10D0A000122018990871119A1898001D114607F05E
:10D0B00059FC002800D165E208205EE25D49109825
:10D0C000254605F0CDFD80682322120184580868AA
:10D0D000401E086001210322574B284605F0EDFD54
:10D0E000424A2240D4E0E878297909020E18B0B209
:10D0F0007D21CA0000210B4610F047FC0546179120
:10D100004E49109805F09CFD8068E200855080181B
:10D11000119A179B43600868401C08601698C684E3
:10D120004148149948611120189908711898001DF8
:10D13000114607F017FC002800D123E20B201CE267
:10D140003F49109E304605F08BFD80682322140174
:10D1500000590A68521E0A6003218903EA78012AED
:10D160000A4601D00122D2038843151835493046BA
:10D1700005F066FD806805510868401C0860169837
:10D180008562294814994861122018990871119AEA
:10D190001898001D114607F0E5FB002800D1F1E1C9
:10D1A0000A20EAE12000000020FF01102649109823
:10D1B00005F056FD8068112252018358189380189B
:10D1C00045680868401E0860012103221F4B204665
:10D1D00050E0C04630FF01106F08000040FF011012
:10D1E00050FF011060FF011070FF0110FF3F0000B1
:10D1F0007D0000007E00000010FE0110E0FD011027
:10D200001C050000F0FD011000FE011030FE0110B1
:10D2100040FE0110D0FE0110FFFFFF3F20FE011075
:10D22000A0FE01101E050000703A0020B0FE0110A3
:10D23000C0FE0110A0FD0110B0FD011010FF011093
:10D24000F0FE011000FF011060FD011070FD0110E3
:10D25000FB49109805F004FD80680126B20283584E
:10D260001893801845680868401E08600322F54B33
:10D270002046314605F021FD06460C467D20C200C1
:10D2800000231898294610F029FD02463046214611
:10D2900006F0FAFF76E1E87817902D79E449109EC0
:10D2A000304605F0DDFC80682322140100590A682D
:10D2B000521E0A60A906890C179A8918DD4A024095
:10D2C0008D18DD49304605F0BBFC119A8068055188
:10D2D0000868401C086016988562D0481499486117
:10D2E0001220189908711898001D114607F03AFB92
:10D2F000002800D146E104203FE1E87829790902BD
:10D300000C18A0B27D21CA0000210B4610F03DFB95
:10D3100005460E46C949109805F092FC8068012226
:10D32000920285508018119A46600868401C086077
:10D330001698C484B948149948610E201899087148
:10D340001898001D114607F00DFB002800D119E1C7
:10D35000052012E100240F946000851D042C2FD0BD
:10D36000A91E10982A46AA4B05F098FC06F07AFFF1
:10D37000014688A817900AF06DF8AD1C641C179838
:10D380000088A2498842E9D00F99042900D307E117
:10D390000C2048430F917CA9081888A92CC92CC0DF
:10D3A0000F98401C0F90D7E701210B229E4B284677
:10D3B00005F083FC10F04EFB3068401E3060E1E069
:10D3C0002C201599085C2C314978090209188BA882
:10D3D0000AF040F80B20C4438E4D242C4FD00C345F
:10D3E0007CA8001929460FF075F90028F5D152E004
:10D3F0000E46284607F070FBC0B2032800D199E022
:10D40000012800D099E00320800794E011950325BE
:10D41000109214460B2D159817D0A91E2A46804B42
:10D4200005F04BFC179014919DA8014622461894D4
:10D4300058CA58C1189C09F0FFFE02461798149963
:10D4400006F022FF0C34AD1CE4E709210B22754BDA
:10D4500005F033FC18900D46109830309DAC2146F5
:10D460004CC84CC1204609F0E7FE024618982946F0
:10D4700006F00AFF119D2868401E286082E08BA8F4
:10D4800064490FF027F9002805D0634808F061F9D6
:10D490005E48841D0DE07CA80488811C8EAD2E2280
:10D4A000284610F06DFA2E358BA90C22284610F074
:10D4B00067FA44200E9948430B990C520D18A81C8A
:10D4C0008EA93A2210F05CFA4020002117912952CF
:10D4D0003C20159029549DAD7CA93022284610F09F
:10D4E0004FFA0C990868401C0860284630308BA918
:10D4F0001CC91CC020ACA01C2946159A10F040FA8B
:10D5000018990E98487103200871169826303E220B
:10D51000214610F035FA1798307140481499486147
:10D52000119A1898001D114607F01CFA002829D0FE
:10D530000D2022E00020314603E0800731463018FC
:10D54000401C0D4005433949109805F079FB80686F
:10D5500005510868401C0860169885622F48149988
:10D560004861122018990871119A1898001D1146E7
:10D5700007F0F8F9002805D009201399087007244E
:10D58000012606E0012413980470129805F034F97E
:10D590000026169D2C733046FE1F053EB546F0BD95
:10D5A0000C99FEF70DFF2D4B284607F0CFFE2648BD
:10D5B000009026482B21ACAA254B07F0DFFF12482C
:10D5C00008F00AF82021234A07F006FF2020224A0B
:10D5D000014607F001FF0B4807F0FEFF0221214A38
:10D5E00007F0FAFE05211F4A184607F0F5FE0E2146
:10D5F0001C4A284607F0F0FE194808F0AAF809F07E
:10D6000037FDFEDE2000021020FC01106F08000034
:10D6100010000210E812021049000000703A0020C9
:10D62000E0FF0110D0FF011080FF0110E0FE0110AB
:10D6300070FE011000C0FFFF80FE011060FE0110AF
:10D6400080FD011090FD01104000021064090210DD
:10D65000A0090210C0FC01103000021070FB011084
:10D6600078000000FC000210D0B502AF044600684C
:10D67000616808F0C7FC0022054B181A1046884163
:10D6800001D2627500E0627D01201040D0BDC0462D
:10D69000A0860100D0B502AF04460120607508F0F5
:10D6A000B9FA03C4D0BDD4D4F8B504AFDC07BE6862
:10D6B00006D0002901D0012E2CD81B490180F8BDCD
:10D6C000012E1AD8190ACCB2052C19D2FF2109044F
:10D6D00019400D0C7F2149041940490C072914D227
:10D6E000A82161436923DB007343D21851180C222F
:10D6F0006A4389181CC91CC0F8BD0221084A0BE006
:10D700000521074A204607F067FE0E21044A2846F5
:10D7100007F062FE0221034A304607F05DFEC04674
:10D72000DC000210EC0002106F080000D0B502AF60
:10D730000C46C9B202290BD3094807F0FFFF204667
:10D7400008F05CFE022007F0EDFF08F0E7F8D0BD1E
:10D750004118752201238B5400F020F8D0BDC0463B
:10D760008A000000D0B502AF0C46C9B202290BD323
:10D77000094807F0E3FF204608F040FE022007F0CA
:10D78000D1FF08F0CBF8D0BD4118752200238B548F
:10D7900000F004F8D0BDC0468900000080B500AF9D
:10D7A000A321C9008268535C012B13D151184B7817
:10D7B000022B10D27530C25C002A04D08B78022B69
:10D7C0000FD2C25C00E00022CB78022B06D20121EE
:10D7D0000A40C25480BD0221044A04E00221054AE5
:10D7E00001E00221024A184607F0F6FD2C01021062
:10D7F0003C0102104C010210F0B503AF8DB00C4695
:10D80000160E110C150A0992D2070294039006D045
:10D810000196E80708D054480399088065E0EA07B4
:10D8200046D07420205C55E00C20019A5043CAB2C7
:10D83000A8210792514308186168081805907420C0
:10D84000205C049075340A9469200B90C600072070
:10D85000400606903E4C0896002CDCD00C940B98A9
:10D86000C10030460FF035F903463009682851D819
:10D870000A98C05C002802D10498984212D10798F7
:10D8800005284CD20998069988424DD234461E4646
:10D8900005980519284631490EF01CFF002832462C
:10D8A000264624D008980C9C24182E483618D3E716
:10D8B000C8B204283DD8099A530E072B3DD20E2337
:10D8C0004343E01883191A7C74240298045D1046BF
:10D8D0001C74029CEAB20906090C511832048B1818
:10D8E00006CC00900398FFF7DFFE0DB0F0BDFF20DF
:10D8F000000409990140080C052823D20E2007993D
:10D90000484302990818019940180274039B07CDF7
:10D9100007C3EAE702210F4A184607F05DFD05211B
:10D920000D4A079807F058FD0E210B4A019807F0A1
:10D9300053FD0521054A07F04FFD0E21034A3046ED
:10D9400007F04AFD0521064AEBE7C0466C010210CC
:10D9500070F9FFFF7C0102108C0102109C01021083
:10D960001C010210B8FCFFFF6F08000080B500AF7B
:10D97000017B0E224A43817B46234B439918407B0F
:10D98000081801210903401880BDD4D4BFB506AFE3
:10D990000468032C01D8052100E0211F794409798E
:10D9A00049008F44031E1A1C12202F00007901A980
:10D9B00008700291254807F0C1FE254807F08EFE49
:10D9C00002A8244907F0D2FE2EE044681B4807F065
:10D9D000B5FE204607F0A6FE26E01A4813E01848D8
:10D9E00011E019480FE04568124807F0A7FE1248F9
:10D9F00007F074FE7C4424796400A74401120709EF
:10DA000000200FE00A4807F0A4FEBFBD022009E095
:10DA1000032007F06CFE039503A8042107F0AEFF76
:10DA200002E0012007F063FE07F078FFBFBDC046AB
:10DA3000BF000000C1000000FD000000B4000000B5
:10DA4000B3000000C5000000C6000000B9000000DF
:10DA50000D000000AC0B0210F8B504AF0C4A86189C
:10DA6000B07E012803D0002811D102200EE0C807A3
:10DA70000DD1F47E3068074905F0E2F80D462146E5
:10DA8000FFF770FE2868401C28600320B076F8BDC0
:10DA9000A407000028030210FEB506AF0291164944
:10DAA00005F0CEF801918668082534464034308868
:10DAB0001249884217D0304609F052FE002812D091
:10DAC000207800280FD13046029905F07DF9002812
:10DAD00009D00B4807F032FE304606F00FFB07F086
:10DAE0001DFF00202080261D6D1EDED101990868D3
:10DAF000401C0860FEBDC0463803021075080000D7
:10DB000063000000F0B503AF89B00E460446222042
:10DB1000205C002804D003280CD0404807F05CFDAE
:10DB20003F482060206120461830221D28C828C2A6
:10DB300000881080237904212171042B5ED0256890
:10DB400038480068C0055BD1049605932868002812
:10DB50005BD1631D2E46B43600200190C0432A4697
:10DB600001C50295307A0028039312D01E4604990D
:10DB70000B6848680490154610460C301946049A04
:10DB800008F0B5F906A8092231460FF0F9FE059A0A
:10DB90001CE0049170680A2141431546501805990C
:10DBA00001751530092219460FF0EAFE7068401C15
:10DBB0001028019900D0014671603068884201D177
:10DBC00001203072029808F087F9049A264622361E
:10DBD0002868401C2860042A09D0227106A914462E
:10DBE000092203980FF0CCFE2246032000E001201A
:10DBF0003070101F411E884109B0F0BD0C4800E094
:10DC0000094807F0A6FD07F0CBFD084807F096FD90
:10DC100006F0E8FA07F082FE07F0C2FD48030210A2
:10DC2000003F002004ED00E0B2000000A30000006F
:10DC3000A2000000D0B502AF0B4B0B40E02B0CD183
:10DC4000F922D200841808460EF0A4FE6178014340
:10DC50006170217801432170D0BD8BB2E82B01D2D5
:10DC600001F0B2F8D0BDC046F80F0000F0B503AF28
:10DC70008FB00E46054620200190285C43214901C3
:10DC8000059101210791090208912C46203480005A
:10DC900002A10858099606948746C046E5DC0010A4
:10DCA0004DDD001053DD00107BE30010A9E30010F0
:10DCB00073E100109BE10010BFE10010F9E10010DA
:10DCC0001FE2001045E200106BE200108FE200102E
:10DCD000C1E20010D9E200104BE30010F3E30010A2
:10DCE0001FE3001029686868A860E960C90731D19E
:10DCF00066787D4940587D4904F0B2FF0391806801
:10DD00008121C900421800200490FF2801D80499FD
:10DD100000E001213306079B00D00B46002B05D104
:10DD2000115C002900D1761E401CEEE7039A1168B1
:10DD3000491E11600899884203D16D4807F009FD1A
:10DD400008E0002128616961099E0AE0694807F03E
:10DD500043FCFEDE002007900120207007980FB0E2
:10DD6000F0BDA86860494058634904F079FF2B6909
:10DD70006A69D318FE2B29D8029203918068C018D3
:10DD80008121C900425C002A23D0012A26D14218F1
:10DD90005078461E0020062E014600D9B6E17600D6
:10DDA0007E44B6887600B744CB00D400AB00B40004
:10DDB000060006000600514807F0CBFC059C231D19
:10DDC000029A121D00200490099EA9E1059C234699
:10DDD000A7E1059C23460399029AA2E1083A002193
:10DDE0000846772A00D991E15200C0467A449288C9
:10DDF000520097447700250115018B018B018B019F
:10DE00008B018B018B018B018B018B018B018B01B2
:10DE10008B018B018B018B018B0136018B018B01F7
:10DE20008B018B013A011B012701290146013E01AB
:10DE300003011D011101FB002E0130014C014801BD
:10DE4000F70013015401F9000F0101012101FD0048
:10DE5000620160010B011701340119016A0105011A
:10DE60004A016801F1003C01EF00EB000D012301C4
:10DE70005201DF00F3002C0138016C013201E70090
:10DE8000E10078016601E50040015001E3005E0118
:10DE90005601800170017A0158015A01FF006401A6
:10DEA000D3006E0174011F017C015C01D700F500F5
:10DEB0004201DB008201D1000901C900CD00ED0063
:10DEC0004401D500E900C70076010701D9004E01E1
:10DED000CB008401C500CF00DD00C3007E018601B8
:10DEE000720189012A2110E1A407000068030210D1
:10DEF000C0000000780302108803021096000000A2
:10DF0000FE2B099E28D090780EF06AFC059CE31C3D
:10DF10002FE0FD2B099E22D2907801210128059C3B
:10DF200000D80846D278012A00D80A46FF214A4381
:10DF30001018C94340180490231D029A121DEFE0E7
:10DF4000FE2B099E08D090780EF04AFC059C631CBD
:10DF50000FE0FE2B099E07D1029AD21C01E0029A23
:10DF6000121D059C2346DBE090780EF039FC059CE1
:10DF7000A31C029AD21C80B20490D1E02F21C1E0F0
:10DF80001B21C2E01421C0E00E21BEE01921BCE03B
:10DF90000F21BAE01C21B8E00C21B6E02321B1E04A
:10DFA0001221B2E00721B0E01721AEE00A21ACE077
:10DFB0001D21AAE00A21A5E01121A3E01721A1E07B
:10DFC00014219FE010219DE013219EE0062199E09D
:10DFD00010219AE0052195E01F2193E00B2191E0AB
:10DFE000082192E0372190E01E218EE0272189E070
:10DFF00022218AE0312188E0002026E0242181E0EE
:10E000002E2182E0162180E00D217EE025217CE09A
:10E01000072177E01F2178E0262173E0382174E0A2
:10E02000282172E0262170E033216EE01E2169E094
:10E0300034216AE0042168E0212166E0082161E0E2
:10E040002B2162E034215DE0079801995EE00C210C
:10E0500058E0252156E02E2154E00F2152E03321D3
:10E0600050E0292151E00D214CE02C214DE004210C
:10E0700048E0222146E0152144E0092145E0112134
:10E0800043E021213EE02D213FE037213AE03621D7
:10E090003BE0182139E0162134E0092132E0272144
:10E0A00033E019212EE01D212CE02F212DE0062147
:10E0B0002BE0182126E0242127E0232125E0302130
:10E0C00023E013211EE038211CE036211AE00E2146
:10E0D00018E02D2116E01B2114E0352112E0352136
:10E0E00013E0152111E012210CE01C210AE00521AA
:10E0F0000BE0312106E01A2104E00B2105E01A2192
:10E1000003E03021079801E04C210020FF22049B0E
:10E1100093431B180493029A521C099E059C0B46BC
:10E120000399AA610868401E0860601E8342069C2D
:10E130004FD9B948181880B24000C046784480884A
:10E14000400087444C0105000B012301F600460006
:10E150000498A883A868B14900264654EA68A98BA8
:10E16000A868FFF767FD0120A0726672099EA86883
:10E17000686228462430314604F048F8002800D070
:10E1800029E17D2002010AA8002307F023FF0C9853
:10E190000A990B9AA962EA6220742846283031460F
:10E1A00007F056FF002800D013E1A868EA68A98BA1
:10E1B00000F0EEFC0020A0726072A8686862284639
:10E1C0002430314604F022F8002800D18BE00720EB
:10E1D000C3E5EB83012004990140A170A9688F4A2F
:10E1E0008854A968A2788E4BCA54002A1FD0A07206
:10E1F00000206072A868686228462430314604F026
:10E2000005F80028824A00D0D7E00AA8002307F0CA
:10E21000E1FE0C980A990B9AA962EA6220742846DA
:10E220002830314607F014FF002800D0C9E0A86864
:10E23000EA68E98B00F0C8FD0120A072002060723E
:10E24000A868686228462430314603F0DFFF0028C2
:10E2500000D0B4E00AA800236D4A07F0BBFE0C987A
:10E260000A990B9AA962EA6220742846283031463E
:10E2700007F0EEFE002800D0AFE0A868EA68E98B5E
:10E2800002F0ECFC0020A0726072A8686862284668
:10E290002430314603F0BAFF002800D095E0A07882
:10E2A000012820D1A8685E49002343540AA8584A8F
:10E2B00007F090FE0C980A990B9AA962EA62207402
:10E2C00028462830314607F0C3FE00287FD10020C1
:10E2D000A0726072A868686228462430314603F054
:10E2E00095FF00286FD1AE696E61A8684949405812
:10E2F0004C4904F0B5FC0868401E08600898864246
:10E3000000D927E57D20C2000AA8002307F062FE9D
:10E310000C980A990B9AA962EA622074099E284611
:10E320002830314607F094FE002800D119E511206D
:10E3300013E5049882B20AA80023F3F7E2F90C98D7
:10E340000A990B9AA962EA6220742846283031465D
:10E3500007F07EFE0028C6D00F20FEE4A8682F49F3
:10E3600000264654EA68A8680499FFF763FC012078
:10E37000A0726672099EA8686862284624303146F9
:10E3800003F044FF0028AED00320E6E4A868234948
:10E3900000264654EA68A868049900F0F9FBA672C2
:10E3A0006672099EA868686228462430314603F0E8
:10E3B0002DFF002897D00420CFE40820CDE40A20C8
:10E3C000CBE40920C9E40E20C7E40C20C5E40D20ED
:10E3D000C3E40620C1E40520BFE40B20BDE4A86827
:10E3E0000E49415C002900D1B4E40021A1726172A0
:10E3F000686228462430314603F008FF002801D027
:10E400001020AAE4A8680549002207924254A3E418
:10E41000E02E0000A4070000A0F7FFFFC4070000E3
:10E42000C507000098030210F8B504AF0C46416818
:10E4300009780025C9072DD026463C3631790029B8
:10E4400028D101683278012A04D180680078727876
:10E4500082421FD1204609F057F9C00713D0072088
:10E460000140012088407179014371710A4807F029
:10E4700065F9204605F042FE07F050FA204609F003
:10E480005BF9054606E0204609F06AF9002801D14B
:10E490000025B5802846F8BD6D000000F0B503AF3B
:10E4A000B1B0054634300E902C466034287F0126EA
:10E4B0004000C046784480884000874405004803F7
:10E4C0004E031F002803C0000C910D9603CD296058
:10E4D0006860174808581749083D04F0B1FB0E461C
:10E4E000697B0029099437D1A97B042902D8EA7BEA
:10E4F0000E2A23D3104807F02CF92DE00E9B187933
:10E500002A46203208921A1D0A92400078448088D8
:10E510004000874404001F032203A7005E02099401
:10E520000C910D96296A686A2E46AD6A4BE0C0468A
:10E53000A4070000180402108600000056300723CC
:10E54000134001249C4009011143C908425CA243C5
:10E550002C7B9C40144344543068401C3060287B22
:10E5600000280DD0AC682E46ED6807F053FB0090F4
:10E5700001910122002320462946354600F0FCFB8C
:10E58000A868F7494058F74904F05AFB03460C467F
:10E59000EA682E46103528461946FFF72DF92068FF
:10E5A000401C2060B068F168F84A835C3162706298
:10E5B000B56200220E9C2271002B3CD0221D0A92D3
:10E5C000324620320892F06235630B967163EE4951
:10E5D0004058EF4904F044FB064607917420305C34
:10E5E0001190753669201090C400EA4D0F94002DEB
:10E5F00012D01098C10020460EF06BFA210968294C
:10E6000000D9A0E2315C002907D10F996D18E249C9
:10E61000641811998142EAD111980E994871079AAC
:10E620001068401E1060087800280B9D0D9E099907
:10E630000FD00D9624E0627135460D9E0C992C4644
:10E640002034204601F060FA002800D168E205205D
:10E650006BE2002008702A462C3207CA2A646864DC
:10E66000A9640C992C46403420460C9102F03EFBE4
:10E67000002801D00320B5E10D96204604F0C3F830
:10E680000E9CE86AC0494058C44904F0D9FA09917F
:10E690002946393119911894296B179181681120F5
:10E6A0000790400111900818169015A80830002214
:10E6B0000B951646119AB2422FD08B5B32464432EC
:10E6C0002C46B74DAB422546F3D08A1815928919CE
:10E6D000FFF7AAFE10901AAC15A9142220460FF0DD
:10E6E0004FF91B981A9D854216D008340F94401B91
:10E6F00044210EF0EEF90446A9492888884208D042
:10E700000F982946FFF790FE1099814200D810908B
:10E71000A3494435641EF0D10B9D09990868401C3B
:10E7200008600E9800781199B1427CD000287AD008
:10E73000109800280D9E00D141E16A6BE96A1AA881
:10E7400000F0F0FA1D9809901C980F901A98039009
:10E7500007F060FA02912B462C330ECB05931AABCF
:10E760000693143370CA70C3039AD207002A00D1EB
:10E770000F9001D102980990FA4D049148598949A6
:10E7800004F06EFA0E468068079949014258401815
:10E7900043680F9D2846099C214607F009FC1D91FE
:10E7A0001C901B941A95F748229005981E90A12062
:10E7B000C000099004990818069909F025FA3068F4
:10E7C000401E30600B98C06AE6494058EE4904F09C
:10E7D00037FA0F918568E54A119C002C00D1C3E0FF
:10E7E0002E464036288890421AD0284608F0B8FFB6
:10E7F000002814D03078002811D1284608F09CFF5A
:10E80000109988420BD111941AAC2046294608F081
:10E81000C3FF2188119CD548814200D089E1D34AA9
:10E82000351D443CD9E700280D9E00D0C7E0D048F4
:10E8300006F084FF0E9809F069F9CE4806F04EFF05
:10E84000286B0BF0C3FB07F069F82BA8C7490180C0
:10E85000E86AC4494058C84904F0F2F9C34B109122
:10E86000846800252A461199A94200D19CE02846D7
:10E87000615B44359942F6D023180B98016B0993DC
:10E8800018460F9204F0A0FA0F9AB84B0028EAD06D
:10E8900040200999085C0790B84806F04FFF099896
:10E8A00005F02CFC07F03AF80B98016B099808F07A
:10E8B0002BFFC00711D04122099B985C06900720CE
:10E8C00001400D9601268E40FF2070400D9E069956
:10E8D000084098540F9A194603E041200999085CB2
:10E8E0000F9A079B1A430028A04BBCD140310691D8
:10E8F000412007900F9200200D90079A09980D99DA
:10E9000081540699087807900D9808700F9A079817
:10E9100001280999A7D10D9699480E4606F00EFFD9
:10E920003046303009900BF045FB06F0F7FF1AA88F
:10E93000079009994CC94CC02BA90A888B48824280
:10E9400000D0079115AB09930691079A43CA43C3B8
:10E95000099A069E0BCA0BC60D9E844B0F9A82E73E
:10E96000A40700002804021011460F9B1868401CE1
:10E970001860914242D101200A990870002011903C
:10E980000B9D0D9EA3E0C046A4070000C607000033
:10E99000B803021070F9FFFFB8FCFFFFD8030210A4
:10E9A00075080000E803021010990868401C086010
:10E9B000D0070B9D03D02BA8811C048879E0002090
:10E9C0000E9908772A462C3207CA2A646864A9641B
:10E9D0000C992C46403420460C9100F0F3F80028A6
:10E9E00003D004200A9908706FE0204603F0ECFE83
:10E9F000286B811C0488002011905BE028AD1091E9
:10EA00002980A81C25A90A220EF0BAFF5F4806F04B
:10EA100095FE28460BF0CEFA06F080FF0B98C06AF0
:10EA20000999425811920026465041180F915321DE
:10EA3000090141183446119AA24209D0641C0A887F
:10EA400028314A4B9B1F9BB29A42F4D1012600E029
:10EA5000119C464A28216143081851210901451893
:10EA60001198A04212D0288C911F89B2884201D1FE
:10EA7000761C08E02720C043704328182822294626
:10EA80000EF07EFF394A2835641CE9E711981D9085
:10EA90001C961B900F981A901AA803F0FAFD0B9D74
:10EAA000E86A296B2F4A8058FEF7F6FF25A9109CCB
:10EAB0000D9E11962EA80A220EF062FF0A9806708B
:10EAC0002A48401C8442224601D103202DE02EA872
:10EAD00012A914460CC80CC100880880089803F0DD
:10EAE00047FE224884421ED02C842846223012A998
:10EAF0000A220EF045FF00200E99487511980875FE
:10EB0000A868E968296368630898A8630C992C468B
:10EB10003034204600F0F8FF002801D0042004E043
:10EB2000204603F060FE002601202877304631B0F1
:10EB3000F0BD1AA80C46811C25A80A220EF020FF61
:10EB400021460A4A11E70221074A06F045FC04481B
:10EB500006F042FD014806F03FFDFEDEC80302104C
:10EB600038040210A40700005C01021075080000C0
:10EB700061000000F9000000080402106F000000AE
:10EB8000440000006F080000F80302104600000077
:10EB9000D0B502AF044609480840E02807D108462E
:10EBA0000DF0F8FE0649625C82436254D0BD88B223
:10EBB000E82802D2204602F051F8D0BDF80F00003C
:10EBC000C9070000F0B503AF87B00E4604463830E1
:10EBD000214658310291217C012201920396C046C0
:10EBE0007944097949008F44021B1E0A83000021E1
:10EBF000017007CC21600C3C2346183307C325461F
:10EC000018352846314602F071F8002802D0032159
:10EC1000019809E0284603F0F6FD0020606106E057
:10EC20003C4806F0D9FCFEDE217407B0F0BDA121FE
:10EC3000CA00E1688D18384A8A180592282306937D
:10EC4000434304915B18532636019B1930492E68C3
:10EC5000B04206D21A888A421ED0401C6061283316
:10EC6000F5E7059800682D4903F0EAFF806808225F
:10EC7000274B9B1D058840309D4204D00378002B14
:10EC800001D100230380001D521EF1D10868401CF1
:10EC9000086000200121C7E7069A504351210B016B
:10ECA0000499C9180491091800912046183005905C
:10ECB0000EF066FE069A564304988119283900988A
:10ECC0000EF097F92868401E2860154806F036FDBA
:10ECD000059808F0F7FE06F021FE20462C300021B2
:10ECE000029A1180E168A26A22646164A064039EB2
:10ECF000254640352846314600F006FF002804D15D
:10ED0000284603F070FD606991E7042180E7C04662
:10ED10006F080000D8040210A4070000E8040210E5
:10ED200040000000D0B502AFD30515D4140E530E29
:10ED3000062B15D8120CD3B2052B16D250226243E3
:10ED400089181A018B5889184A688C68C968036049
:10ED500042608460C160D0BD002101604160D0BDCF
:10ED60000E21044A204606F037FB0521014A1846C9
:10ED700006F032FBF8040210FEB506AFCC0516D43F
:10ED80000D0E4C0E062C13D80295090CCCB2052C96
:10ED900013D2F9680191BE68502502994D4340197C
:10EDA000240102510019436086600199C160FEBDD3
:10EDB0000E21044A284606F00FFB0521014A204691
:10EDC00006F00AFB08050210F0B503AF87B0019109
:10EDD000039206924F2109010490441806A8401C92
:10EDE0000590002618250294002D0CD020780228CA
:10EDF00005D0611C059805F07CFA002815D1241D6A
:10EE00002D1F761CF0E7F320C000049908180B2191
:10EE1000C9430026002915D042189289002A02D041
:10EE2000891C761CF6E7710006E0062E0CD27000F5
:10EE300004990818F321C900019A4252B0000399BD
:10EE4000029A115007B0F0BD0621024A304606F082
:10EE5000C3FAC04668050210F0B503AF8DB0044692
:10EE6000054619350346393302465C32007D0E46AD
:10EE70000796400078448088400087440900780560
:10EE80009E056B0086003200B4009D00C0004F005C
:10EE900004920593A668E26826606260E74823460C
:10EEA0003418588AE649411889B2022900D3B3E0E0
:10EEB0001D4607210902773101268842314600D0DC
:10EEC0000221206803F086F92C462868DB49405867
:10EED000DC4903F0B5FE0868401C0860002500F01E
:10EEE000DCFD204618300690059318784000C04697
:10EEF000784480884000874407004C056005100175
:10EF0000F70422018205A605E08E0390CD3880B279
:10EF10001328049200D24EE100214DE1687AC00727
:10EF200001D000F027FD0935207EC00700D112E195
:10EF3000E069218CCE4A914200D107E1CD4A91424D
:10EF400000D1FFE075221201914200D003E1CA49CD
:10EF50000122F9E019461931587E0028069100D1A6
:10EF600083E0032801D000F00BFD2E460F36E87B2E
:10EF70004000C0467844808840008744040007056C
:10EF80001E0539024802206A27E22E460936687AB1
:10EF90004000C04678448088400087440400F40460
:10EFA0000E056C027A02208C0346A53880B2022836
:10EFB00000D979E2E0694EE2687AC00701D000F03A
:10EFC000DCFCA069268C0890AC4806F0B7FB304604
:10EFD0000BF092F808A808F099FD06F09FFC0120BC
:10EFE000687200F03CFD06941C461534587D0028DC
:10EFF0003FD0032806987BD0A14806F0EDFA06948E
:10F000002046183014461634917D00294BD0032930
:10F010005DD09C4806F0E0FA272149010391069350
:10F02000191D0291792800D1A6E09749884200D1A4
:10F0300095E096498842069C059B00D0B0E00025EB
:10F04000D00701D100F020FD039834182078012664
:10F050000128304605D106F0DDFDA060E16000200A
:10F0600060702070069C00F018FD1720195AE069A6
:10F070009AE11320185A0390287869780902081831
:10F08000A9780904421806990E7EC869234605939B
:10F0900012023446F1071FD001210A4306460399A4
:10F0A000FEF7C8FD1CE0928A0494069C1F2103927F
:10F0B0008A43052109028A422CD10021E97703996C
:10F0C0001970A16EE26EA1610694E261049C314662
:10F0D000FEF7CCFD082611E006460399FFF758FD20
:10F0E00006996C73002028730E620846059C079EE3
:10F0F00006902030314603F089F8062603210125C9
:10F10000002800D129462170069C01D000F0C5FCE2
:10F1100000F0A5FC012004998BE10492059AD01D12
:10F120000390D0794000C0467844808840008744EE
:10F1300004004104440465037603E06B3AE3E06BAA
:10F1400000F03EFC4C490022425404E04A49425C33
:10F150000123534043540120287000F080FC4C48A8
:10F160003018069C2146103100780028059B01913B
:10F1700000D19BE035269AE0464806F0DFFA208B66
:10F180000AF0BAFF029808F0C1FC06F0C7FB069C23
:10F1900026684148305A208221790029059B01E0E8
:10F1A0002082D107049A00D1EFE010340194DF28C7
:10F1B00000D880E096E00121059BE06A226B039E67
:10F1C000A68620626262002901D100F046FC334924
:10F1D0004118CD3ED20729D0122E00D9BDE23246C9
:10F1E0001E4652007A44928852009744120036021A
:10F1F000F5011C02D80150026C0230029602EF01A8
:10F200008002D201DE015602C0010702BA014A02A1
:10F21000720202228A56002A02DD0020C871206A8A
:10F2200002F052FB216AC0B2404221E2122E00D904
:10F230007DE205A27600965B7600B744A407000045
:10F2400089F8FFFFB805021031001B02DA01010244
:10F25000B3012B0247020B027402CA016B02AD011B
:10F26000C2013D02A501EC01950125025302C046F1
:10F270005207000051070000C60700002F000000E1
:10F28000A8030210D806021016070000730700003A
:10F29000C907000037000000BC070000CA070000D3
:10F2A00002200856002800D5E8E140E229260E8019
:10F2B000D00700D10DE17920040106F0ABFC069ADD
:10F2C000126810511019069C41602668208A79281E
:10F2D00008D10399705C002820D17618059B049A08
:10F2E00001994FE0FD4806F029FAFD4C305B0AF029
:10F2F00003FF0698008A0AF0FFFE0698007907F0DF
:10F3000089F806F00BFB0698006806990E8A0653EA
:10F31000069C2068039A815C002903D0059B049A0F
:10F32000019931E080180390042E059B049A0199FD
:10F3300027D31E2E02D3282E00D3F5E00399886828
:10F34000C96806F05FFE0024EA4A101A2046884188
:10F3500014D306F05FFC039A9060D16031462D39DA
:10F3600048424841311F1A2900D20124059B049AC2
:10F370000199044303984470069C05E004AC1CCC3E
:10F380000199039E012030700888A8381B2852D2AA
:10F39000218A172019520020587605CC226160611D
:10F3A0001A4619320692083C0A46A83A1A2A3ED84A
:10F3B0000593237E0022DB07134607D05831C9B2DC
:10F3C0001A29134602D84900CB4B5B5ACB4943520A
:10F3D000EA7320622E460F36059B6062C749415A88
:10F3E000197300225A750222DA722064080A5873CF
:10F3F000133528460799FEF785FB002802D0032025
:10F40000307010E0606ABD49002242522A702046E6
:10F410002C30079906F02CFB04210122002800D192
:10F420001146317003D003260698067034E301209C
:10F430000699087013E3268A3046A53880B203285F
:10F4400035D2334626840020687203CC2161606186
:10F450002E460936083C217EC90715D0A721C9438D
:10F460001A460A43A5318A421ED3243BA449435479
:10F470000021E974606220462430079902F040FEC2
:10F48000002811D003200CE09D4900224254EA7468
:10F49000606220462430079902F032FE002803D033
:10F4A000042030700426F7E201203070D7E23046A5
:10F4B000CD3813280BD2E6860020187005CC606288
:10F4C000A262083C214618310691012178E6E82E17
:10F4D0000AD2132003961E520020587541CC266193
:10F4E00060611533320AD2E5B009202807D9268495
:10F4F0000020687221686068A061E16163E51F20F7
:10F500003146814305200002814217D100209075C9
:10F51000968203CC21666066083C2046183016327D
:10F5200004923246079EC1E52A2E00D106E72D2E11
:10F5300000D103E74C2E00D100E722E77148801983
:10F54000273080B2032800D3F3E1268400206872BC
:10F5500003CC216160610935083CC90700D0E8E4AB
:10F56000F9E588790122B6E08879FE22BCE0042220
:10F570008A56002A02DD00200872206A02F04CFD43
:10F58000216AC0B2404244E004200856002847D413
:10F59000CDE008788022C2E008787F22C5E00878B4
:10F5A0000122BCE00878FE22BFE003228A56002A2E
:10F5B00002D500200872206A02F02EFD216AC0B236
:10F5C00077E00320085600287ADCB0E00878202293
:10F5D000A5E00878DF22A8E001228A56002A02DD91
:10F5E0000020C871206A02F06FF9216AC0B240425F
:10F5F00024E001200856002826D498E004228A56E8
:10F60000002A02D500200872206A02F005FD216A56
:10F61000C0B23D4A4EE004200856002800DC86E0D7
:10F620000020087183E001228A56002A02D50020BA
:10F63000C871206A02F048F9216AC0B2334A39E041
:10F6400001200856002872DD002048706FE008781D
:10F65000082264E00878F72267E002228A56002A2E
:10F6600002D50020C871206A02F02EF9216AC0B2CA
:10F67000274A1FE002200856002858DD0020887025
:10F6800055E08879022226E08879FD222CE008786E
:10F69000022244E00878FD2247E003228A56002A2D
:10F6A00002DD00200872206A02F0B6FC216AC0B2B6
:10F6B0004042FC4A885434E003200856002836D5DE
:10F6C0000020C87033E00878042228E00878FB2284
:10F6D0002BE08879042202438A7122E0270000008F
:10F6E000BC0700008879FB2202408A711FE008787D
:10F6F000402214E03F4B4C00641B0210C207000084
:10F70000CF07000089F80000CE070000CB070000FB
:10F71000CC0700000878BF2207E0087810220243D7
:10F720000A70334619E00878EF2202400A70206A16
:10F73000E949425C002A06D141184A78002A02D1E0
:10F7400000208871206AE549425C002A05D14018F2
:10F750004178002901D1002141712646226ADE4903
:10F76000505C002805930BD054186178002907D00D
:10F7700002F000FD2070306ADA4A8154326A059B3B
:10F78000D649505C00280AD054186178002906D068
:10F7900002F0F0FC059B2070306AD14A8154344657
:10F7A000B08EDD3803284BD30020D871206AE06387
:10F7B000D91D03912646C7494218D37802939378FE
:10F7C0000193415C009153781279A06508A90A71F0
:10F7D0000120049C20701802009A8018019A1204DB
:10F7E000029B1B069A181018089030465D300522BF
:10F7F0000EF0C6F80020A0723446059A059216460F
:10F800000B3630460799FEF77DF9002803D0032117
:10F81000039801703DE100203070079E059A059223
:10F8200020464430314606F023F903210422012307
:10F83000002800D11A4603980270059B00D029E1E8
:10F84000E87A002800D108E1A68E0496CD3E0F2E5E
:10F8500000D902E10120B040A349084200D1FCE0F8
:10F860000593206A98494058A04903F0F9F92346C6
:10F87000226A9F4C12198068A124E4000019042E0A
:10F8800004D21278541EA241520005E05278002A98
:10F8900001D0062200E004221C46049BD93B825A78
:10F8A0000868401E0860042E08D2216A9048085C4F
:10F8B000FF2803D08E4E8919401C0870042B079E28
:10F8C00007D2206A8B4BC15CFF2902D0C018491CAB
:10F8D000017008A80023F1F714FF0A980899099A03
:10F8E000216462640599C87320464030314606F0B1
:10F8F000AFFB002801D00421CBE07F480068C005A1
:10F900004AD17F48016800294BD15C21415C002924
:10F9100001D0102107E0416D826D8A4202D2511A56
:10F92000103100E0511A00220260A261E161EA7721
:10F9300079E07F2041011E313140072000028142E1
:10F940000CD102990968C90700D088E060498E424D
:10F9500034D0864200D082E007F08AFB5B4805F095
:10F96000EDFE208A0AF0C8FB05F0D8FF77E0554885
:10F9700005F032FE4C4805F02FFE4C4805F02CFEF9
:10F980004F4805F029FE4C4805F026FE4B4805F08F
:10F9900023FE484805F020FE584805F0DAFE05F041
:10F9A000FFFE584805F0CAFE04F01CFC05F0B6FF47
:10F9B00005F0F6FE3E4805F00FFEFEDE07F038FBD0
:10F9C0003146F0F7E1FC0646C0B202285ED0EE7385
:10F9D000300C6874300A2874300EA8742846103031
:10F9E0002146253102F04EFE002803D1F00701D058
:10F9F000079E0BE04248A16AE1632064079E20460F
:10FA00003C30314605F008F8002841D12046293025
:10FA10002146253104F06DFC002804D0E87B002845
:10FA200001D10120E877069803F02CF9C00702D035
:10FA30003348E063C4E7E87F0028059B0DD13048D8
:10FA4000616AE163206420463C30314604F0E4FF03
:10FA50000028059B01D007211CE0012018701F2001
:10FA600081012068425C012A03D0002A08D10222C9
:10FA700003E06268D20703D10322401802702068B5
:10FA80006168FDF7E9FF0025012606E0052100E099
:10FA90000621059B197005260125267528460DB0FF
:10FAA000F0BDC046CD070000C80602105803021082
:10FAB000A8050210E8060210680802109805021056
:10FAC00078080210C8050210A40700009500000085
:10FAD00001070000CA070000CB070000CD070000A7
:10FAE000CE070000CC0700000FF00000F80602105F
:10FAF000D1070000D207000004ED00E0B2000000D2
:10FB0000A03E0020A3000000F0B503AFFFB0BAB0E4
:10FB10000646492080003018199051201890800026
:10FB200035185920800033183120C0003018149047
:10FB30006B208000301813903446343430467830CF
:10FB400017903046A03016903046C8301590707E21
:10FB50001A961B954000C046784480884000874430
:10FB6000060011031D03590018083B085E070E9399
:10FB70000F9135687268B068F2601D9030617561F0
:10FB8000307EB076AE9500266696A120C000131890
:10FB9000792000011018E9070C911C93119412961A
:10FBA000099010925FD04069264903F059F88068A7
:10FBB0007F22D200805C0A68521E0A6002210A91EC
:10FBC000002872D01D9800881F49401880B21F4934
:10FBD00088426AD8099C03CC083C06F013FA0B90C3
:10FBE0000D9160691A4903F03BF880684522D20004
:10FBF00083185B6880580A68521E0A600B99081ABD
:10FC00000D9898411C9C51D2124805F0A2FD042089
:10FC10000A904BE0304620301C90681D12906879A5
:10FC20004000C04678448088400087441500B402F4
:10FC3000B7028F0247048D02DD03FC05F50485063B
:10FC40003606C046480702108DF7FFFFFBFF000095
:10FC500058070210230000000E9311940F91A97908
:10FC60001998C26963E21868282444439D20C000A3
:10FC70001618002C00D12CE230463C301D990CF0B7
:10FC800029FDF049283C28360028F2D0308C022289
:10FC9000884200D85CE20A929043891C8842129EF6
:10FCA0001C9C03D00A990D9115E21C9C1898000128
:10FCB000109A13182168022900D34BE22A0C690E0E
:10FCC00001200729014600D33146D2B20392052A0A
:10FCD000024600D332462C0E02940A4004920002DF
:10FCE000284005901C980068282141435A18AEA866
:10FCF000401C079066A8001D069008960A990D9171
:10FD000010921C91CF49934200D1DEE11E461C8C1B
:10FD100028338C42F7D92046CB4D28408D1CA84271
:10FD2000F1D10C9800280B932CD1304614301D993A
:10FD30000CF0D0FC109A0B9B002823D0C34805F090
:10FD4000FDFCAEA807F0E2FE05F0E8FD109A0B9B63
:10FD5000032108980F280D91D3D8707C0A91B17CAB
:10FD600009020818F17C0904401805210906401809
:10FD7000089DA900069C60500A996D1C089566951F
:10FD80000D91BEE7B08AB249401881B2B1488142B4
:10FD90001AD3AC4218D108980F281C9C2146B0D821
:10FDA000707CB17C09020818F17C09044018072115
:10FDB00009064018089DA9002646069C60506D1C47
:10FDC0000895669531469CE7304611300A900C46FE
:10FDD000079902F057FC109A0B9B9E498C421C9C81
:10FDE00021468ED2002821468BD0344614340998FF
:10FDF0004069FB4902F034FF0346019100942088DA
:10FE00009049884201D8042002E0FD490818001DED
:10FE100080B204281C9C0FD0052816D18D208100AB
:10FE200098684258B17D8A420FD938224A438018D7
:10FE30004721C900405800E0F0691C4604F04CFE20
:10FE400023461C9CC1B2032909D1232000019968D3
:10FE5000085804F041FEC1B2032900D10221019AE1
:10FE60001068401E10600C98002824D0042C2FD15C
:10FE700020363088A8422BD1E24805F06AFC0421E4
:10FE800008980F280B9B109A00D93AE70A9C207813
:10FE90000E46617809020818A1780904401801216A
:10FEA00049064018089DA900069C605031466D1C0B
:10FEB0000895669525E70D4609984069D24902F0F4
:10FEC000CFFE009A12885F4B9A4225D8042226E082
:10FED000002944D0012921460B9B109A00D010E73D
:10FEE000CA4805F02BFC00980AF064F805F016FDEE
:10FEF000109A0B9B002108980F280D9100D900E75C
:10FF00000A9C20780E46617809020818A178090435
:10FF1000401801218906BFE0B94B9A18121D92B210
:10FF2000042A15D0052A27D18D2293008268D4583F
:10FF3000B37D9C421C9C1FD938245C431219472373
:10FF4000DB00D35EB24A934200DAB0E00222AFE0B7
:10FF50001C22B35EAE4A934206DB022205E0012179
:10FF60000D910B9B109ACCE600229BB29B0B022BAF
:10FF700000D90122022A0BD1232212018068805865
:10FF80000A68521E0A60C0430004800F05D063E077
:10FF90000868401E0860D0075ED007980A9902F0F2
:10FFA00071FB002858D00321032C0B9B109A00D121
:10FFB000A7E60598002855D10A980078C00751D1C6
:10FFC000B47CF67C09984069924902F049FE01919F
:10FFD000C06800210D2E0A4606D8042C0A4603D814
:10FFE0000E2262438218925D049B002B05D00E21E5
:10FFF000039B594340180299415C8A420B9B1C9C0D
:020000041001E9
:100000005DD1002A5BD0844805F0A3FB089B0F2B31
:1000100010D80A9A107851780902081891780904C2
:1000200040180121090640189900069A50505B1C9F
:10003000089366930B9B109A01990868401E08600C
:1000400021465EE66E080000FD0F0000350000004E
:100050008DF7FFFFFCFF00000321032C0B9B109A80
:1000600000D14EE6002D214600D04AE66B4805F04F
:1000700070FB109A0B9B002108980F280D9100D956
:100080003FE60A9C20780E46617809020818A1789C
:1000900009044018032109064018089DA900069C80
:1000A000605031466D1C089566950D9629E6002234
:1000B0009BB29B0B022B1C9C00D95AE75AE7019973
:1000C0000868401E0860109ACCE71A98C068109023
:1000D00001E002200D901EA8C51C66A944262846F2
:1000E00032460DF04DFC66AC2046C0302946324603
:1000F0000DF046FC092045011EAE304621462A4639
:100100000DF06DFC1A9C204620301C9031462A468A
:100110000DF065FC1B9D0D9AAA71129868711998D3
:10012000109BC361691D1291264611461A46002490
:100130006C70297002603146E03144221C980DF049
:100140004EFC74661C982AE00E93D3E20E9336E3BD
:100150000D92C0E70B93152917D2A720C0001218E3
:1001600028204843283800280B9B00D1A6E50446E8
:1001700018461146109202F0F1FE109A20462838D7
:100180002832F0E7264805F027FA0B9C204603F0BA
:10019000C5F9234692E5234805F01EFAFEDE016804
:1001A0008C4200D3A5E1A10071184A6A1C90611C21
:1001B0007166D1B202291C9800D19AE1AA70110C83
:1001C0002971110AE970100E401E062800D915E3A6
:1001D000A91C1D91800003A109581C988F46C04698
:1001E00068070210290201102902011061020110A2
:1001F00061020110D70201107F090110970201105E
:100200008DF7000024000000780702103A0000007B
:1002100000C0FFFF880702103C0000002A00000019
:10022000580602104804021018980001199909682C
:100230000C18A120C0000A1810920858282646431E
:100240000025002E00D189E1204611301D9904F0CF
:1002500050F8002800D0D5E0283E6D1C2834F0E787
:1002600018980001199909680C18A120C0000A18F3
:1002700010920858282646430025002E00D16DE133
:10028000204611301D9904F034F800283FD1283E53
:100290006D1C2834F1E72978002900D06FE3189805
:1002A0000001199909680C18A120C0000A181092C1
:1002B0000858282646430025002E00D14EE120464E
:1002C00011301D9904F015F8002800D03BE1283EBC
:1002D0006D1C2834F0E718980001199909680C186A
:1002E000A120C0000A18109208582826464300256D
:1002F000002E00D1FBE0204611301D9903F0F9FFDC
:10030000002800D0E8E0283E6D1C2834F0E7AEACB1
:10031000204610992A4608F079FADB48401D218CC6
:10032000814200D11AE11A989030AEA928220DF02E
:1003300027FB199E3068FB494058FB4902F080FCBE
:1003400003460C46169D2A68301D1D901946FDF780
:1003500053FA2068401C2060B088F449401880B2ED
:10036000F349884200D3F9E0F24CF34805F0F1F983
:10037000298A6018001DEA4A91422E4600D80420BE
:1003800080B20128119C1B9D00D17FE1022800D181
:1003900075E1032800D0E4E0708AA881E74805F001
:1003A000CDF9A88907F024FC05F0B8FA199800687F
:1003B000DC494058E24902F053FC0C468068AA89A7
:1003C0001D9902F01BF82168491E2160012131703E
:1003D00000210E9B19731999096832686861AA6136
:1003E000E9611A9E0F99119C0E9311942B20C00065
:1003F00030180F9100F0A8FD00281C9800D1BEE233
:100400000620BFE2AEAC204610992A4608F0FEF95D
:10041000C34D681D218C814200D19FE01A9868303D
:10042000AEA928220DF0ACFA17988088BF49401871
:1004300080B2BF49884200D390E0179E301D1D90C6
:10044000BC4CC04805F085F9318A6018001DA942EE
:1004500000D8042080B20128119C1B9D00D17DE1B1
:10046000022800D10DE103287BD1179E708AA88154
:10047000B54805F063F9A88907F0BAFB05F04EFA14
:1004800019980068A7494058B04902F0E9FB0C46AA
:100490008068AA891D9901F0B1FF2168491E216079
:1004A0000121317000210E9B197319990968326876
:1004B0006861AA61E9611A9E0F99119C0E931194CB
:1004C0002B20C00030180F9100F03EFD00281C9832
:1004D00000D154E2042055E2AEAC204610992A46E1
:1004E00008F094F98E48401D218C81420AD11A9E51
:1004F00041E21C9002F092F90120687128462D78A3
:10050000447842E21A9E3046B830AEA928220DF057
:1005100037FA1B984078002825D01998006881493F
:1005200040588B4902F08CFB03460C464D2080005E
:100530003018159D2A681946FDF75EF92068401CA1
:100540002060199C18E066AC204610992A4608F0F5
:100550005DF97348401D218C81426BD11A9E1B9D11
:100560004CE11A9E4AE14D2080003018AEA91431AA
:100570001CC91CC0199C159D764805F0DFF828465B
:1005800007F0C4FA05F0CAF9208A6849411889B20F
:10059000674A9142119C23D2288A614DA84200D813
:1005A000A7E16D49491C0840A91C8842199A00D04E
:1005B000D3E1164610365F4CFA4805F0CAF8159A92
:1005C000118A6018001DA94200D8042080B20128B9
:1005D000199C00D16CE1022800D012E3508A69E135
:1005E000F34988420E9A00D10CE1F24988421B9DE2
:1005F00000D004E3002010711046199B19681D916A
:10060000159909685A8A9B8A1B049A180346EA605E
:1006100029611D9868610F990E93119415200001AE
:1006200030180F9100F090FC00281C9800D1A4E134
:100630000820A7E10B2040011A9E301866A9282245
:100640000DF09EF9DC4805F084F81B9D68780028C1
:1006500000D1F6E01998006832494058D74902F0B5
:10066000EFFA03460C461520000130180E99CA68AF
:100670001946FDF7C1F82068401C2060E9E0708A47
:1006800007E01798408A6CE06E080000708A40000E
:10069000401CA88101206870C94805F04FF8A8895E
:1006A00007F0A6FA05F03AF9199E30681D4940583E
:1006B000C44902F0D5FA0D4680681B998A891D99B4
:1006C00001F09CFE1B99C881000C1B9908822868C8
:1006D000401E28601B9D00200E99087230681699F4
:1006E0000968EA892B8A1B049A186A61A961E86182
:1006F0001A9E0F9911942B20C00030180F9101F011
:1007000043F90028199A169B08D1E889298A090417
:100710000818186115683146903163E0052031E111
:100720006E080000A4070000780402108DF7FFFF98
:10073000FCFF00008DF70000160000004D000000D7
:10074000980402101700000028000000680402103E
:10075000A80402102D000000FD0F00001798408A29
:100760004000A881984804F0E9FFA88907F040FA02
:1007700005F0D4F8199E306894494058944902F025
:100780006FFA0D4680681B998A891D9901F036FE23
:100790001B99C881000C1B9908822868401E28609C
:1007A0001B9D00200E99087230681A9EB16FEA896D
:1007B0002B8A1B049A186A61A961E8610F99119448
:1007C0002B20C00030180F9101F0DEF80028199A94
:1007D000179B15D1E889298A09040818186115683A
:1007E0003146683166AC282220460DF0C9F8A120B8
:1007F000C00028181B9D214607F030F91C98BEE068
:100800000320BFE0002010701546199B1868159949
:1008100009685A8A9B8A1B049A182B461B9DEA601A
:10082000296168610F990E93119415200001301809
:100830000F9101F0A9F800281C9800D19DE0072035
:10084000A0E05D20800030181521090171181CC836
:100850001CC1A889EE49401880B2EE498842119C1B
:1008600000D2CAE11B9D0C35EC4804F067FF0E98DE
:100870000C3007F04BF9284609F09CFB05F04EF8C8
:100880000E9B00201399087019980068D968149A73
:100890001160506095601B9D0F990E9311941498F0
:1008A0000F9100F0BFFB00281C9868D00A2069E077
:1008B000508A40001B9DA881DB4804F03FFFA889B7
:1008C00007F096F905F02AF82068D3494058D7492F
:1008D00002F0C6F90C468068AA89314601F0D2FDC3
:1008E0002168491E216081B2C84A521C914202D13E
:1008F0001A9E199A31E0E881000C2882CC4804F055
:100900001DFFA88907F074F928460E3009F096FB00
:1009100005F004F800200E9C2072199800681599C3
:100920000968EA892B8A1B049A1823466A61A9611F
:10093000E8611A9E0F99119C0E9311942B20C00010
:1009400030180F9101F020F80028199A159B18D142
:10095000E889298A09040818186115683146B831F0
:1009600066AC282220460DF00BF8A120C000281804
:10097000214607F073F81B9D1C9800212970746EA6
:100980000DE40920129908700224E0B2022801D176
:10099000032028E11C9801F00DFFE8B202A1085CD9
:1009A00040008744150000001787CB172200C0467F
:1009B000710800007208000018000000C80402104E
:1009C0004C0000008804021029000000A407000069
:1009D000580402109F4804F0BCFEE00703D0B07E2C
:1009E000002800D1BAE03569CAE0F0688A49405869
:1009F000914902F035F90C4680683169022201F014
:100A0000FDFCF0612068401E2060002011990870F4
:100A1000F068B06270697062F06930620F993046B8
:100A2000203000F0B1FF0125002801D00620DEE0D3
:100A300005F0F0F804461B901D91F0687649405887
:100A40007E4902F00DF90E4680681A9909692A4616
:100A500001F098FC024600231C9320461D9905F0E6
:100A6000A7FA189017913168491E31601A98C0682A
:100A700019901A9804691A984069169066AA114646
:100A8000143149CC49C11A9E1798699018986890FA
:100A90001D9867901B98669016986A90F0696E9002
:100AA000A120C00019990818114607F0ADF8284692
:100AB0001C9D9CE0644804F04CFE05F0ABF80C462D
:100AC00033691A88524951188AB252498A421D9094
:100AD000214615D2F068504940585C4902F0C0F8F0
:100AE0000D4680683169012201F04CFC024600236A
:100AF0001D98214605F05CFA2A68521E2A60336967
:100B0000F2681C927269199266AA1B9214321894A8
:100B1000054651CB51C21A9E699168951898679005
:100B20001D9866904A486E9019986A90A120C0005E
:100B30001C9908181B9907F067F856E0404804F024
:100B4000FDFD3046143006F0E1FF04F0E7FEE0075B
:100B500002D0B07E002824D0356934E0F0682E49F8
:100B600040583D4902F06CF803460C467269354620
:100B70001C3528461946FCF73FFE2068401C2060C3
:100B8000002011990876F0687169B162F0623563EE
:100B90000F993046283000F045FA002825D004206F
:100BA00021E0F0681C494058264902F049F8034604
:100BB0000C46726935461C3528461946FCF71CFE62
:100BC0002068401C2060002011990876F068716947
:100BD000B162F06235630F993046283000F022FA96
:100BE000002802D00520012501E0002501207076B3
:100BF0002846FE1F053EB546F0BD094802E00948FB
:100C000000E00C4804F0A5FD04F0CAFD6E080000E9
:100C10008DF7FFFFFCFF0000A40700003900000073
:100C2000CE000000D10000004F000000B804021008
:100C300053000000D300000098060210A80602101E
:100C40001B000000780602101A000000680602105F
:100C5000700801001400000088060210F0B503AF10
:100C600085B004924F2212010290861804A8401CFD
:100C7000039088B20190002418250096002D0CD016
:100C80003078022805D0711C039803F032FB00284D
:100C900016D1361D2D1F641CF0E7F320C000029909
:100CA00008180B21C9430024019B002915D04218C4
:100CB00092899A4202D0891C641CF6E7610006E022
:100CC000062C0CD2600002990818F321C9000022FA
:100CD0004252A0000221009A115405B0F0BD062135
:100CE000014A204604F078FBB8060210F0B503AFC5
:100CF00091B0064603463033451CE87F78440079BE
:100D00004000874402F4F781A500059306917068BE
:100D1000B168F060316129786A7812025118039540
:100D2000AA7812048918009174494058744901F056
:100D300087FF029183681120450101963069079071
:100D40000024704AA54200D194E01919961D088824
:100D5000B04201D1002109E0079808962E461D46B1
:100D600000F0D6F82B463546089E664A44340029E2
:100D7000E8D00491AC421CD008901D19443C772067
:100D80008000001B80B244210BF0A3FE044628889B
:100D9000B0420BD00798294600F0BAF8002905D0D8
:100DA000089A824200D8049100D808904435641E05
:100DB000EDD109AC2046049906F0EEFC02990868D2
:100DC000401C08602088B04258D0019D294614314B
:100DD00009A807911CC81CC1A120C100E86842589D
:100DE00008920026465044185321090141183546FF
:100DF000444B0494089AAA4246D06D1C0A882831B4
:100E00009A42F7D1012640E0059334462834204623
:100E10000691FEF779FE002801D003211FE020464D
:100E200001F0E1FC384804F089FC3046143009F048
:100E3000C1F804F073FD0CA8344A002305F0CAF889
:100E40000E980C990D9AB162F26205990870069994
:100E50003046283005F0FCF8002802D0042101209B
:100E60000FE0F0683169254A8058FCF715FE002034
:100E7000012106E002990868401C08600020012159
:100E8000039DE97711B0F0BD089D2821694308183A
:100E90005121090144180898A84210D0208C98428A
:100EA00001D1761C08E02720C04370432018282277
:100EB00021460CF065FD134B28346D1CEBE70898B8
:100EC0000F900E960D9004980C900CA801F0E1FB89
:100ED00000980002401C0121059A1182019EF168D0
:100EE000B062F16207983063039D06998DE702486E
:100EF00004F072FBFEDEC04628070210A4070000C3
:100F0000180702106F08000045000000204E000086
:100F1000F8B504AF0C460646084606F021FC00254D
:100F2000002803D04020205C002801D02946F8BDCD
:100F30002046314601F048FF0028F7D0204606F051
:100F4000FBFB2546F2E7D4D4F0B503AF87B00E46DD
:100F5000044605462835007E012101917844007938
:100F6000400087440254571F334507CC226060601D
:100F7000A1602A480C3C04F0E1FB2046103009F047
:100F80005DF82046143006F0C1FD04F0C7FC207D5A
:100F9000012837D10020287322460C3207CA21626B
:100FA0006262A06220462030314600F0EDFC00284D
:100FB00001D0032124E002A8194A002305F00AF811
:100FC00004980299039A21626262287020462030B8
:100FD000314605F03DF8002801D0042110E0002042
:100FE0002075287322460C3207CA21626262A06211
:100FF00020462030314600F0C7FC002802D00521F1
:10100000019801E000200121217607B0F0BD0248DF
:1010100004F0E2FAFEDEC046380702103800000095
:1010200010270000F0B503AFA5B0064604464034D3
:10103000034670331A301390807A400078448088D9
:101040004000874405000804130409028602DC00FE
:101050000D931091129431CE346075600E90B06093
:101060006D4820586D490F900C3E01F0F9FD8068E5
:1010700029225201119280580A68521E0A6068495A
:10108000159618360028149600D1DAE0169523201C
:101090004001201817900E98C00700D1D4E05E4898
:1010A00020180590651801262046314601F016F8F3
:1010B0000B905C4800780E900895E8780C90002022
:1010C000199018901AAA169938C938C204460E9871
:1010D00000020C990904081806905349534D0C94CA
:1010E00007960A960E940F98049401F0B9FD0F919B
:1010F00080684219119940582C264643179D002EAE
:1011000000D1C6E0082C00D19DE318A8005D00289E
:101110000CD14748C01D2988814207D11AA9104621
:1011200016920BF0D7FA169A002804D12C32641CC0
:1011300010352C3EE3E7154624350B98C6B20698C9
:1011400006432620105C0002263251780904081854
:10115000697802914018314607F03CFC0C220002ED
:10116000039510D0A888A97909044018314615467E
:1011700007F030FC2A460104159E169907D100029B
:1011800004D00C2203E0159E169900E0182288185E
:101190001AA92CC82CC10398C079029D2946814305
:1011A000089B1A788A431A705A78AA4302435A70E5
:1011B0000A98C0070028079800D10E98224600D14F
:1011C000099A0C9B0B430C93039B1B78002B00D1BB
:1011D0002CE3C94318AB01251D550F9C23685B1EEA
:1011E00023600B9B0B400B93059903460868002175
:1011F0000A9109920E93049C0B490C4D75E72078D7
:101200004000C046784480884000874413002C0387
:101210002F03AB02FA01C046A40700001805021014
:10122000C7070000C03F0020480502102405000049
:101230006E08000012940D9310913446283413CC9C
:1012400080E00ECD0EC65FE0F6490F9801F008FD74
:101250000F918068F4494618119940582C25454350
:101260000024002D16992BD030460BF033FA0028BD
:1012700008D0072C00D9E9E2EC48C01D179909886D
:10128000814226D12C36641C1798103017902C3DC3
:10129000E7E70F990868401E08600E98C007159E82
:1012A000099A08D01001179908181AA9024638C9D6
:1012B00038C20C9901731AA814991CC81CC124E0E7
:1012C0000F9A1068401E106014980C460ECC0EC089
:1012D0001AE01AA81690179C21466CC96CC0D44815
:1012E00004F02CFAD34804F0F9F9169808F062FEDD
:1012F0001D9808F027FE04F011FB14980ECC0EC0C8
:101300000F990868401E0860159E33461433F06834
:10131000C94A815C0029129D05D01978002902D0A4
:10132000801800210170149C2088C449411889B29A
:10133000C34A91426BD200202870F168706932462E
:10134000283213C27163B063BE4804F0F7F9139DED
:101350001E35284606F0DAFB04F0E0FA14942088E3
:10136000B649401880B2B649884200D376E2716B24
:10137000169528780028159677D0B26B1AA8FDF735
:10138000D1FC1D9D1C9817901A98C40704F042FCCC
:10139000002C00D1179000D10D46706BAA4940581F
:1013A000AA4901F05DFC0C4680680122149900F006
:1013B000E9FF024600231798294604F0F9FD119031
:1013C00032460E462068401E2060A120C000516BAE
:1013D0000C181399C87F1F314A78120210188978A7
:1013E00009044118204606F01FFB002863D0119B1A
:1013F0008E49091D028C8A42129C00D0CEE11799B9
:1014000022C0036046608949891C0183C6E1904976
:101410004118022900D2C4E18E49884200D08BE0F5
:1014200013990888498809040818B0628A481C463C
:1014300004F084F93046283008F000FE204606F01B
:1014400065FB04F06BFA00202871F0687169B26ADC
:1014500032637163B06310993046303000F094FA13
:10146000002800D19DE1032185E1A120C500481994
:10147000139EF17F1F36727812025118B27812044F
:10148000891806F0D1FA0028129C00D186E1159C3B
:10149000E063724804F052F9FE4804F01FF9E06B73
:1014A00006F01CFB04F03AFAE06B018CF34A91421F
:1014B0001CD804211DE01698006810901AAA1692F4
:1014C00014320F953146149E29CE29C21D911198D0
:1014D0001C900F981B9017981A90F848229010981B
:1014E0001E902046169906F08FFB02E1E74A51183C
:1014F000091D89B2042960D0022933D00129129C28
:1015000000D04BE1408CA08004F084FB159A10655C
:101510005165D26B9368D268C01A9141179500D378
:101520009EE0E14804F00AF9A08806F061FB04F0AF
:10153000F5F9A08840009EE000202870F0687169ED
:10154000139B1A885B881B049A18B262F16230639D
:10155000109930462830FFF7F7FC002800D120E131
:10156000042108E1448CC548051D04F053FB159E79
:10157000F26B15845484F26B03C2706BBE49405801
:10158000F16B0A68179249681691C54901F068FB2A
:101590000C468068F16B143100252A4600F0F2FEFB
:1015A0000246179816992B4604F002FDF26B9060E4
:1015B000D1602068401E20609BE0046AB64804F0B9
:1015C000C8F8159B586B41193078727812021018C0
:1015D000B2781E46120482181AA806F0A9FDAF4878
:1015E00004F0ACF8169806F091FA04F097F9002090
:1015F000129A1077706BB16BB4641446F164306565
:1016000010993046483000F0BFF9002801D004207E
:10161000AFE0706B1596B16B00221346FDF7ACFB83
:10162000BCE0C04628050210240500006E0800003A
:1016300052000000DE000000C70700008DF7FFFF2A
:10164000FCFF00002E000000A40700001809021093
:1016500091F7FFFF710800002B000000360000002A
:10166000904804F06BF8A08806F0C2FA04F056F92E
:10167000A0884000401CE080159D686B7E49405862
:101680008A4901F0EDFA22460C4680681292D2880F
:10169000E96B143100F0F6FE2168491E216081B229
:1016A000764B5A1C914226D1E86B1299C988418425
:1016B000191D0184E86B296D0160696D4160686BDB
:1016C0006D4940587C4901F0CBFA0E468068E96BC1
:1016D00014310024224600F055FE02463068401EB8
:1016E0003060E96B03C9234604F062FCEA6B90604A
:1016F000D160129C52E0129CA0606D4804F01EF86C
:10170000E08806F075FA0834204608F097FC04F0EB
:1017100005F9686B17994118307872781202101821
:10172000B278120482181AA806F002FD614804F08B
:1017300005F8204608F082FC04F0F0F800200D992E
:101740000870686BA96C3278120273781B049A18BF
:10175000B3781B069A18521CA965EA6528662E46BE
:10176000129C109930465830FFF7EEFB002804D049
:10177000032020700521012253E0A120C00015960E
:10178000716B0918139AD07F1F3253781B021818F7
:101790009278120482181AA806F0CAFC0120207060
:1017A000159E706900220121C0073AD11192129151
:1017B000F4683069159030482058414901F050FADA
:1017C000109123214901621880682D49431829216D
:1017D000490140582C2141437F20C54314920029E0
:1017E00019D0002D2AD056198020305A234CE41DE0
:1017F000A0420CD018461691159917930AF06AFF6B
:101800001699179B149A002801D0803634802C3307
:1018100010352C39E3E710990868401E08601299CA
:10182000119A13988172104625B0F0BD0F9B19686C
:10183000491E1960C00700D034E53CE50820214A64
:10184000014603F0C9FD08200F4AF9E708210D4AB7
:10185000204603F0C1FD074803F0BEFE0C4803F02C
:1018600078FF03F09DFF024803F0B6FEFEDEC0469F
:101870002809021098070210A40700006E08000053
:101880002405000038050210580502108DF70000ED
:10189000D0000000E40000006000000047000000ED
:1018A000080902104B0000004E000000E80802107A
:1018B0005100000030000000F8080210700801001C
:1018C0007805021088050210F8B504AF05467D20A2
:1018D00006012B4828582B4901F0C2F90C468068B4
:1018E000512109014318A85D41072BD481072BD44E
:1018F000C0072BD1A8194278002A33D099788A42A0
:1019000032D200930846504345002E0C0023D843A2
:10191000002E064600D12E46B5B25243AA1A00D276
:101920001A46009B1D785B785B1E6B439BB253434A
:101930001A0C00D1184680B249430BF0CAF840197E
:10194000009B14E0142002E00C2000E004209979B0
:10195000884200D308462168491E21607F2800D3B1
:101960007F20F8BD187802E019785878484382B291
:10197000012A114600D8012198798242EAD9EAE782
:10198000A4070000A8070210F0B503AF8FB005460A
:1019900004462034007D0B4608954000784480883A
:1019A0004000874409000E0314038D00C302ED01BB
:1019B000DF02AD023A00170004932B686A68A8683A
:1019C000E8602A61099336499EB27609422E32D8E0
:1019D000042632E026460836207A40007844808883
:1019E000400087440400F102F402270199010696A1
:1019F0000493AA69E869617A079128626A621F21E3
:101A00008E01835D8119D50700D1EFE0032B00D053
:101A100067E10023089D079A67E12E4618362046A5
:101A20001A300690A07E002854D0032800D1ADE0E3
:101A30001C4803F0D1FD1C4E9E191C4D4519039501
:101A400041180291B1B21D0E01951D0C079500259C
:101A5000059501250695890002A56958069E059DF4
:101A60008F46C0467D1F01107D1F0110B11A011065
:101A7000E31D0110F91D0110951D0110611D0110DC
:101A8000091E0110871E0110CB1D0110391E011007
:101A9000711D0110A11D0110231E01104F1D011009
:101AA000C707000018060210A0F7FFFFA4070000F8
:101AB0000799089D698528626A6200202073049B4B
:101AC000183528461946FDF7C7F9002800D153E21A
:101AD00003264FE2E27E217E686B61762863F74938
:101AE0004118D2072BD08A7E032A12D0CD7E0868F7
:101AF000F34901F0A5F80E462946089DFBF732FE92
:101B00003068401C3060286BEE49415C4A1E022A56
:101B100000D30021E94E627EEA4BC154C0184270E6
:101B2000286B8059E84901F08BF82E460D46617EFE
:101B3000FBF7FCFD2868401C28603546B9E0887E2C
:101B4000022800D39CE001258D760898006BDB49C4
:101B50004058DE49049301F083F807918068A90298
:101B6000089D4258401843680AA804F033FA0C98BC
:101B700005900A990B9A079803685B1E0360049B03
:101B8000A961EA6105982070D148A86230461946DB
:101B900002F0A2FEC1B2022906D0032918D1032007
:101BA000069908700826E5E1286BC4494058C949E0
:101BB00001F046F82E460D46617EFBF7D3FD2868FE
:101BC000401C28603546306BBE490322425470E009
:101BD000F522D4002B6B1A59032A65D819199400E1
:101BE0001B19FB4C1851501C086062E0022B00D3FB
:101BF00082E001250D70089E306AF8494058F94985
:101C000001F02EF807918068A90235464258401825
:101C100043680AA804F0DEF90C980A990B9A079E0B
:101C200033685B1E336029636A632076EE4828645C
:101C3000049B069E28463030194602F04DFEC1B284
:101C4000022903D003290CD103206DE00696286AEF
:101C5000696AFBF701FF1F208001296A03220A54E9
:101C600066E0F522D4002B6A1A59032A069668D832
:101C7000191994001B19DE4C1851501C086057E0CC
:101C800017D103208876286BD44A80582C46CD7E05
:101C9000D84900F0D5FF0E4629462546FBF762FDE0
:101CA0003068401C306004E0022902D0D24803F0C2
:101CB00050FD0698012606701F208001E9680A5C25
:101CC0000025012A04D0002A00D057E1022205E0B5
:101CD000089A1269D20700D050E103220818027056
:101CE0004CE14878079A0243089D4A700B70286AB5
:101CF000696AFBF7B1FE1BE0089D19D11146FBF79D
:101D0000ABFE286A0321815500206074286AE862CE
:101D10002079A074049B069E28462C30194600F0BA
:101D200075FA002803D004203070092622E10696B7
:101D3000012606980670E8682969FBF78DFE0025E4
:101D40001CE10229F4D0A94803F003FDF0E7A44800
:101D500003F0F4FC09A808F071F903F0DFFD0DE1D0
:101D6000D00700D1B8E0029A907801990843B7E013
:101D7000089DAA61E8610798607600202076049BA0
:101D8000183528461946FBF771FF002800D1F3E00B
:101D90000526EFE003980068079900F01BFAEDE0D4
:101DA000E2760021A176079B2376089D6863110ED9
:101DB000A177110C6177110A217719462E46183642
:101DC00023461A330693049B87E6039800688E49DE
:101DD00000F036FF7422079B83540868401C08609B
:101DE000CCE0D00700D194E0029A507807990843DC
:101DF00050709078084390E0D00700D1A4E0029A98
:101E0000107807990843A3E0D00700D1D6E00398E3
:101E10000068804900F014FF0D460799FBF7A2FC0B
:101E2000C9E0089DAA61E8610799617200212172E9
:101E3000214608310691E0E5D00700D1BEE00398C5
:101E400000686E4900F00CFF7422845C0026F043A9
:101E50006C4A0B6818180860F0B2012800D992E0AB
:101E60003546761CA042F7D00898C0685B494058B8
:101E7000114600F0E5FE05912946FBF773FC059934
:101E8000604A0120E5E7D00700D097E0039800689A
:101E90005E4900F0D5FE0D46079CE1B2022900D252
:101EA00082E05B4803F04AFC204604F0A7FA0220D7
:101EB00003F038FC03F032FD7DE0C046A4070000CB
:101EC000F8050210BE07000008060210D80502102F
:101ED000A03E002028060210029A907801998843BB
:101EE0000799089D9070E8682A693C4BC05800F03B
:101EF00071F900206877287CA877E868A861049BBE
:101F000018352846194600F081F9002834D00726F4
:101F100030E0029A907807998843049B089D90705E
:101F200000206877287CA877E868A86128461830E0
:101F3000194600F06BF9002801D004261AE0E86881
:101F40002969FBF789FD17E0029A10780799884301
:101F5000089D10706B8500202073E868296928624D
:101F60006962049B183528461946FCF775FF00285E
:101F700002D00626012501E00025012608980675F5
:101F800028460FB0F0BD0898C068144940581C4955
:101F900000F056FE0D460799FBF7C8FB2868401C69
:101FA00028600025069EE9E701210C4000197522F2
:101FB000835C4B4083542868401C2860069E059D26
:101FC000DCE7054803F008FB024803F005FBFEDEF2
:101FD000AC0700004806021018080210A407000011
:101FE0008C00000038060210A03E00209300000084
:101FF000AC070000E805021094000000E80702109A
:10200000F807021008080210D8070210C8070210CB
:102010008B000000B8070210F8B504AF05467D201C
:1020200006012B4828582B4900F01AFE0C46806800
:1020300029494318A85D41072BD481072BD4C00739
:102040002BD1A8198278002A33D099788A4232D2CB
:1020500000930846504345002E0C0023D843002E21
:10206000064600D12E46B5B25243AA1A00D21A46ED
:10207000009B1D785B785B1E6B439BB253431A0C2D
:1020800000D1184680B249430AF023FD4019009B55
:1020900014E0042002E0022000E0012019798842C7
:1020A00000D308462168491E21607F2800D37F2085
:1020B000F8BD187802E019785878484382B2012AAE
:1020C000114600D8012118798242EAD9EAE7C046D0
:1020D000A4070000280802101305000080B500AF17
:1020E0001F229201835C8218507A002902D0032BB0
:1020F00002D103E0022B01D15178084380BDD4D432
:10210000B0B502AF0D4604462430217A79440979EE
:1021100049008F4402272A0C1B0021686160144A81
:102120008A5C216200218172427003210170204685
:102130000C302946FBF7E6FC002802D001200321E1
:102140000EE060680A4900224254227320460C3097
:10215000294603F08DFC002801D1012100E0042173
:102160002172B0BD014803F037FAFEDE38080210D4
:10217000CF070000FCB505AF01910021C94342B271
:102180000123012A084600DB18460093B5235A4371
:10219000FF2580355619B4B22E468036B44206D398
:1021A000803210B2C00DC0B2101880B2000A019A7D
:1021B00052B2012A00DB009953435A1992B2B2423B
:1021C00006D3803319B2C90DC9B2591889B2090AA8
:1021D000FCBDD4D4B0B502AF0C46D10707D00A4934
:1021E00000F02EFD0D462146FBF7A0FA06E005495A
:1021F00000F026FD0D462146FBF7B4FA2868401C86
:102200002860B0BD4808021058080210F0B503AFAE
:102210008DB004460246203240790D46784400795C
:1022200040008744029FA26C7900A1792171266841
:102230004F483318305C00280795069203D0587831
:10224000400002902DE003932720400130180490B5
:1022500030460191FFF742FF029023204101002008
:102260000590444B0A4610460A46803282420AD004
:10227000355A024610329D42F5D03018007B059D3C
:1022800005430595EFE70598C043039A117901438B
:1022900002980840D578054304990878002848D06A
:1022A0000295364803F04AFA0394207904F0B2F814
:1022B000F320C0003018049003F030FB3048007861
:1022C000059008A90A46049C29CC29C20022079D32
:1022D000062A05D008780BAB9854521C891CF7E7E6
:1022E000069A0598D0700020907002995170107075
:1022F000039CE6610B9961620C99218590722646D8
:10230000083630462946FBF7FDFB002802D00120A5
:1023100003210BE00020307020460830294603F0EE
:10232000A7FB002801D1012100E0042161710DB05B
:10233000F0BD8868C96803F065FE00220E4B181ACC
:102340008A41ADD301980028AAD004994878C007E3
:1023500001D1284601E002202843097800299FD1B5
:1023600005469DE7014803F037F9FEDE88080210B4
:10237000C4070000750800003F4B4C0065000000DA
:10238000C03F0020B0B502AF0B881A4CA34201D861
:10239000042301E0164C1B199DB223231B01C41812
:1023A000154B042D0FD0052D0AD1897865688D4213
:1023B00006D938254D4340194721C900405803E04C
:1023C000002A05D109E08868002A03D0184008D106
:1023D000206803E0000C184003D16088184000D149
:1023E000FA207D21CA0000210B460BF0CEFAB0BDC9
:1023F00091F7FFFF6E080000FF3F0000F8B504AF43
:102400000B8843256C0126460E36B34201D80426BC
:1024100001E01B4E9E19B6B2052E09D0042E27D11D
:1024200090B2022825D0032825D1C8888C8822E0C4
:102430008D239B00C6586C0125460F358B789E4234
:1024400029460FD93821594340184721C90040185F
:10245000114605F081FA81B222460F32914221469F
:1024600000D0014688B2A84200D00C46200C02E001
:1024700001E048881C46A1B200044018F8BDC046DF
:1024800091F7FFFFFEB506AF15460E88554A9642F6
:1024900001D8042301E0524BF3189BB2052B05D061
:1024A000042B41D1E80741D1488895E08D22920064
:1024B000825889784C4E8A4200D88CE038224A43B0
:1024C00084188F2080002018294605F033FA002850
:1024D00000D180E04720C000201842680621514307
:1024E00008302A04009524D0AAB252082A4393B295
:1024F0009B0813439AB212091A4393B21B0A13435F
:10250000DA435308394C1C40121B394B94081A40CB
:102510001C4012191309D2180F2314461C401B0229
:1025200013401A0AA21805E0561C55E0C8888E8888
:1025300052E010220192411802910025821D831C55
:102540000221029CA04200D01946064600D0164641
:1025500038D00288002A1CD0500810438308034357
:102560001809184383B21B0A0343D84343081F4C7E
:102570002340C01A83081E4C20402340C018030982
:10258000C4180F23204618401B0223401B0AC01802
:1025900000E01020019B1B1A3046CFD30F200340D0
:1025A000DA40009880B282423046C7D1002D06D072
:1025B000284605F00DF900283046BFD00AE0304625
:1025C0000D46BBE7002D084E05D028886988090410
:1025D0000E1800E0044E300CB1B200044018FEBDED
:1025E00091F7FFFF6E0800006F08000055550000CE
:1025F00033330000FEB506AF00688A68930104D447
:1026000052010FD402F0FCFEFEBD02680920114BFE
:102610000F2414401D5D841E01AEA555401E1209F5
:10262000F6D10BE0026809200C4B0F2414401D5D0D
:10263000841E01AEA555401E1209F6D10922101ABA
:10264000009001A80319044C02220846214602F01A
:1026500087FDFEBD4C0D0210540F02102C0D021010
:10266000D0B502AF006800788000044A1358044ACD
:10267000125803C9CC681946A047D0BD9C1B021054
:102680005C0D021080B500AF01F033FE012148401F
:1026900080BDFEB506AF06688568002D13D043687F
:1026A0002824214659430296029E08367118C068B4
:1026B0000190C21A6243581B60433018029E0AF010
:1026C00098FC019800E0C068401B3060FEBDE0B59A
:1026D00002AF0068019001A8F8F70CFC8CBDE0B5D2
:1026E00002AF0068019001A8F6F7BAF88CBDE0B51A
:1026F00002AF0068019001A8F6F71AFA8CBDE0B5A8
:1027000002AF0068019001A8F7F76AFB8CBDE0B545
:1027100002AF0068019001A8F8F77CFF8CBD80B57E
:1027200000AF006801780720484080BDD0B502AFF7
:102730000C490A68002A04D000220A601321090605
:10274000096800780F21014001248C40EDF7C6FF95
:1027500005490A68054B13401A190A60C168C90186
:10276000FCD4D0BD18000014440400500000FFFF4A
:1027700080B500AF017E032905D0042906D12030A1
:1027800000F022F880BD203000F03DF880BD80B51B
:1027900000AF017F032909D0042903D0052908D1FE
:1027A000203000E0303000F01EF880BD2030FFF710
:1027B000DFFF80BD80B500AFFF212A31415C0229D7
:1027C00001D900F02BF880BD80B500AF017C032952
:1027D00005D0042906D1403000F005F880BD18303E
:1027E00000F011F880BD80B500AF417E032902D111
:1027F0002030FFF7DFFF80BD80B500AF407CC01EFA
:10280000C0B20B2880BD80B500AF2021415C0329F8
:1028100002D12830FFF7E7FF80BDD4D480B500AFE8
:102820000246406C1168884202D80020106080BDCA
:10283000014B0A4602F08AFDDC14021080B500AF9D
:102840002021415C032902D32430FFF76FFF80BDB4
:1028500080B500AF2021415C032905D0042906D1B1
:10286000283000F01BF880BD243000F00CF880BD4B
:1028700080B500AFFF218E31415C032902D13C308D
:1028800000F017F880BD80B500AF6B218900415C76
:10289000032902D1083000F0B6F980BD80B500AF41
:1028A000FF218A31415C032902D1383000F001F860
:1028B00080BD80B500AF2921C900415C032902D148
:1028C0001030FFF7BBFF80BD80B500AFDD21890070
:1028D000415C032902D1001D00F051F980BD80B593
:1028E00000AF2821415C032902D12C3000F043F8CD
:1028F00080BDD4D480B500AF4521C900415CC91E5C
:10290000C9B2032905D88900024A5158401800F07D
:102910004BF980BD3C0D021080B500AF4421415CF5
:10292000042903D0032905D1482100E04C21401897
:10293000FFF7BFFF80BD80B500AFFF21E231415CF2
:10294000032902D11030FFF7E7FF80BD80B500AF4B
:102950004821415C042902D14C3000F0AFF880BD21
:1029600080B500AFDF218900415C032902D10C3022
:1029700000F005F980BD80B500AF2821415C032936
:1029800002D12C30FFF7C8FF80BD80B500AF4021D9
:10299000415C032902D14430FFF7BEFF80BDD4D48F
:1029A00080B500AF4421415CC91E052916D8C04638
:1029B0007944097949008F44020A06110E12483001
:1029C000FFF7E3FF80BD4830FFF7A6FF80BD48302A
:1029D000FFF7B1FF80BD4830FFF7CDFF80BD483025
:1029E00000F001F880BD80B500AF8021415C032973
:1029F00005D0042906D1843000F07EF880BD8430F3
:102A0000FFF726FF80BDD4D4D0B502AF04465034C2
:102A10006178C91E062914D87944097949008F4480
:102A20000303070B030307005430FFF784FF06E09E
:102A30006430FFF771FF02E05430FFF7B1FF002070
:102A40002070D0BD80B500AFCB218900415CC91E8C
:102A5000C9B2042905D88900024A5158401800F02B
:102A6000A3F880BDAC1B021080B500AF6921415CAA
:102A7000C91E0A2921D8C0467944097949008F44E2
:102A80000D05111C15050905190D09006C30FFF71E
:102A900043FF80BD6C30FFF76EFF80BD6C30FFF7E9
:102AA0004AFF80BD6C3000F01BF880BD6C30FFF732
:102AB00016FF80BD7030FFF796FF80BD80B500AF78
:102AC000017BC91E042906D87944097949008F443D
:102AD00002020202030080BD1030FFF78DFE80BDB0
:102AE00080B500AF1D210901415C032902D12C30C2
:102AF00000F089F880BDD4D480B500AF6821415C76
:102B0000C91E082918D8C0467944097949008F445C
:102B1000040C080810140E0418006C30FFF7A8FE0F
:102B200080BD6C30FFF707FF80BD6C300AE070306D
:102B300000E07C30FFF7F0FE80BD6C30FFF788FED0
:102B400080BD8430FFF7AAFE80BD80B500AF39217B
:102B50000901415C032902D1203000F010F880BD4A
:102B600080B500AF017E032905D0042906D11C30B1
:102B700000F03AF880BD1C30FFF746FF80BDD0B5AD
:102B800002AF044650346178032903D0042905D0EC
:102B9000052908D15430FFF7AFFF02E05430FFF7AA
:102BA000FFFE00202070D0BDD0B502AF04464834EF
:102BB0006178032903D0042905D0052908D14C30B8
:102BC000FFF752FF02E04C30FFF7EAFE00202070D2
:102BD000D0BD80B500AFE1218900415C032902D15D
:102BE0001430FFF7CCFF80BD80B500AF017E032914
:102BF00005D0042906D11C30FFF78EFE80BD1C30A5
:102C0000FFF726FE80BD80B500AF0D214901415C74
:102C1000032902D11030FFF72BFE80BD80B500AF35
:102C200080BDF8B504AF024604684068936800931D
:102C300068C968C2012C02D1C16800988847F8BDF4
:102C400080B500AF02460068002805D10020C143CE
:102C5000104602C0114680BD084602F049FCD4D49B
:102C600080B500AF02460068054B984204D2411C73
:102C7000104602C0114680BD084602F053FCC04613
:102C8000FFFFFF7F80B500AF06C80838914203D22E
:102C90004A1C0260012080BD002080BDD0B502AF7B
:102CA0008A4204D3212A02D24018511AD0BD2024CE
:102CB00008461146224602F049FBDCB504AF044643
:102CC00000932023084611462246EDF7D7FBDCBDD2
:102CD000DCB504AF04460093012003020846114608
:102CE0002246EDF7CBFBDCBDD0B502AF1346044660
:102CF000202208462146EDF753FCD0BDD0B502AFE7
:102D00009A4206D3D21A28245C430C191AC00260D6
:102D1000D0BDBA680148132101F03CFF0C1302102A
:102D2000F0B503AF89B00D460146039022480090EC
:102D30006C0805A822462346FFF7E0FF069801909D
:102D4000059804901D480090282675430398401963
:102D500061427143411805A822462346FFF7CEFF82
:102D60002146664305983618049D283E0698039030
:102D7000601E0290019C002911D0002C11D0491E28
:102D8000049103980299814210D20A2228463146C2
:102D900004F032F9641E2835283E0499EBE709B0A7
:102DA000F0BD084A0198014602F016FB044A049857
:102DB000039902F011FBC0461813021028130210E9
:102DC0004813021038130210F8B504AF00910646FC
:102DD0000B20C4432546242C07D02C460C34301934
:102DE000009909F077FC0028F4D0243D681E854145
:102DF0002846F8BDD0B502AF9A4204D3D21ACC18F7
:102E00001AC00260D0BDBA680148132101F0C2FEA9
:102E10000C130210F0B503AF87B0082B1ED3DB08EC
:102E20000592A0251A465D43069141192323DE0031
:102E3000564314468219234604941E4CA047019021
:102E4000069841198219049BA047069005984119DC
:102E50008219049BA0470699024600E001909668FB
:102E60000592D2688B680691CD68012100200490FC
:102E70000296981B284603929041084600D3049876
:102E8000019CA268E668D31A3346AB410D4600D3D5
:102E9000049D684001D1069805900298101A039885
:102EA000864100D304994D4000D1059C204607B0CF
:102EB000F0BDC046152E0110F0B503AF87B0082B4A
:102EC0001ED3DB080592A0251A465D4306914119E1
:102ED0002323DE00564314468219234604941E4CD5
:102EE000A0470190069841198219049BA0470690BB
:102EF000059841198219049BA0470699024600E0F3
:102F000001901668059252680B6806914D68012180
:102F1000002004900296981B284603929041084690
:102F200000D30498019C44CC083CD31A3346AB41EF
:102F30000D4600D3049D684001D106980590029883
:102F4000101A0398864100D304994D4000D1059C86
:102F5000204607B0F0BDC046B92E0110F0B503AF52
:102F60008BB0019005C908390D46283D18CD083DA4
:102F7000C01AA24122D2086800904C68083102A809
:102F800020220AF0FDFC2E46284628302822294619
:102F90000AF0F6FC0198854208D03546283D03CD5D
:102FA000009A083D101A20468841ECD3009811C6BB
:102FB000003602A9202230460AF0E2FC0BB0F0BD38
:102FC000F0B503AF8DB00D4603908868C9682A46F6
:102FD000203A13685268C01A914132D207CD02924A
:102FE0002A6801920B910A900C3D2946103104A8E1
:102FF00018220AF0C5FC483D2C462E46483620359E
:103000002822304629460AF0BBFC0398854208D0A6
:103010002546283D03CC029A083C101A01988841A5
:10302000EAD30A980B9920626162304620380299EF
:10303000016001994160183E04A9182230460AF047
:103040009FFC0DB0F0BDF0B503AF8BB00591026DE4
:10305000436D846FC56F502178260896A21A9D4152
:103060000A4600D3089A00D308910899411806919E
:1030700003928118079118C8056A426A0121002647
:103080000A960838EB1AA2410B4600D30A9B079A0E
:103090005268049200D20A99069C626828250A9513
:1030A0006943451809956D68039E865941580296F3
:1030B0000191711A04990395A94100D3099C0A99B9
:1030C0004B43C5186E6808994158C058081AB24158
:1030D0002E4600D32646069B00D32B46099800D3E4
:1030E00006980299019A891A0499039A9141079CBA
:1030F00000D30446206808906568306804907068C2
:10310000069001D307980990059819460A9A0AF083
:1031100037FC08980499401A06988541304600D338
:103120002046089000D33446059D28462830214685
:103130000A9C22460AF024FC284650300899224670
:103140000AF01EFC78352846099922460AF018FC38
:103150000BB0F0BDF0B503AF754EB544754E6E447F
:103160004B0800D1DDE0054628200A460B90099364
:1031700058430EA90C1828180D900392072A06959B
:10318000029409D90EA92846FFF75DFF0D98214644
:10319000FFF759FF04220CE00EA8282506992A46BD
:1031A0000AF0EEFB20460D992A46069D0AF0E8FB40
:1031B00001220021B16002207060059131600B98FE
:1031C0000A9250430EA909180891281807900999E6
:1031D000F1600398401A04905648684404F098FF40
:1031E00001281FD1002909980D9001D004980D9055
:1031F0000B98414308984418079846180EA84018A1
:103200000C900A9D0D988542E6D228222046314630
:103210000AF0B6FB0C982146FFF7A0FE28342836AA
:103220006D1CEFE70B98039948432838069D291831
:1032300008910EAA10180D90029E304628380A9068
:10324000099800284ED00990304628300790116820
:103250000C925068336872685C1A1446844100D33B
:10326000079600D30C9E591A824102D30C9828303D
:103270000C90284631460B9A0AF082FB0A9E06CE35
:103280000D9818C80120083E591A9441014600D2F1
:1032900005990491069500D305980599CD4300281A
:1032A0002C4600D10446314600D10D9908980B9E5A
:1032B00032460AF065FB74430498002800D10546A5
:1032C0000A9800190A900B9845430D9840190D90E3
:1032D0000998401E089928390891069D2835079EAF
:1032E0000C9AAEE70A9928310398C0070A9101D1D8
:1032F00014460FE0144628348A4200D3144611467F
:1033000000D331460A98824200D328362822284624
:103310000AF036FB0A98844207D10D98283086427D
:1033200003D1FE1F053EB546F0BD02F05FF9C04671
:1033300034F8FFFFB8070000F0B503AF754EB54491
:10334000754E6E444B0800D1DEE0054628200A4643
:103350000B90099358430EA90C1828180D9003924E
:10336000072A0695029409D90EA9284605F0C6F940
:103370000D98214605F0C2F904220CE00EA828257C
:1033800006992A460AF0FCFA20460D992A46069D1F
:103390000AF0F6FA01220021B16002207060059166
:1033A00031600B980A9250430EA909180891281809
:1033B00007900999F1600398401A049056486844B0
:1033C00004F0A6FE01281FD1002909980D9001D014
:1033D00004980D900B984143089844180798461894
:1033E0000EA840180C900A9D0D988542E6D228221E
:1033F000204631460AF0C4FA0C982146FFF7E0FD5A
:10340000283428366D1CEFE70B9803994843283879
:10341000069D291808910EAA10180D90029E30469C
:1034200028380A90099800284FD009903046283053
:10343000079091680C92D068B368F2685C1A1446E1
:10344000844100D3079600D30C9E591A824102D3BF
:103450000C9828300C90284631460B9A0AF090FAC6
:103460000A9EB168F2680D988368C4680120591AF1
:103470009441014600D205990491069500D3059820
:103480000599CD4300282C4600D10446314600D191
:103490000D9908980B9E32460AF072FA744304980C
:1034A000002800D105460A9800190A900B98454358
:1034B0000D9840190D900998401E089928390891D7
:1034C000069D2835079E0C9AADE70A992831039886
:1034D000C0070A9101D114460FE0144628348A42ED
:1034E00000D31446114600D331460A98824200D3D5
:1034F0002836282228460AF043FA0A98844207D13F
:103500000D982830864203D1FE1F053EB546F0BD1A
:1035100002F06CF834F8FFFFB8070000FEB506AF04
:103520000C4605684168826A0290C36A501B8B4151
:1035300001D3002000E00120019000280ED0029964
:1035400028310222944218D009C90D6A4E6A0839FE
:10355000281A9E4119D22831521CF3E702992831CA
:103560000222944209D048C9086A4D6A0839C01A33
:10357000B5410AD32831521CF3E70198002810D036
:1035800002982146FFF7CCFBFEBD012020430AF044
:1035900021FB40003E23434000220298214600F0D8
:1035A000FDF8FEBDFEB506AF0C468568C168026B2E
:1035B0000290436B501B8B4101D3002000E001209F
:1035C000019000280ED0029930310222944218D086
:1035D00009C90D6A4E6A0839281A9E4119D2283144
:1035E000521CF3E7029930310222944209D048C9B3
:1035F000086A4D6A0839C01AB5410AD32831521CED
:10360000F3E70198002810D002982146FFF788FBC5
:10361000FEBD012020430AF0DDFA40003E23434076
:1036200000220298214600F0FBFAFEBDF0B503AF80
:1036300091B00D460390480846180091002E51D0D5
:10364000761EAE42019618D206A805902824039D46
:10365000294622460AF094F9204670432E1828463F
:103660003146224609F0C5FC3046019E009D059971
:1036700022460AF085F9002400E0741BB54200D30D
:10368000354602956000421CAA4228D20594801C4F
:10369000A8420DD228214843039D2B185B68514353
:1036A0006C18646828586958081A9C4100D2521C4A
:1036B0002820034653431446039AD1184D680495B5
:1036C000059E464390194568D3589259D21A049AD8
:1036D000954104D20A2203F08FFC029DD2E7009D9F
:1036E000019EABE711B0F0BDF0B503AF8FB0039012
:1036F000480846180091002E4ED0761E8E42019644
:1037000018D204A802902824039D294622460AF0D4
:1037100037F9204670432E1828463146224609F0D4
:1037200068FC3046019E029922460AF029F9009968
:10373000002000E0701AB1420A4600D332460292DD
:1037400041004E1C964224D2891C91420DD228225F
:103750005143039C61188B68C9687243A21895682D
:10376000D268EB1A8A4100D2761C28221146714396
:10377000039C61188B68CD68504320188268C46828
:10378000D21AAC4105D20A2203F036FC3046029A26
:10379000D6E70099019EAEE70FB0F0BDF0B503AFDC
:1037A0009DB01C460790212900D217E2002C00D1C1
:1037B00018E204922320C000CB0858430D46079E10
:1037C0003218A020584331180695402D2CD205946C
:1037D00015680E92546848C90122002011900F9577
:1037E0000839581B154630461094A041104600D3A6
:1037F0001198079C14CC0D92D31A2346B3412E4640
:1038000000D3119E70400E9B00D10B460F980D996E
:10381000081A1098844100D3119D6E4007990846FC
:1038200000D11846059C03E03046FFF745FB3146C2
:10383000049B641E0594461A002B09D08D196868F4
:10384000079989590CCB511A0799834100D3B1E0EC
:1038500012A8119028240D4622460AF091F8AE19BC
:1038600028463146224609F0C4FB304611990F9490
:1038700022460AF085F8E448009012A80123294660
:10388000069AFFF73BFA1398002800D1B3E1159D83
:10389000002D00D138E1149C12980D902068029000
:1038A000606803902146083112A820220AF068F8C7
:1038B0000F98454360190890283D00230E94204638
:1038C0002646283608998E424FD210950F9C2146E5
:1038D000594311930E9A55180D990A680B9249682D
:1038E0000C91816A0991C16A0A912946224609F020
:1038F00080FB2846314622460AF042F80B98099987
:10390000081A0C980A99814101D3119B01E0119B7F
:103910005B1C109D283D3046D3E71095064628369F
:103920000F9C214659430E9A55180D990A680B921F
:1039300049680C91816A0991C16A0A912946224617
:1039400009F057FB2846314622460AF019F80B9831
:103950000999081A0C980A99814101D3119B01E039
:10396000119B5B1C109D283D3046002D1193D4D136
:103970000F9A14465C430E9D2E190D990B680C93FB
:1039800049681091314609F034FB029828510546E8
:10399000039C7460083612A92022304609F0F0FF1B
:1039A0000C98281A1098844100D2B0E00698079C21
:1039B000119DB0E012A8119028260C46324609F05D
:1039C000DFFF20462946324609F013FB28461199AD
:1039D000324609F0D5FF8C48009012A801232146F9
:1039E000069AFFF78BF91398002800D103E1159987
:1039F0000029119600D1C9E0149C12980D902068FE
:103A00000490606808900D462146083112A82022D3
:103A100009F0B6FF29467143601809902839002340
:103A20000E94204625462835099A954249D20F9191
:103A30005E430E9A9619816A0B91C16A0C910D9999
:103A40000A680A924C683146119A109309F0D1FA2B
:103A50003046119E2946324609F092FF0B980A998A
:103A6000081A0C98844101D2109B01E0109B5B1C4A
:103A70000F9928392846D6E70F91054628355E4329
:103A80000E9A9619816A0B91C16A0C910D990A6878
:103A90000A924C683146119A09F0ABFA3046119EF1
:103AA0002946324609F06CFF0B980A99081A0C98BF
:103AB000844101D2109B01E0109B5B1C0F992839B7
:103AC000284600291093D7D132465E430E998D19AE
:103AD0000D990C680C9449680F91294609F089FAF0
:103AE000049C0E988451089E6E60083512A920220D
:103AF000284609F045FF0C98001B0F98B04148D2AA
:103B00000699079D109C48E00025079C05E0119D43
:103B10006D1C0698079C854275D2119512A81090CD
:103B200021460F9E324609F02BFF30466843251888
:103B300020462946324609F05CFA2846109932465A
:103B400009F01EFF3348009012A82146069A119BE7
:103B5000FFF7D4F8139C129D159A14992E480090E3
:103B600012A80123FFF7CAF81398002846D0159E23
:103B7000149807901298119028462146049A059CA3
:103B80002346FFF70BFE3146119A0CE60024079DF1
:103B900006E0109C641C0699079D8C42119E32D24F
:103BA00012A810902946324609F0EAFE6643AE1983
:103BB00028463146119A09F01CFA3046119E109998
:103BC000324609F0DDFE601C06998C420FD2091ABC
:103BD0004643AD1907950022059CE4E50798FFF7D9
:103BE000B9FA02E00798FFF721FD1DB0F0BD074BC1
:103BF0000A4601F0ABFB0020054A01E00020074A1D
:103C0000014601F0E9FBFEDE5813021078130210A2
:103C1000681302108813021098130210A8130210E0
:103C2000F0B503AF9FB01C4604920790212900D243
:103C300025E2002C00D126E22320C000CB08584307
:103C40000D46079E3218A020584331180695402D86
:103C50002DD2059495680E92D4688B68CE680122A7
:103C6000002011900F95581B154630461094A04126
:103C7000104600D31198079CA268E4680D92D31AED
:103C80002346B3412E4600D3119E70400E9B00D1B7
:103C90000B460F980D99081A1098844100D3119D76
:103CA0006E400799084600D11846059C03E030464F
:103CB000FFF7B0F83146641E0594461A049B002BAA
:103CC00009D08D19A868E9689A68DB68101A8B41D9
:103CD000079900D3B7E014A8119028250C462A466E
:103CE00009F04EFEA619204631462A4609F081F910
:103CF000304611990F952A4609F042FEEB48009094
:103D000014A801232146069AFEF7F8FF159800280B
:103D100000D1C1E1179D002D00D144E1169C1498FB
:103D20000D9007CC029222680392139112900C3CE2
:103D30002146103114A8182209F022FE0F9845439D
:103D400060190890283D00230E9420462646283608
:103D500008998E424FD210950F9C214659431193DA
:103D60000E9A55180D998A680B92C9680C91016BCF
:103D70000991416B0A912946224609F03AF92846F1
:103D80003146224609F0FCFD0B980999081A0C9857
:103D90000A99814101D3119B01E0119B5B1C109D8D
:103DA000283D3046D3E71095064628360F9C21461D
:103DB00059430E9A55180D998A680B92C9680C914F
:103DC000016B0991416B0A912946224609F011F9CC
:103DD00028463146224609F0D3FD0B980999081A66
:103DE0000C980A99814101D3119B01E0119B5B1C46
:103DF000109D283D3046002D1193D4D10F9A1446C2
:103E00005C430E9D2E190D998B680C93C968109117
:103E1000314609F0EEF81298285113987060029D0F
:103E2000B560039CF460103614A91822304609F0DE
:103E3000A7FD0C98281A1098844100D2B6E0069885
:103E4000079C119DB6E014A8119028260C46324616
:103E500009F096FD20462946324609F0CAF8284660
:103E60001199324609F08CFD9048009014A8012366
:103E70002146069AFEF742FF1598002800D10BE173
:103E8000179D002D119600D1D0E0169C14980D902E
:103E900007CC049222680892139112900C3C2146A0
:103EA000103114A8182209F06BFD294671436018DF
:103EB0000990283900230E94204625462835099A72
:103EC000954249D20F915E430E9A9619016B0B9160
:103ED000416B0C910D998A680A92CC683146119A0F
:103EE000109309F086F83046119E2946324609F0B3
:103EF00047FD0B980A99081A0C98844101D2109B2F
:103F000001E0109B5B1C0F9928392846D6E70F91DA
:103F1000054628355E430E9A9619016B0B91416B4D
:103F20000C910D998A680A92CC683146119A09F071
:103F300060F83046119E2946324609F021FD0B9863
:103F40000A99081A0C98844101D2109B01E0109B39
:103F50005B1C0F992839284600291093D7D1324687
:103F60005E430E998D190D998C680C94C9680F9158
:103F7000294609F03EF812980E9988511398686006
:103F8000049CAC60089EEE60103514A918222846E7
:103F900009F0F6FC0C98001B0F98B04149D2069925
:103FA000079D109C49E00025079C05E0119D6D1CB4
:103FB0000698079C854277D2119514A81090214647
:103FC0000F9E324609F0DCFC304668432518204637
:103FD0002946324609F00DF828461099324609F074
:103FE000CFFC3548009014A82146069A119BFEF795
:103FF00085FE159C149D179A16993048009014A8B8
:104000000123FEF77BFE1598002848D0179E1698CE
:1040100007901498119028462146049A059C23463F
:10402000FFF7FEFD314611980490FFE50024079D3F
:1040300006E0109C641C0699079D8C42119E33D2A9
:1040400014A810902946324609F09AFC6643AE192E
:1040500028463146119A08F0CCFF3046119E10993F
:10406000324609F08DFC601C06998C4210D2091A68
:104070004643AD19079500200490059CD6E50798A6
:10408000FFF75AF902E00798FFF72EFB1FB0F0BDCB
:10409000074B0A4601F05AF90020064A01E00020C9
:1040A000074A014601F098F9FEDEC0465813021097
:1040B000781302106813021088130210981302106C
:1040C000A8130210E0B502AF0A460349019100901F
:1040D000684601A900F028FDA4000210D0B502AF87
:1040E0000348044CA0470448A0470020A047D0BD87
:1040F0000E000000DD560110D7000000D0B502AF61
:104100000446084801F0EAFA204604F01BFC204669
:104110004030407801F0EBFA4020205C01F0E7FAF3
:10412000D0BDC046E0000000D0B502AF0446044850
:1041300001F0D4FA2021204608F0A2FCD0BDC046F0
:1041400002000000F8B504AF0446214801F0C6FAA9
:104150002568A81E00D200207844007940008744DA
:10416000031511130F1C1E00002001F0C0FA19489E
:1041700001F0B4FA002D14D0012D16D1012011E068
:1041800004200FE002200DE003200BE0012001F0ED
:10419000AEFA207904F010FCF8BD052002E00620FC
:1041A00000E0002001F0A3FAF8BD022001F09FFA20
:1041B0006568A4680848094EB0470948B0472846D2
:1041C00001F0B0FA204601F0ADFA0020B047F8BD8A
:1041D000EE000000DB0000000E000000DD560110C4
:1041E000DA000000D0B502AF0348044CA0470448F1
:1041F000A0470020A047D0BD0E000000DD560110F2
:10420000D6000000BCB504AF15460A46014602249C
:10421000064B2046ECF7C4F96BBA01AA1380044B95
:104220000093234602F084FABCBDC046C0090210C8
:10423000D0090210BCB504AF15460A460146042455
:10424000064B2046ECF7ACF92ABA0192044A0092D8
:1042500001AA234602F06CFABCBDC046E009021078
:10426000F009021080B500AF012904D90178407827
:104270000002401880BD0A4600200221014B01F0D7
:1042800065F8C046240A0210BCB504AF15460A46BC
:1042900001460224054B2046ECF782F901AA15805D
:1042A000034B0093234602F043FABCBD340A0210CC
:1042B000440A0210BCB504AF15460A460146042460
:1042C000054B2046ECF76CF90195044A009201AACF
:1042D000234602F02DFABCBD540A0210640A0210F3
:1042E000B0B502AF044620C9001D02F01BFE2560D8
:1042F000B0BDD0B502AF024603780C780020A342CF
:1043000013D1002B07D08B7894789C420DD148783C
:104310005178091A07E048785378434088789178B3
:1043200041401943C9B248424841D0BDF8B504AF35
:104330007F240C4037D0C9B249B200291DD4102CBB
:1043400032D22049002A00D04A1CE3001E4D5D19DC
:104350006B680B4013436B60A100405A1B4E064034
:10436000842000902E500C2008F0A0FB0120800239
:10437000301800996850164811E0102C19D21148D5
:10438000002A00D0421CE1000F4BCD5805401543D8
:10439000CD50C81801214903802281500E48E10008
:1043A000401801F0BDFDF8BD04481D21044A01F08C
:1043B0000DF802481D21074A01F008F8C10A021051
:1043C000F00A0210FFFFFF7F00001050FF03000003
:1043D000BC360020E00A02103C360020FEB506AFD5
:1043E0000646007A002804D0032804D0324801F0A1
:1043F000F3F8306870600B684A6830480C30194632
:1044000001F0ABFD70684021415C002919D0012208
:10441000D3022B4801680C461C400292D503294A5E
:1044200012681540641911D10B0312D4C90601D5C5
:1044300051043CD40D2000032749086003210524C2
:1044400032E040300121017003242DE0036002249A
:1044500029E00521490401600021CA4382605038E7
:1044600001601948194A782908D043189C681440FB
:104470009C60DC681440DC600831F4E7019600259C
:10448000134E802D04D0701901F04AFD0835F8E76D
:104490000024104E2546802D04D0701901F040FDF7
:1044A0000835F8E7019E029931722046FEBD1021C1
:1044B000016001242146F7E7200B0210C83F0020CD
:1044C000500011508C00115000001050FFFFFF7F72
:1044D0003C360020BC3600209020115080B500AF43
:1044E00003C9CB6801491222984780BD500B0210C6
:1044F00080B500AF03C9CB6801490922984780BD48
:10450000620B0210F0B503AF87B006920C4605901F
:10451000481D0D4630350E465436897B4900C0464D
:104520007944898849008F440600F4000201330071
:10453000C6006E0094000178427812025118E21D04
:1045400003922268049222797A44127952009744A5
:104550000192456A01912182204612300722039977
:1045600009F00EFA002060660290A0660198010A28
:10457000717430740521C94330461030039000290E
:1045800000D1AAE06218537E6C201354491CF6E750
:10459000681C04906878C0467844007940008744DD
:1045A00002BBC6D3EA00E06AA062626A092A00D3AD
:1045B000B5E0216A03918188082A00D19BE0002997
:1045C00000D1B1E0104602910299019209F074FB0A
:1045D000019A484248410299287090E000260175EE
:1045E0002661666126760222E2610B0A43756174D8
:1045F000A374227404984068224610322262032277
:1046000062626E70E062204620300699ECF786FB0D
:10461000C0B202282DD00328059B00D0C1E00A209B
:1046200018600520CFE00E46217420461330072184
:1046300009F010FA0120E061A67403206074049868
:104640004068E06202206062204611302062002053
:104650006870204620300699ECF760FBC0B2022853
:1046600007D00328059B00D09BE00A201860062095
:10467000A9E01C202FE00E462182204612300322A2
:10468000039909F07DF90020E07620776077310A00
:10469000E175A6750121617505212162618A218379
:1046A000217DA1760499496821630621A162687180
:1046B000204615306062204624300699ECF72EFB28
:1046C000C0B2022806D00328059B6AD10A201860D0
:1046D000042078E02020059B6BE00822E26104982A
:1046E0000068E06262620399216202996970A062C7
:1046F000691C0491818800202870002904D0039847
:104700006063A263E16313E034483721344A00F068
:1047100041FA314800F060FF2C4800F05DFF2C4862
:1047200001F017F801F03CF82A4800F04BFFFEDEDC
:104730002046343000F0B6F8002812D00022327340
:10474000A26A22646064A164204640300699EBF7B7
:10475000A5FEC0B20228EBD003281ED10320059B82
:1047600015E0287801281FD1002001213070A26AAD
:104770006263A163E063204634300699EBF78EFE56
:10478000C0B20228059B10D0032807D10420049949
:1047900008700A201860032015E0059B0121049A87
:1047A00011700021032209E0059B01200499087083
:1047B0001C202058FF22014691430922C0B2084321
:1047C0001A6058600120A07307B0F0BD6CF20110B0
:1047D000A90000004CF201107C0B021038090210F5
:1047E0005CF20110B0B502AF0D460446007B002814
:1047F00004D0032810D0104800F0EEFE0F4860608F
:104800000521490301600C2008F050F9292080029D
:1048100061680860201DA06006CD094801F09DFB7D
:1048200001208202A16809680968114000D00320B4
:104830002073880AB0BDC046DC0B02108000105007
:104840003C36002080B500AF0179C90709D106497F
:1048500003220A600121CA02044B5A601A600171E6
:1048600080BD034800F0B8FE682011508000105051
:10487000EC0B0210F8B504AF0D4606460069EBF7E5
:1048800083FD0446C0B2022808D13046294601F013
:10489000DFFB002801D1022000E00320FF218C4330
:1048A0000019F8BDD0B502AF86B04268002A0ED01C
:1048B00004468368016807480090934200D313467A
:1048C00002A8FEF797FA02AB0FCB0CC400E0002061
:1048D00006B0D0BD680C0210B0B502AF0C4605465C
:1048E00001F0B6FB002808D028692146EBF74CFD03
:1048F000C1B2022900D10320B0BD0220B0BDD4D482
:10490000D0B502AF0446C0B20C2810D2C0000B4A8A
:1049100010180B684A68194601F01FFB2046EBF798
:10492000DDFE01210906C0680840000ED0BD0C2143
:10493000014A00F051FDC0468C0B0210DC3500200E
:1049400080B500AF4268002A09D08168914200D347
:104950001146521A426002685318036000E00022B8
:10496000104680BDF0B503AFFFB088B00291044699
:1049700001781320207044A80191132934D04121DB
:104980008E008019009044AD681C611CFF22043227
:1049900008F0F6FF019828700196A559029B00982F
:1049A00028C019480068C00520D12868002822D1F5
:1049B0000020C0432860291D03AE44AA3046ECF70E
:1049C00067FE2868401C28603678132E04D003A99F
:1049D0002046019A09F034F9133E701E8641304694
:1049E000FE1F053EB546F0BD0A4800E0074800F04E
:1049F000B0FE00F0D5FE064800F0A0FEFFF7F2FB87
:104A000000F08CFF00F0CCFE04ED00E0B2000000EE
:104A1000A3000000A2000000F8B504AF044602683D
:104A200002250570D0B202283ED06668264800688C
:104A3000C0053BD10092306800283CD10022D3430E
:104A4000304608C05C23F35C002B08D00B684A6832
:104A500030460C30194601F04AFA009D13E0B16D62
:104A600089007118009B4B61B16D491C102900D061
:104A70000A46B265716D914203D131465C31012223
:104A80000A7001F029FA3068401C3060E8B2022850
:104A900006D02570290CA170290A6170290EE170D9
:104AA000801E411E8841F8BD0A4800E0074800F01A
:104AB00050FE00F075FE064800F040FEFFF792FB46
:104AC00000F02CFF00F06CFE04ED00E0B2000000EE
:104AD000A3000000A200000080B500AF800FC1005D
:104AE0000148C84080BDC0460300010280B500AF48
:104AF0000288432149010B460E339A4201D8042211
:104B000001E0064BD21892B2032A01D0022A01D149
:104B1000828841881004401880BDC04691F7FFFF8D
:104B200080B500AFECF79CFF80B500AF8CB00C4BAC
:104B3000019300900393029102200590094804908C
:104B400009480B9002A90A91099068460890074805
:104B5000079004A80690064806A900F01BF8C04676
:104B6000B0090210B70D0210854B0110754B0110F2
:104B7000F6DF011080B500AF0B4606C8184600F0FE
:104B8000BBF880BD80B500AF02684068C3681046BE
:104B9000984780BD80B500AF86B00291019003A810
:104BA00001210181049201A9039101F03BFDD4D4BC
:104BB000F0B503AF8BB01646DA0700D08EE0029155
:104BC000069003933478002C00D18DE00298C068E1
:104BD0000590002004900120019003E03478002C1F
:104BE00000D181E0751C60B2002808D406982946DF
:104BF0002246059B9847002879D12E19EEE7802C94
:104C000017D0C02C1BD100200A903A480990029876
:104C1000089006980790049CE100039A5058511898
:104C20004A6807A99047002861D1641C04942E4665
:104C3000D4E72878697809020C18F51CD6E7E00754
:104C400001D12C480AE02878697809020818A97867
:104C50000904EA781206511808182D1D0022A10730
:104C600003D41346610707D40BE029786B781B0245
:104C70005B18AD1C610704D529786A7812025218B6
:104C8000AD1C210703D42E46E10608D40BE0297899
:104C90006E78360271180491AE1CE10603D5D90076
:104CA000039B59188B88A10601D4039C03E0D10013
:104CB000039C61188A8807A9CA818B810990029890
:104CC000089006980790049DEA00A058A218526820
:104CD000904700280BD16D1C04957FE7CC685A08DB
:104CE0003146A0470BB0F0BD00200BB0F0BD0198DD
:104CF0000BB0F0BD20000060F0B503AF8BB00D46E7
:104D00008468E300990F00D1FFE0002B0195039028
:104D1000029414D4102A34D2002A00D12AE10020AF
:104D200029461546064603E0491C6D1E00D1A2E047
:104D30000B564024E443A342F6DD761CF4E7C08919
:104D4000002800D191E0A9180022064605E0651C64
:104D50002C1BA218761E00D18BE08D4200D187E07B
:104D60002C460023ED56002DF1D5EDB2E02D03D3F6
:104D7000EF2D03D8032502E0A51CE9E704256519FA
:104D8000E6E7EB1C03208343EC1A0092111908910B
:104D90000490014000200993AB4206460A9070D16E
:104DA0000029089B10D076481840099A141800254D
:104DB0002E4602E0641C491E06D060574022D243B2
:104DC0009042F7DD761CF5E79C080A9833186F4986
:104DD000099D13E00022089C079EA41B0598099BCF
:104DE0001D18100A684B1A4018408018654A504335
:104DF000000C0A9BC318069A002A52D1002C3ED000
:104E00000A93C02C224600D3C0220894134604986B
:104E100003400693079290003F2212010590024042
:104E20000995D7D0AE1800222B465D68AC09ED433A
:104E3000ED0925430D401C68A009E443E40904433F
:104E40000C40A01828189A689409D243D20922432A
:104E50000A401018DA689409D243D20922430A4062
:104E600012181033B342E0D1B5E70022134600E038
:104E70003346C31A31E00398029C33462FE0009A70
:104E80002BE0002501980A9502E0401C641C87D2A3
:104E900042574023DB439A42F7DD0A9A521C0A929A
:104EA000F3E70A93FC200640B000099B1E1893000C
:104EB0000020009A10CEA509E443E4092C430C40DD
:104EC00020181B1FF6D1010A2F4B18401940081853
:104ED0002C494143080C0A9BC3180398029C818902
:104EE0008B4211D200922A4A22400992CB1A6100C9
:104EF000890F00263546C0467944097949008F4418
:104F00000E010C0E1D460AE0019D01684068C36851
:104F10000846294698470BB0F0BD99B24D08079353
:104F200001680A91446801200890A8B2B1B2814298
:104F300007D222690A9809999047761C0028F4D074
:104F400015E0E3680A980199009A984700280ED165
:104F50000798401B002586B20795A8B2B0420BD235
:104F600022690A98099990476D1C0028F5D0089885
:104F70000BB0F0BD0023B2E707980BB0F0BDC04600
:104F8000FCFFFF7F01000100FF00FF0001010101A4
:104F9000FFFF1F00F0B503AF8BB015460791016806
:104FA00004914168039180680690002601200290D8
:104FB000314609960096059212E05819401E017874
:104FC0000A39484248410899059D5918069B1870AE
:104FD0000398C368049898470028214600D08AE0C7
:104FE000F00700D084E0099EB542089160D3079B8A
:104FF00003E0B542079B089960D39819AC1B072CB6
:1050000009D8B54272D00023C25C0A2A41D05B1C89
:105010009C42F9D14BE0C21C03239A43121A01941B
:1050200004D10996083C0A9400220CE00023C45CD9
:105030000A2C2ED05B1C9A42F9D1099601990839A5
:105040000A918A4213D8841864682D4B5C402B491E
:105050000D1B2543845826465E408E1B2643294956
:105060000E402E408E4202D108320A99E9E701999A
:1050700091421FD08118059B9B1A099E9C1B0023FF
:10508000CD5C0A2D03D05B1C9C42F9D112E09B1829
:10509000059DF1184E1CA942ABD2C05C0A28A8D1CC
:1050A000354600262C460995079B08990BE02E46AD
:1050B000079B03E0059D2E46079B089909968D42A4
:1050C0000C46029E14D006980078002809D0039858
:1050D000C368042204980C4998470899079B002844
:1050E00009D16A1A00D068E700206DE72E46E5E78F
:1050F00000980BB0F0BD02980BB0F0BD00010101AB
:105100000A0A0A0A80808080B8000210F0B503AF56
:1051100081B070C8307800280BD0EB68042220469C
:105120000091094998470099002802D0012001B058
:10513000F0BD08460A384242424132702A69204690
:10514000904701B0F0BDC046B800021080B500AF76
:1051500013460A460149FFF72BFD80BD740D02106E
:10516000F0B503AF8BB005930B4665490A91491C16
:105170008668314001D02B2401E0112424040694D8
:10518000490DBC6804940D193102079202D4002124
:10519000089116E003960995002A08930DD0002186
:1051A00014460A4602E05B1C641E07D05D5640268A
:1051B000F643B542F7DD521CF5E70022099D55196B
:1051C000039E8489A54211D2F10122D40A9931406B
:1051D0000A91631B7100890F0026354679440979CD
:1051E00049008F4450014E011D464CE0056844685B
:1051F0000798009028462146069A089B00F086F8FA
:1052000000284FD1E36828460599049A98470BB0C7
:10521000F0BD81683B4A03910A403B4951188160C7
:10522000C1680291016809904668079800900A9148
:1052300008463146069A089B00F068F801460120AE
:1052400000295AD10890601B002485B2A0B2A84260
:1052500007D2326930210A989047641C0028F5D0A3
:1052600047E0F3680A980599049A98470028089837
:1052700043D10998039981600299C16000200BB065
:10528000F0BD99B24D080393016809914468A8B232
:10529000B1B2814209D2226909980A999047761CD5
:1052A0000028F4D001200BB0F0BD07980090099EB3
:1052B00030462146069A089B00F028F80146012056
:1052C00000291AD10890E36830460599049A984756
:1052D00000280ED10398401B002685B20796B0B275
:1052E000A84209D2226909980A999047761C002899
:1052F000F5D008980BB0F0BD07980BB0F0BDC046D4
:10530000FFFF1F000000E09F30000020F0B503AF5A
:1053100081B01C460D46112109048A420AD02B692E
:1053200006461146984701463046002902D0012022
:1053300001B0F0BD002C05D0BA68EB682146984753
:1053400001B0F0BD002001B0F0BDD4D480B500AFF5
:1053500086B090420AD9009001921348059001A9A5
:105360000491039068460290124818E091420CD8CC
:1053700088420AD9009001910B48059001A9049137
:105380000390684602900A4809E00091019206489D
:10539000059001A90491039068460290034802A970
:1053A0001A46FFF7F7FBC0460154011013EB01103A
:1053B00019E6011090EC011080B500AF02460248DA
:1053C0002B2100F003F8C0468C0D021080B500AF11
:1053D0004900491CFFF7DEFBFEB506AF01910090C6
:1053E0000548059069460491039001A8029003487E
:1053F00002A9FFF7CFFBC0460154011072E701106C
:10540000F0B503AF89B003910668F0087D280296D5
:1054100048D30A253046324C214607F05AFB059006
:105420004443301B049082B292082E484243530CEE
:1054300028465D002C494C5D06AA1218111F0C70FD
:10544000D11E294C6419054664780C7064215943B7
:105450000498401A80B24000234C215C931E1970BE
:1054600020184078511E059A08702D1F1F4886424B
:105470001646CFD8092A19D990B280081949414354
:10548000490C64204843101A80B24200164B9C5CC1
:10549000A81E2E4606AD2C54AC19641E9A185278DC
:1054A000227005E00A253246092AE5D81146284629
:1054B000029A002A01D0002906D049000A4A511850
:1054C0004978401E06AA11540A21091A009106A91A
:1054D0000B18012100220398FFF742FE09B0F0BD2E
:1054E000102700007B140000B90D02107F96980071
:1054F00080B500AF84B002460348029003A8019033
:10550000024801A9FFF746FB115501103C16021095
:1055100080B500AF084602491822FFF7EDFB80BDB9
:10552000840F021080B500AF84B002460348029099
:1055300003A80190024801A9FFF72CFB4555011073
:105540003C16021080B500AF084602492022FFF742
:10555000D3FB80BD640F021080B500AF84B0019111
:1055600000900448039068460290034802A9FFF7A0
:1055700011FBC046754B01103C16021080B500AF00
:1055800088B001910090039302920648079002A808
:1055900006900548059068460490044804A9BA6836
:1055A000FFF7F8FA854B0110754B0110A4DD0110CF
:1055B00080B500AF024602483321FFF7EBFAC04640
:1055C000810E021080B500AF024602487321FFF73A
:1055D000E1FAC0469A0E021080B500AF02460248BA
:1055E0004721FFF7D7FAC046D30E021080B500AFAF
:1055F00002489921024AFFF7CDFAC046F60E021082
:10560000440F021080B500AF86B0009101900548AC
:10561000059001A90491039068460290024802A9EE
:10562000FFF7B8FA01540110A4E3011080B500AFF0
:10563000FEE780B500AF80BD80B500AF026840686E
:10564000C3681046984780BDF8B504AF00200090AD
:10565000802903D268460170012128E03F220846D4
:1056600010407F23DC4300198D09CB0A06D169461F
:105670004870C02005430D70022118E00B0B154047
:105680002D190E0C07D1694688704D70E020034338
:105690000B7003210BE00F26F643890C31431340B6
:1056A0001A196B46D8709D705A701970042168469B
:1056B00000F064F90020F8BD80B500AF13460A463B
:1056C0000149FFF775FA80BDA00F021080B500AF49
:1056D0000846114600F052F9002080BDE0B502AF47
:1056E00001AA10800221104600F048F98CBDE0B5F7
:1056F00002AF01AA10700121104600F03FF98CBDE5
:10570000E0B502AF019001A8042100F037F98CBD8B
:10571000E0B502AF019100906846082100F02EF933
:105720008CBDD4D4D0B502AF04460348FFF7D6FFF2
:105730002046FFF7E5FFD0BD04000000D0B502AF62
:10574000044600F0C9F82046FFF7C8FFFFF771FFD5
:10575000D0BDD0B502AF044600F0BEF82046FFF73A
:10576000BDFFFFF766FF00F0D9F8D0BDFEB506AF6C
:10577000029101900748049001A8039005A80649EA
:1057800003AAFFF799FF0548012100F0F7F806B0DA
:1057900080BDC046395601103C1602109C0F021005
:1057A00080B500AF02480E21024AFFF70FFEC04647
:1057B000B80F0210C80F0210E0B502AF01A90870BF
:1057C000084600F001F88CBDF8B504AF0446114856
:1057D0000090C06A03210140022901D00F4D00E072
:1057E0000D4D0021009818300090C8070CD10126FB
:1057F000009821463246A84700210028F5D001280C
:1058000003D1641C3146F0E7F8BD0121044B0A4680
:10581000FFF79CFDD00000202558011059580110B9
:1058200034100210F8B504AF04460020002A10D04E
:105830002569E368EE1A02D8064D751901E0DE43CA
:10584000AD19BFF35F8F002D03D00095204600F007
:105850000FF8F8BDFF030000DCB504AFC368BFF369
:105860005F8F0124A402009400F002F8DCBDD4D4C0
:10587000FEB506AF02910646BD68954200D31546B7
:10588000EC181049481C84420ED97068C018C91A17
:1058900001964E1C0299324608F072F8029881195E
:1058A000AA1B019E706803E07068C01802992A461E
:1058B00008F066F803480440BFF35F8FF4602846A1
:1058C000FEBDC046FF030000E0B502AF01A90870AD
:1058D0000846FFF779FF8CBDE0B502AF00F070F924
:1058E0000B490A78002A0DD1C2B2012008704A7013
:1058F0008A78002A05D1887001A800210170FFF77D
:1059000063FF8CBD03483D21034AFFF743F9C046BE
:10591000C83F0020D80F0210F80F0210B0B502AF38
:10592000134D287800281DD0E87800280FD00728CC
:1059300007D20021C94381402A790A437F201040C1
:1059400003E07F21C94379300843FFF7BDFF0024FE
:105950002046FFF7B9FF2C71EC7068782C7000F0CE
:1059600093F9B0BD03483921034AFFF713F9C04644
:10597000C83F00200810021024100210F8B504AF30
:10598000044645181F4A10790090D678AC4237D0AB
:105990002078F1B207290CD3641C002810D0FFF73F
:1059A0000BFF184A761CD670F0B28628EED1FF2085
:1059B0000BE0002811D0FFF7FFFE124A009813E019
:1059C0007F20C043793606433046FFF7F5FE0D4A87
:1059D00000261671D6700096D8E7012088400099FD
:1059E0000143117100910846641C761CD670F1B217
:1059F0000729CBD10726002100910106C6D0E4E794
:105A0000F8BDC046C83F002080B500AF0146014840
:105A100080BDC04644100210D0B502AF044600F06D
:105A2000CFF8A16902220A43A261C0B2890706D455
:105A3000216A0A680C60E261002A00D140BF00F0D0
:105A400023F9D0BD80B500AF80BDD4D480B500AF00
:105A50000168054A914201D1406880BD0348FFF7C3
:105A600078FEFFF79DFEC04644100210980000002B
:105A7000D0B502AF0478002C05D1012202700A686B
:105A8000486891688847012044402046D0BDD4D45E
:105A9000F8B504AF1148006800900024104E114D75
:105AA0000C2C0DD0306800280ED40098E040C007C0
:105AB00002D0284600F034FA4036641C0835EFE77F
:105AC000064800990160F8BD0748FFF737FE2046F9
:105AD000FFF728FEFFF722FFFFF762FE0C040050DD
:105AE0000C000050DC3500209C000000F8B504AF2D
:105AF0000D2000070068022820D2302141431448BD
:105B0000081800900025134C2E461E2E15D01C217F
:105B100029400F20884071080C220A4000998918FA
:105B20000A6A024205D0032212038850204600F080
:105B3000F7F9761C08342D1DE7E7F8BD02481C2153
:105B4000024AFFF743FCC046741002109010021086
:105B5000004101403C370020F8B504AF00F030F8B8
:105B6000134A01215162134DAC6BEE6BC0B2009031
:105B700000F050F8001BB14102D20D48046013E060
:105B80000D480E4E00F052F800F044F80246284648
:105B900044300B4600F076FA2A6C521C2A6400F05E
:105BA00053F800283046EDD0009800F06DF8F8BDAD
:105BB00010400540C83F002054100210641002102D
:105BC000F8B504AF06F07CFF04460D20000700681E
:105BD0000E490978BFF35F8F461CF0B2814201D1B4
:105BE000022411E0012000900440094D06F05AFF04
:105BF0002868002804D1002CF8D106F055FFF5E7FD
:105C000002480670009844402046F8BDD835002070
:105C10007C0100D080B500AF034A1168506813685A
:105C20009942FAD180BDC0462440054080B500AFFE
:105C300004490A6C002A03D10020C043086480BDD7
:105C4000FFF756FCC83F0020F8B504AF0C460546E8
:105C50000B4EB063F1630B480560FFF7DBFF401BA1
:105C6000A14101D3002000E00120002806D101213C
:105C7000044A11610021C943B163F163F8BDC04614
:105C8000C83F00201040054080B500AFC1B20229D6
:105C900009D0054900220A70044901220A60000661
:105CA00001D006F001FF80BDD83500207C0100D076
:105CB00080B500AF04490A6882430A608A68D2430B
:105CC0001042FBD180BDC04600C00040F8B504AF13
:105CD0008107CC0EFF25A540C0B280088600FFF7E3
:105CE0006FFF05497258AA43C023A3401343735062
:105CF000C0B2FFF7C9FFF8BD00E400E080B500AF17
:105D00000348FFF7EBFC0020FFF7F1FC80BDC04625
:105D1000D8000000F0B503AF87B00593029206915A
:105D200004461426308818252A881649F7319047EA
:105D300004902A88308814499047039000200699DF
:105D40000029069003D030882A880E499047019098
:105D50000298002804D030882A880C499047069081
:105D600030882A880A4990470599491C049A22607C
:105D7000039A6260019AA260069AE2602061616102
:105D800007B0F0BD524500004558000052500000D9
:105D900046430000F0B503AFC9B0019202910090F4
:105DA0000124260203AD2846314607F04AFD14209F
:105DB000008818210A880A49904703462107284687
:105DC0003246984743AE0021304622462B46FFF725
:105DD000A1FF00AA07CA334607F0A0FF49B0F0BDF3
:105DE0004334000080B500AF1420008818210A88D1
:105DF00003499047024600200146904780BDC046B7
:105E00005542000080B500AF0120C1030A4801607F
:105E100002688A42FCD105218903416042688A42B6
:105E2000FCD1002141604268002AFCD10160016878
:105E30000029FCD180BDC04600000140FEB506AF80
:105E4000164601910446FFF7BBFE05462048FFF7C2
:105E5000EDFEE8B202903046FFF7F8FD0546806897
:105E6000002808D003CD083D001B0198814126D3AE
:105E70002C60686016E02C60019868601548416CE1
:105E800001914564316870680968884704460E4688
:105E9000A968002902D0E868C9688847AC60EE604C
:105EA000019828610B4C4434FFF7B4FE02462046AB
:105EB0000B4600F0E7F8FFF7C7FE0028F4D00548CE
:105EC000016C491C01640298FFF7DEFEFEBDC0466E
:105ED000A0100210C83F002080B500AF016800226A
:105EE0000260002902D040684968884780BDF8B543
:105EF00004AF04460668002E05D06568954207D1B8
:105F00008E4205D1F8BD09681046884703C4F8BD24
:105F100009681046884703C4716828468847F8BD59
:105F2000F8B504AF0546FFF74BFE2C680021296049
:105F3000C6B2002C0DD000966E68A1683046884726
:105F400068686E60009E29682C60002901D0C968CD
:105F500088473046FFF798FEF8BDFEB506AF1546F8
:105F60000C460646FFF72CFE2A46356800213160B4
:105F70007168C0B20290002D05D0914203D1A542B4
:105F800001D1356010E001912168104688473268E0
:105F9000306070687160002A01D0D1688847002D98
:105FA00002D0E968019888470298FFF76DFEFEBDB0
:105FB000D0B502AF0024101859416441012C00D023
:105FC000D0BD02482821024AFFF7C6FAB0100210DD
:105FD000D8100210F8B504AF1D4616460446FFF768
:105FE00019FE32462B46FFF7E3FF03C40020207062
:105FF000F8BDD4D480B500AF0148FFF76FFB80BD7A
:1060000001000000B0B502AF0C460546FFF702FEE6
:10601000421B0A46A24102D3401BA141B0BD044825
:10602000FFF78CFBFFF7E6FFFFF778FCFFF7B8FB05
:10603000A4000000B0B502AF0C4605460348FFF7C8
:106040004DFB28462146FFF763FBB0BDD900000099
:10605000B0B502AF0D460446007A00280AD0FFF71B
:10606000D9FD02460B4603CC083C121A8B4103D3E0
:106070000020B0BD03CC083C2A46FFF7DFFE01201C
:106080002072B0BDF0B503AF87B00493039205460C
:106090000023D94305910191009306952E68002EA7
:1060A0003CD034687068039A121B049A824114D25F
:1060B0002346019D6B4002466A401A43059D631BBF
:1060C00003468B4100D3084600D32C46002A069D88
:1060D0001ED105940146009B0AE0B268B360002A15
:1060E00006D0F068526802911C46904723460299F8
:1060F000306928603361B268002A07D0F068D2683E
:106100000C461D4690472B46069D2146B360C5E7C9
:106110001036059401463546009BBEE7059807B04A
:10612000F0BDD4D4FEB506AF04464868002814D0AC
:106130000D46084600F026F8C0070AD10E4628464C
:1061400000F020F8C00704D16A68F0B2861E9642BB
:1061500006D90020A060012000E000202060FEBDE4
:106160002B680193304602911946054B00F020F848
:1061700003C50198A060E66002982071EBE7C04675
:106180001C120210F8B504AF4468002C0AD0054672
:1061900006680120054B3146224600F009F803C588
:1061A0003178FFE760426041F8BDC0462C12021012
:1061B00080B500AF824203D30B18111A184680BD78
:1061C0001146FFF7C3F8D4D4F0B503AF87B04669E2
:1061D0008569AC1C0694E418B4422DD80494059249
:1061E000B5422ED20469039002939A1C62556B1C2F
:1061F000B34229D2E154194900910698049D2946D9
:1062000022463346EAF73AF9154A0092059A029B6C
:1062100000F0F8F9134800902846294622463346F4
:10622000EAF72CF9104A00920122002300F0EAF963
:106230000398856107B0F0BD0C48FFF78AFAFFF7B5
:10624000AFFA044A284601E0034A18463146FFF7F0
:10625000C3F8C0461811021028110210381102109C
:10626000481102105811021068110210A500000018
:10627000DCB504AF8268012A17D14369C4689C4227
:1062800018D20269135D5B1C13550B796A46537073
:10629000CB7813710B88937089781170190AD170BB
:1062A00005210B46FFF790FFDCBD0548FFF751FACB
:1062B000FFF776FA034A20461946FFF78DF8C046E5
:1062C000AF00000078110210E0B502AF0269436927
:1062D0008169034800900020EAF7D0F88CBDC046E1
:1062E00088110210FEB506AF0446C06901282CD102
:1062F0001D4602926369206A984228D22269165C80
:10630000761C1654A0692E18F61C9E4221D898427D
:1063100024D20195EE1C1654461C9E4220D2102514
:106320009555861C9E421DD2915516490091C01C60
:10633000019D46193146EAF7A1F8134A0092029AE4
:106340002B4600F05FF9A661FEBD094802E0094A4C
:106350000AE00E48FFF7FDF9FFF722FA064A03E0CC
:10636000064A00E0064A30461946FFF735F8C046AF
:10637000AA00000098110210A8110210B811021012
:10638000C8110210D8110210E8110210A600000076
:10639000B0B502AF4468022C07D30546016802205D
:1063A000054B2246FFF704FF03C5022C01D3002052
:1063B000B0BD0120B0BDC0462C120210FEB506AF24
:1063C00014460D460246186800211960012810D1B4
:1063D0005E6808480090B01D314608312B46EAF748
:1063E0004DF8A31B02AA1380034B0093022300F075
:1063F00009F9FEBD3C1202104C120210D0B502AFDA
:1064000004460348FFF76AF92046FFF770F9D0BD4C
:106410000F000000D0B502AF04460348FFF75EF955
:106420002046FFF764F9D0BD05000000FEB506AFB9
:106430001D460E460446097D538800208B4262D1DA
:10644000D179137A012B11D0002B5CD101295AD1BB
:106450009079062854D150780002000A21283AD0B9
:1064600022284DD103CE6060A1604BE001294AD1C2
:10647000B9689079012813D0022808D003283FD1A9
:10648000002949D001206560A06028703BE0F068D9
:10649000002835D01278002A029121D0002120E076
:1064A0000291108800F046F80246C0B2032827D0B7
:1064B000F068002824D00B463169CE68029900911B
:1064C00011461A462B46B047012819D1029A91422B
:1064D0001ED86560C8E7092015366660A06011E027
:1064E000032133695B699847C00709D002980028E7
:1064F00015D001206560A0608A0A06D1890805E0F0
:106500000020606001202060FEBD00212970FAE7B4
:106510000020074BFEF71AFF0020034A01E000208D
:10652000024A0146FEF758FF9C1202108C1202101C
:106530007C12021080B500AF0146000AC0B20328E9
:1065400007D0022803D0012805D1002080BD0120FA
:1065500080BD022080BD032080BDD4D4FEB506AF2F
:106560001E460546007D4B88022483423DD1087AB1
:1065700001283AD10292C879012836D188790124BC
:10658000092811D00B280AD00A282ED1E868002843
:1065900008D00A88002411061ED021461DE0088874
:1065A000012815D1002420E00888FFF7C3FF024628
:1065B000C0B2032819D0E868002816D00B46296914
:1065C0000C69009611461A46029BA04704460CE04F
:1065D0000748FFF7BEF808E00321130A01D09B002B
:1065E00000E0E3432D69AD69A8472046FEBDC046E3
:1065F0007200000080B500AF8068BFF35F8F00219C
:10660000016080BDD0B502AF0C46994204D111465D
:10661000224607F0B5F9D0BDBA6820461946FEF704
:10662000F1FFD4D4FEB506AF054606F03BFA11489B
:10663000017800291BD10124047000950E48FFF752
:106640007DF80E48FFF74AF80D4802906846019021
:106650000C48049001A8039005A80B4903AAFFF772
:106660002BF80A482146FFF789F9FFF757F900F0A0
:106670000FF8C0462C380020B100000007000000D1
:10668000B0120210395601103C1602109C0F021075
:1066900080B500AF00F000F880B500AF06F015FA45
:1066A000F0B503AF8BB0006802680192466830C94C
:1066B000EB681A490C2220460293984701210028D2
:1066C00029D10091706804903068039014480A90B2
:1066D00031460C310991089008360796114806900A
:1066E00003A80590104A05AB20462946FEF760FA3C
:1066F000002801D000990EE00C4902222046029B9E
:1067000098470028009906D101980CC820462946D0
:10671000FEF74EFA014608460BB0F0BD560F0210C8
:1067200001540110754B011082EE0110620F02102E
:10673000D0B502AF0C46994204D11146224607F06B
:106740001FF9D0BDBA6820461946FEF75BFFD4D4C6
:1067500080B500AF416800290CD0491E4160006837
:1067600000F06AF9C10708D00F21090400020840AF
:10677000022105E00020014602E002490840012113
:10678000084380BD0000FFFFD0B502AF4168094C4F
:1067900000290DD0491E4160006800F00DF881B25B
:1067A000A14204D1FF21090408402018401CD0BD9B
:1067B0002046D0BD6F080000F0B503AF85B0044699
:1067C00003AD2846214600F0D7F84320460128783B
:1067D000012805D103A84078000430180F30BEE02E
:1067E00004990E2900D9BCE0701CC046794409798F
:1067F00049008F4407B431461954624D872A8012EC
:10680000235B09003046AAE0204600F0DFF80F21A4
:106810000906014071180E3126E0204600F0E8F824
:10682000C00776D10B2075E0012004900394204628
:1068300000F0CCF8C10772D14D4C71E0204600F059
:10684000D7F8C00765D10C2064E0204600F0D0F8EE
:10685000C0075ED109205DE0204600F0B7F80F21A7
:10686000090601407118891C0F3608221023C4073D
:10687000002C00D11A4600D10E46D0400006000A76
:1068800062E0204600F0B4F8C00742D1032041E0A6
:10689000204600F0ADF8C0073BD107203AE0204683
:1068A00000F0A6F8C00734D1052033E0204600F000
:1068B0009FF8C0072DD10D202CE0022004900394F6
:1068C00003A800F0A4F834460F34010ACDB2C1B2D7
:1068D0000022022940D0019502920E25C00708D05F
:1068E00003A800F094F881B2090AC2B2022A2DD19D
:1068F0000D46029A30E0204600F07AF8C00708D131
:106900000A2007E0204600F073F8C00701D10820F4
:1069100000E00F203018C9B2090408181FE0134C1A
:106920000440200602D00F36210A0BE003A800F035
:106930006EF80F36010AC9B2C2B2022A02D0C007ED
:1069400011D0260CC8B20004801908E0C007029AD2
:1069500002D0B41D0A06019D28041043204305B04F
:10696000F0BD0448FBE70E21ECE7C04601FF000044
:106970000000FF0F6F080E00FEB506AF02910190F8
:106980000026F4433546042C12D0029800F030F86B
:10699000C00711D17F200840B0400543F61D641C9C
:1069A00048B20028EFD4042C0CD1C8B20F2809D962
:1069B00005200199487002E00198417001460120CC
:1069C0000870FEBD01994D600020F9E780B500AF69
:1069D00000F032F8C10702D00449084080BD000C25
:1069E00005F0FEFE80B2000480BDC04601FF00003D
:1069F00080B500AF0CC808389A4203D0511C016022
:106A0000117800E00421D21A5042504180BD80B577
:106A100000AF4168002908D0491E41600068FFF7B7
:106A2000E7FFC00703D1012002E0002000E00220C0
:106A30000902081880BDD4D4F8B504AF0446002577
:106A4000EE43022E14D02046FFF7D2FFC00711D12B
:106A5000761C7F2008400722724392B29040054383
:106A600048B20028EDD4022E08D1C8B2032805D9B7
:106A7000084806E0C8B20002401C00E02804C10734
:106A800004D0FF2109020140481CF8BD024908401A
:106A9000F8BDC046010500000000FFFFF0B503AFE0
:106AA00089B004464868534A002810D0401E486008
:106AB0000E6807AD28463146FFF75EFF28780128AB
:106AC00008D107A84078A0704A48C01D00E0901D7A
:106AD000208068E00898052800D984E0800002A1A1
:106AE0000958444D8F46C046936B0110016B01104D
:106AF000436B0110576B0110076B01106D6B011098
:106B00003C48451C45E003200690059605A8FFF784
:106B10003BFE03463748851D1A0C98B287210E01AB
:106B2000B0420BD001930092324988425DD005A853
:106B3000FFF72AFE020C81B2B14236D110462D4E2B
:106B400023E03046FFF738FE81B22A4A294E9142AF
:106B500009D0B51C15E03046FFF72EFE81B2254A5C
:106B6000244E91420CD1B51D000C0EE03046FFF7CB
:106B70003FFF02460846D107A5D11E494D1D08E03A
:106B8000F51C010C0491010A0391B11DAEB28E42B5
:106B900099D0A360E2710299A1710499A18003992F
:106BA000E170A070258009B0F0BD029204901148F8
:106BB0008142104E1BD007A805A900F01DF8079BC5
:106BC000022B02D107A80079CFE70199080E0390A4
:106BD0000498020EB51D0E20002B00D00D4600D0EB
:106BE0000098089BD1E70E206DE70E20A7E70E2046
:106BF000BBE7C0466F080000BCB504AF0446486858
:106C000000280FD0401E486009686D46284600F0F5
:106C100011F82878012808D16846407802212160BF
:106C20002071BCBD00202060BCBD01980121216005
:106C30006060BCBDBCB504AF04466D462846FFF796
:106C40009BFE2878012804D16846407860700120B6
:106C500002E00198606000202070BCBDD0B502AF9A
:106C60001346044605220846214600F01DF9D0BD12
:106C7000F8B504AF0C46054606887009422801D8CD
:106C8000042001E03B48301880B2C04678440079C7
:106C900040008744073A2E340F434C37672B640C6F
:106CA00028460900002131E06A880E2123E0AA78F5
:106CB0000B2159E00421204600F05EF8C0B2022109
:106CC000102855D100912046314600F0BBF8C1B2E2
:106CD000102913D16168A068814200980ED0A8786D
:106CE0000870481C38E0AA780C213DE0AA780921F8
:106CF0003AE06A880221204600F06EF8F8BDAA78D2
:106D0000032110E0AA7807212EE00121204600F09F
:106D100033F8C0B21028F1D00220F8BDAA780521BE
:106D200022E0AA780D21204600F066F8F8BD062181
:106D3000204600F021F8C1B202201029DED161689E
:106D4000A2689142DAD0AB780B704B1C636093421F
:106D5000D4D0E8784870881C60601020F8BDAA780C
:106D60000A2101E0AA780821204600F058F8F8BD71
:106D70000846F8BDA0F7FFFFFEB506AF0A46044679
:106D800001A800210171019105290AD001A84254EE
:106D9000D00909D080231A4301AB5A54491C02463A
:106DA000F2E7052501AA05E001A80A4AFFF756FF08
:106DB00002460D466668A068801B854201D9022004
:106DC000FEBD304611462A4606F0DAFD70196060B5
:106DD0001020FEBD50150210B0B502AF1446054696
:106DE000FFF7CAFFC0B2102804D12846214600F0A0
:106DF00029F8B0BD0220B0BDB0B502AF15460446BB
:106E0000FFF7BAFFC1B20220102907D16168A2685A
:106E1000914203D00D70481C60601020B0BDB0B529
:106E200002AF15460446FFF7A7FFC1B202201029A2
:106E300007D16168A268914203D00D70481C606060
:106E40001020B0BDF8B504AF04466A46002090702B
:106E5000108089B203280BD06A461154CA090AD09F
:106E6000C9B280230B4369460B54401C1146F1E71D
:106E700003256A4606E0694603220A4B00F014F82F
:106E800002460D466668A068801B854201D9022033
:106E9000F8BD304611462A4606F072FD7019606052
:106EA0001020F8BD40150210D0B502AF0446904244
:106EB00003D2621C08461146D0BD00202146FEF7D1
:106EC00045FAD4D480B500AF09490968C90509D18C
:106ED000016802220260012903D141688068496883
:106EE000884780BD0348FEF734FCFEF759FCC046D6
:106EF00004ED00E0B2000000F8B504AF07490968EE
:106F0000C90505D10021019101A9FBF78AFE8FBDBA
:106F10000348FEF71EFCFEF743FCC04604ED00E00C
:106F2000B2000000F0B503AF8DB004C9062353438F
:106F30000024A3420AD06D462D198E882E814E88DA
:106F4000EE800E88AE80A41D891DF2E7009269468E
:106F5000342206F015FD0DB0F0BDD4D4F0B503AF6A
:106F600085B00D4603900493029101CD0626464359
:106F7000A919019192B2002E10D02946B61FAD1D5D
:106F80000C889442F7D1881C04A9012200F034F83F
:106F9000049803994880000C888011E00D4E072862
:106FA00009D8019C63802280190CA180401C0299A1
:106FB0000860039903E098B2B042039904D14E806F
:106FC0000020088005B0F0BD88804A80180CC88079
:106FD0000120F6E76F08000080B500AF0246406B65
:106FE0001168884202D80020106080BD014B0A461B
:106FF000FEF7ACF9DC140210F8B504AF002A15D086
:10700000009282788C788470C478CD78C5700578C9
:107010000E78067046784B7843708A70009ACC7070
:107020000D704E70521E091D001DE7E7F8BDD4D447
:1070300080B500AF0248FEF78CFB00F003F8C046B5
:107040008E00000080B500AF05F035FD072000027E
:1070500005490A68024005481018086005F02BFD34
:1070600005F02CFDFCE7C0460CED00E00400FA053D
:1070700080B500AFFEF7B6FEFFF7DAFFB0B502AF9E
:107080000C46054600882349884201D8042001E0C7
:107090001F49401880B2C0467844007940008744B8
:1070A00002271E210430002123E004212046FFF79F
:1070B00063FEC0B2102822D128462146FFF7D8FD32
:1070C000C1B2102922D1281D2146FFF7D1FDC1B23E
:1070D00010291BD1A868214600F048F8B0BDAA1CB1
:1070E000022101E0AA1C0321204600F02FF8B0BDC8
:1070F00001212046FFF740FEC0B2102806D0022032
:10710000B0BDAA7805212046FFF789FEB0BDC04674
:1071100091F7FFFF6E080000B0B502AF02464B6862
:107120008C680220A34210D015781D705D1C4D6044
:10713000A5420AD055785D709D1C4D60A54204D0D3
:1071400090789870D81C48601020B0BDB0B502AFE0
:1071500014460546FFF710FEC0B2102804D12046A1
:107160002946FFF785FDB0BD0220B0BD80B500AF58
:10717000024608461146FFF7FFFDC0B2102800D0B6
:10718000022080BDFEB506AF416800290FD0491E20
:107190004160006803210291019001A8FFF737FCCC
:1071A0000546C0B2022804D1A8B2040A18E00020A3
:1071B000FEBD0E24E80713D0029E002E10D00198C9
:1071C0000090FFF715FCC00701D00C4608E0012E27
:1071D00006D00E460098FFF70BFC0C46C00703D004
:1071E000E0B20002801CFEBDF0B2FF2109020D409A
:1071F0000004210608184019401CFEBD80B500AFF0
:107200004168002911D0491E41600068FFF7F0FB7A
:10721000C007012200280CD1CBB20020002B014670
:1072200002D0012B04D1114680BD0020022180BD77
:107230000621104680BDD4D4F8B504AF01460388BA
:107240007E4A10462F30834201D8042001E07A485C
:10725000181885B27A4CC0467D442D796D00AF4434
:1072600002020803140FF8BD7648FEF772FA0020F8
:10727000F8BD4B881046203083420DD804200DE025
:107280005720000289780818F8BD888815462035EF
:10729000A84225D8042025E0E0180F3080B2841ED3
:1072A00000200B2CDFD889887C4424796400A74413
:1072B0000605493D590567435255766DD3E7624847
:1072C00008181F24A302062800D981E07844007919
:1072D0004000874403828282928E900073338DE057
:1072E00020180F3085B28C794988032D0BD00020EF
:1072F000052DB8D1102CB6D801208003233293423B
:1073000058D0014657E02332002C05D00F202040F2
:1073100003D12009103000E00020012464039342CF
:1073200001D0214600E02143000245E0292040022F
:10733000C9B2091820203FE029204002C9B209182B
:10734000402039E0C9B2002938D00F20084036D19A
:107350000809103033E02920400201E077200002C4
:10736000C9B290E70A06120F00D07CE70807C00DEB
:107370000A0A45D00F21114043D11109103140E0D4
:1073800029204002C9B20918602015E0C9B20029BD
:1073900018D00F20084016D10809103013E00A0653
:1073A000120F00D05FE70F2001402920400208188B
:1073B0008030F8BD014320020843F8BD00200002E0
:1073C0001843F8BD0020292149024018A030F8BD1B
:1073D0001E48814201D1163310E07F2040010D4646
:1073E000054005263602B54210D121407720000223
:1073F00049E7783302E0793300E077331846F8BD87
:1074000000210843052109034018F8BD914204D921
:107410000F2001403F20400235E70D4A8A1892B202
:10742000032A05D31E30084007221202904201D1E0
:10743000C8B2C5E70846F8BD91F7FFFF3F08000056
:1074400091F70000920000008DF8FFFF1607000082
:10745000B0F8FFFFF8B504AF044688B2002800D1A9
:10746000CFE0012811D00D469149884218D09149AA
:1074700088420DD0904988421AD1904860800F30E0
:1074800020800720000279301EE08C480E30BAE0E0
:107490008A4860800F30208007200002733013E09C
:1074A000864860800F3020800720000216300BE0F5
:1074B000A91E89B2FE2909D2284605F091F97F4913
:1074C00061800F31218080B2A080F8BDFF21C943C7
:1074D000691889B2090A1F290DD2E8B205F080F9AE
:1074E00076490F312180A90A04220A402905090F93
:1074F0009140217122E0410B012910D1E8B205F041
:107500006FF90021A1606D494A1CA2802180A90A5F
:1075100004220A402905090F9140A1710EE0010BD8
:1075200004290ED1E8B205F05BF90021A16029051C
:10753000090FA1716149CA1CA280218080B26080BC
:10754000F8BD410A28290FD15C48011D61800F3028
:107550002080E805000F20710F202840A908042290
:107560000A4090406071F8BD5649691889B24909CE
:10757000062921D87944097949008F440324111739
:107580000A2C3A000F20054025714C48014608316D
:107590001EE00F2005402571484801460A3117E0DA
:1075A0000F20054025714548C11D11E00F20054001
:1075B00025714248811D0BE0010A572925D1A5708C
:1075C0003E4812301FE00F20054025713B48C11C8A
:1075D00061800F3017E0394801460B3161800F3070
:1075E00020800F202840A90804220A4090402071E2
:1075F000F8BD3548FEF7A2F8284600F079F8FEF706
:107600008DF92E480D302080F8BD2D4A2A400721E3
:107610000B039A4206D077231B029A4204D12B48CF
:10762000054049E72A48E5E70F22530186099E42B3
:1076300003D12E48FEF78DF8E3E7830A1E2B11D9FC
:10764000244BDE1CB04204D3234EAE19B6B2032E37
:1076500003D20802E9B208182FE76133984201D239
:107660002148C7E71D4B984209D01D4B98420DD1C8
:10767000124860800F3020800802783024E70F48DD
:1076800060800F302080080277301DE73F214901DC
:107690000009884209D11540084EA819223805F082
:1076A0009FF866800F3626800DE70E48A2E7C04699
:1076B000167C0000737C0000797C000062080000EA
:1076C000E0FF000000AEFFFF820000001F05000089
:1076D0008D000000FF7B0000B083FFFF777C00007F
:1076E000787C0000970000008F0000007700000009
:1076F000D0B502AF04460348FDF7F0FF2046FDF782
:10770000EDFFD0BD08000000FEB506AF02910446B3
:1077100000252E460195302E08D0A019029904F0BC
:10772000D9FF002804D16D1C0C36F4E7019800E065
:107730000120294603B0F0BDF8B504AF0546002688
:1077400034462819054904F0C5FF01214140761847
:107750000C34302CF5D13046F8BDC046E81202108A
:10776000D0B502AF0446FFF7E7FF002812D0412151
:10777000615C4A0855231340C91A33228B08114013
:107780001340C9180A0989180F220A40811A484271
:107790004841D0BD0020D0BDF8B504AF044640201C
:1077A000085C0E46303600280CD10D46308807495B
:1077B000884207D02846FFF7D3FF002802D0403583
:1077C0000120287007CE07C4F8BDC0466F0800002E
:1077D000F8B504AF009008881E4D44090422422CDD
:1077E00002D82B46144601E02B464419A6B2009C51
:1077F00024886509422D00D9E21895B20022B542CD
:1078000013D1AD1E0C2D23D87D442D796D00AF44CE
:107810000F06130616060606060606060F008978EA
:1078200000988078401A4242424101205040F8BD01
:10783000498800984088F5E78442F0D0F5E78B78D6
:10784000009884789C42F0D1C9780098C078E9E724
:107850000122EAE7A0F7FFFFF0B503AF89B01646B3
:107860000D460446049204A82A49FFF7B1FF0028F8
:1078700024D0211D05AC20462A463346FFF76EFB77
:10788000208800283FD005A8C18807ACA180418886
:1078900080880004401807902148FDF74FFF2148D9
:1078A000214DA8472148A8470798A8472048A8473E
:1078B000A01C02F0CFFBFEF731F824E0606806263A
:1078C0000296039046430020C043234608330193A9
:1078D000002E18D0401CB61F991D2246ACB21B8842
:1078E000A34214460B46F3D1039988420DD2029A63
:1078F0005043019B181825464C1E114661435918E8
:1079000005F09AFF6C6009B0F0BD03482421034ADA
:10791000FDF75CFDB4000210FC14021020150210EB
:10792000C80000000C000000DD560110EA00000055
:10793000F8000000D0B502AF08C806225A4389B249
:10794000002A07D00346921F801D1C888C42F7D165
:10795000981CD0BD0020D0BD80B500AF001DFFF742
:10796000E9FF002804D0018840880004401880BD49
:10797000004880BD6F08000080B500AFC1B2052986
:1079800001D8042000E0801FC0B2820001A39A58F1
:107990009746C046AB790110A9790110C57901104D
:1079A000C9790110AD790110022080BD0420C046C4
:1079B0007944097949008F44020F030B090DF4E75C
:1079C000072080BD032080BD062080BD082080BD2B
:1079D000052080BD092080BD02480B21024AFDF729
:1079E000D9F8C046F4120210FC120210BCB504AF64
:1079F0000446486800280FD0401E486009686D465C
:107A00002846FFF717F92878012808D168464078FA
:107A1000022121602071BCBD00202060BCBD019806
:107A2000012121606060BCBDBCB504AF044601A863
:107A30000180090C81702068282545430F3C002DEA
:107A400009D0283401A92046FCF753FC283D002822
:107A5000F5D0113C00E000242046BCBDF0B503AFDA
:107A60008BB00C4606680F2E0BD805462822104610
:107A7000704328180830214605F082FF701C2860EA
:107A800019E0268C0D48864215D06D4620222846E6
:107A9000214605F075FF2E84284622302234062226
:107AA000214605F06DFF0648FDF748FE284600F028
:107AB00009F8FDF733FF0BB0F0BDC04673080000B6
:107AC000BB000000D0B502AF04460348FDF706FE38
:107AD000204600F003F8D0BDE4000000D0B502AFAE
:107AE0000446103000F012F82046143002F062FA1A
:107AF0002046203000F048F803CC083CFEF79AFA04
:107B0000A068E168FEF796FAD0BDD4D4B0B502AF54
:107B100004461748FDF7E2FD2078FDF7E8FD15481B
:107B2000FDF7DCFD6078012812D10120FDF7DFFDB3
:107B3000A578E4781148FDF7D1FD2046FDF7D7FD83
:107B40000F48FDF7CBFDA8000E49085805780AE05C
:107B50000020FDF7CCFDE578A4780748FDF7BEFDD1
:107B60002046FDF7C4FD2846FDF7C1FDB0BDC04667
:107B7000E7000000E5000000E6000000EC00000067
:107B8000DF000000C01B0210D0B502AF044615484C
:107B9000FDF7A4FD20881549884201D8042001E0A2
:107BA0001149401880B2C0467844007940008744AB
:107BB00002110D0F06000020FDF799FDD0BD042035
:107BC000FDF795FD204602F039FAD0BD022002E013
:107BD000032000E00120FDF78AFD608800F008F82E
:107BE000D0BDC046EF00000091F7FFFF6E08000017
:107BF000D0B502AF04460348FDF770FD2046FDF7FF
:107C00006DFDD0BDEA000000F0B503AF8DB00C46AD
:107C100003460568102D10D22822104668431E46E0
:107C20000836301821461C4605F0AAFE2346681C7B
:107C30002060002D24D10DB0F0BD268C194886425D
:107C400019D002A8009020222146019305F098FE49
:107C500000990E8408460E46223022340622214620
:107C600005F08EFE1048FDF769FD3046FFF72AFF4C
:107C7000FDF754FE019B1E460836152D0DD22846F1
:107C8000282141435D18083534462834AC42D2D00F
:107C90003046214600F047F8F7E73046294600F025
:107CA00005F8C8E773080000BA000000FEB506AF8B
:107CB00002918468C168026B436B121B8B41019077
:107CC00010D2044630340221029A8A4227D00CCCCA
:107CD000256A666A083CAA1A9E4112D22834491CB9
:107CE0000198F1E730300221029A8A4216D00CC87E
:107CF000066A456A0838B21A9D4102D32830491CE9
:107D0000F2E70120029C204305F064FF40003E237F
:107D1000434000220198214600F052FAFEBD02992C
:107D200000F044F8FEBDF0B503AF8DB00E460390F1
:107D30008A68CB6808462038016840680592511A65
:107D40000493194681412FD23068029070680190E7
:107D50003146103106A8182205F012FE483E34467E
:107D600035464835203628222846314605F008FE9B
:107D70000398864208D02646283E03CC059A083C44
:107D8000101A04988841EAD3029820620198606230
:107D9000284620380599016004994160183D06A9DC
:107DA0001822284605F0ECFD0DB0F0BDF0B503AF8C
:107DB00089B00D4601460390224800906C0805A842
:107DC0002246234600F046F8069801900598049054
:107DD0001D4800902826754303984019614271435D
:107DE000411805A82246234600F034F82146664390
:107DF00005983618049D283E06980390601E029050
:107E0000019C002911D0002C11D0491E0491039827
:107E10000299814210D20A2228463146FFF7ECF837
:107E2000641E2835283E0499EBE709B0F0BD084AE6
:107E300001980146FDF7D0FA044A04980399FDF72A
:107E4000CBFAC04618130210281302104813021070
:107E500038130210D0B502AF9A4206D3D21A2824A2
:107E60005C430C191AC00260D0BDBA6801481321E6
:107E7000FCF790FE0C130210F0B503AF754EB5443D
:107E8000754E6E444B0800D1DEE0054628200A46B8
:107E90000B90099358430EA90C1828180D900392C3
:107EA000072A0695029409D90EA9284600F026FC57
:107EB0000D98214600F022FC04220CE00EA8282593
:107EC00006992A4605F05CFD20460D992A46069D36
:107ED00005F056FD01220021B1600220706005917D
:107EE00031600B980A9250430EA90918089128187E
:107EF00007900999F1600398401A04905648684425
:107F000000F006F901281FD1002909980D9001D031
:107F100004980D900B984143089844180798461808
:107F20000EA840180C900A9D0D988542E6D2282292
:107F30002046314605F024FD0C982146FFF7F3FE5C
:107F4000283428366D1CEFE70B98039948432838EE
:107F5000069D291808910EAA10180D90029E304611
:107F600028380A90099800284FD0099030462830C8
:107F7000079091680C92D068B368F2685C1A144656
:107F8000844100D3079600D30C9E591A824102D334
:107F90000C9828300C90284631460B9A05F0F0FCDE
:107FA0000A9EB168F2680D988368C4680120591A66
:107FB0009441014600D205990491069500D3059895
:107FC0000599CD4300282C4600D10446314600D106
:107FD0000D9908980B9E324605F0D2FC7443049824
:107FE000002800D105460A9800190A900B984543CD
:107FF0000D9840190D900998401E0899283908914C
:10800000069D2835079E0C9AADE70A9928310398FA
:10801000C0070A9101D114460FE0144628348A4261
:1080200000D31446114600D331460A98824200D349
:1080300028362822284605F0A3FC0A98844207D156
:108040000D982830864203D1FE1F053EB546F0BD8F
:10805000FDF7CCFA34F8FFFFB8070000F0B503AF26
:108060008FB00390480846180091002E4ED0761E1F
:108070008E42019618D204A802902824039D294616
:10808000224605F07DFC204670432E1828463146D6
:10809000224604F0AEFF3046019E0299224605F0CA
:1080A0006FFC0099002000E0701AB1420A4600D32C
:1080B0003246029241004E1C964224D2891C9142C3
:1080C0000DD228225143039C61188B68C968724302
:1080D000A2189568D268EB1A8A4100D2761C282231
:1080E00011467143039C61188B68CD68504320187A
:1080F0008268C468D21AAC4105D20A22FEF77CFF1E
:108100003046029AD6E70099019EAEE70FB0F0BD67
:1081100080B500AF06C808388A4201D1002080BD72
:108120004A1C0260890040188168012080BDD4D4B7
:10813000F0B503AF87B00E46049006A80280120C7B
:1081400082700868282505950290454303910836FA
:1081500000240196002D0AD03046113006A9FCF704
:10816000C8F8002808D1283D641C2836F2E71348D7
:1081700004990884029906E00498039D2946224642
:1081800000F044FB29680229059D01D207B0F0BD2B
:1081900015290FD24D43283D039830300390002D10
:1081A000F4D00198039C2146FFF7BDFD283D2834FB
:1081B0000394F4E70198FFF779FDE7E773080000FF
:1081C000F0B503AF9FB01C4604920E460790212ED7
:1081D00000D229E2002C00D12BE22320C000F308BA
:1081E00058433546079E3218A0205843311806954B
:1081F000402D2DD2059495680E92D4688B68CE6878
:108200000122002011900F95581B154630461094FE
:10821000A041104600D31198079CA268E4680D9213
:10822000D31A2346B3412E4600D3119E70400E9BB5
:1082300000D10B460F980D99081A1098844100D36D
:10824000119D6E400799084600D11846059C03E031
:10825000304600F007FA3146641E0594461A049B26
:10826000002B09D08D19A868E9689A68DB68101A94
:108270008B41079900D3B7E012A8119028250C462E
:108280002A4605F07DFBA619204631462A4604F011
:10829000B0FE304611990F952A4605F071FBEC4867
:1082A000009012A801232146069AFFF7D3FD1398E8
:1082B000002800D1C3E1159D002D00D14BE1149C95
:1082C00012980D9007CC0292226803921D911C9087
:1082D0000C3C2146103112A8182205F051FB0F98D2
:1082E000454360190890283D00230E9420462646F9
:1082F000283608998E424FD210950F9C214659433B
:1083000011930E9A55180D998A680B92C9680C91B1
:10831000016B0991416B0A912946224604F069FEDE
:1083200028463146224605F02BFB0B980999081A7E
:108330000C980A99814101D3119B01E0119B5B1CB0
:10834000109D283D3046D3E71095064628360F9CF1
:10835000214659430E9A55180D998A680B92C9689F
:108360000C91016B0991416B0A912946224604F058
:1083700040FE28463146224605F002FB0B9809993B
:10838000081A0C980A99814101D3119B01E0119BB5
:108390005B1C109D283D3046002D1193D4D10F9ABF
:1083A00014465C430E9D2E190D998B680C93C96879
:1083B0001091314604F01DFE1C9828511D987060E4
:1083C000029DB560039CF460103612A91822304655
:1083D00005F0D6FA0C98281A1098844100D2BCE017
:1083E0000698079E119DBCE012A8119028260C4605
:1083F000324605F0C5FA20462946324604F0F9FD1A
:10840000284611990F96324605F0BAFA9048009026
:1084100012A801232146069AFFF71CFD1398002895
:1084200000D10CE1159E002E00D1D5E0149C1298CD
:108430000D9007CC0392226804921D911C900C3C75
:108440002146103112A8182205F09AFA0F984643D7
:10845000A0190890283E00230E9420462546283572
:1084600008998D424FD210960F9C214659430E9A7F
:108470005618016B0B91416B0C910D998A6809920A
:10848000C9680A9131462246119304F0B2FD304684
:108490002946224605F074FA0B980999081A0C9897
:1084A0000A99814101D2119B01E0119B5B1C109E36
:1084B000283E2846D3E71096054628350F9C2146CE
:1084C00059430E9A5618016B0B91416B0C910D9903
:1084D0008A680992C9680A913146224604F089FDEA
:1084E00030462946224605F04BFA0B980999081A9E
:1084F0000C980A99814101D2119B01E0119B5B1CF0
:10850000109E283E2846002E1193D4D10F9A16466D
:108510005E430E998D190D998C680C94C968109161
:10852000294604F066FD1C980E9988511D986860D4
:10853000039CAC60049EEE60103512A918222846F8
:1085400005F01EFA0C98001B1098B04146D206990F
:10855000079E119846E0002501E0119D6D1C0698CC
:10856000079E85426ED212A8109031460F9C22467B
:1085700005F006FA2046684311953518304629461D
:10858000224604F036FD28461099224605F0F8F9F7
:108590003148009012A83146069A119BFFF75AFC09
:1085A000139C129D159A14992C48009012A801232F
:1085B000FFF750FC1398002845D0159E149807909B
:1085C0001298119028462146049A059C2346FFF7ED
:1085D000F7FD11980490FAE5002001E01198401C85
:1085E0000699079E88422DD2054612A81090314662
:1085F0000F9C224605F0C4F92046684311953518B2
:1086000030462946224604F0F4FC284610992246BA
:1086100005F0B6F91198C043069E8619283500204A
:1086200004900795059CD2E507983146FFF724FC96
:1086300003E007983146FFF711FD1FB0F0BD0020A1
:10864000044A02E0FEDE0020054A0146FCF7C4FEB3
:1086500058130210681302108813021098130210A6
:10866000A8130210F0B503AF85B00C46DB081AD092
:10867000A0265E438119049223220294D4005C4315
:10868000021901931C4DA847039002988119021901
:10869000019BA847049B99191A1904461846019B87
:1086A000A847024600E0039093680492D568A16849
:1086B0000294E468012200200190C81A2046009527
:1086C000A841104600D30198039DAE68ED68711A69
:1086D0002946A141144600D3019C604001D1029873
:1086E0000490F01A0098854100D3019A54400398F1
:1086F00000D1049805B0F0BD65860110F0B503AF58
:108700008BB0079180214358846DC56D014680313F
:108710004E68502278211B1BAE41144600D30C46F4
:1087200000D311464118019101190A918468C56866
:10873000066B426B012100230993341BAA410E46AC
:1087400000D3099E0A9AD268069200D20999019B29
:10875000DA6828250995694341188D680891CC6825
:108760000A998968049503914D1B069D0594A541BE
:108770001C4600D3089C09994E4380198668C56839
:108780009968891BAA41064600D32646194600D39C
:1087900001460291089800D318460499039A511A89
:1087A0000599069A8A410A9C00D30446A06806905F
:1087B000E568B0680490F0680590029901D30A98C2
:1087C00008900798099A05F0DBF806980499401A72
:1087D00005988541304600D320460A9000D33446A0
:1087E000079D284628302146099C224605F0C8F8F6
:1087F000284650300A99224605F0C2F878352846B6
:108800000899224605F0BCF80BB0F0BDF0B503AFF7
:1088100089B00B460968049103928A421BD215461F
:10882000282200920191114669435C1826460836B9
:108830003146029305F0A4F8E843019D2A180098F8
:10884000424330343046214604F0D3FB681E02997F
:10885000086009B0F0BD0648089004A90791069089
:1088600003A80590034805A9034AFCF793F9C046FD
:1088700001540110C8E4011030150210D0B502AF48
:10888000006800788000044A1358044A125803C94B
:10889000CC681946A047D0BD0C1C0210CC1B02109E
:1088A000FEB506AF054601902048214CA047287828
:1088B00001F048FB6D781F48A0471F48A0470126DC
:1088C000284630401D4CA047A807C00FA0476807A6
:1088D000C00FA0472807C00FA047E806C00FA04759
:1088E00000200290124CA047019885781148A047BB
:1088F0001348A0472E403046104CA047A807C00F91
:10890000A0476807C00FA0472807C00FA047E80688
:10891000C00FA047A806C00FA0476806C00FA04719
:10892000E809A047029802498847FEBDED00000013
:10893000DD5601100E000000FA000000EF56011095
:10894000FC000000F8B504AF04461448144DA847D5
:108950001448A8471448A84725463C350026302E21
:1089600004D0A01901F032FB0C36F8E73034204671
:1089700001F020FB0D48FCF7B1FE2878012807D153
:108980000120FCF7B4FE0B48FCF7A8FE681C00E0D1
:1089900007480078FCF7ABFEF8BDC046E1000000D8
:1089A000DD5601100A000000F90000000900000077
:1089B000E7E201100F000000D0B502AF0446044802
:1089C000FCF78CFE01202040FCF791FED0BDC04694
:1089D000DD00000080B500AF084080BD80B500AF6D
:1089E000002909D0BFF35F8F06480121C1711430FF
:1089F000FEF768FA044800E00148FCF7AAFE80BDD3
:108A000058000000C83F002055000000D0B502AF5C
:108A10000C460448FCF792FE2046FDF7FBFCFCF7F1
:108A20007DFFD0BD6200000080B500AF0148FCF7BB
:108A300090FE80BD54000000F0B503AF85B0002962
:108A400005D01A48FCF785FE174C14341BE0134878
:108A5000FCF77FFE12480068C00519D1124C25466C
:108A6000143502AA0192294649C949C20020606111
:108A7000029E28460199FAF7D4F8022E06D128461C
:108A8000FEF73AFA20342046FEF71CFA05B0F0BD96
:108A90000448FCF75EFEFCF783FEC046560000006B
:108AA00004ED00E0B2000000C83F002057000000C5
:108AB000D0B502AF0C460448FCF740FE2046FDF757
:108AC0009DFCFCF72BFFD0BD6A00000080B500AF15
:108AD000002907D00948FCF73CFE07482030FEF784
:108AE000F1F980BD0348FCF734FE03482030FEF75F
:108AF00003FA80BD59000000C83F00205A00000062
:108B0000F0B503AF87B00446002B05D00D460878BA
:108B1000052804D8042003E00020206096E0801F90
:108B2000C0B2C0467844007940008744024B1443E9
:108B30000F00002001901070D618297A68680696F8
:108B4000551C0495012B5FD102206DE0204629467B
:108B500000F082F87AE003201070D0180690501CC4
:108B600005900490298904A8FEF76CF9C1B2102978
:108B700040D1686804A9FEF7F9FAC1B2102939D1C9
:108B8000698904A8FEF75EF9C1B2102932D1A9891A
:108B900004A8FEF757F9C1B210292BD1E98904A81E
:108BA000FEF750F9C1B2102924D1298A04A8FEF792
:108BB00049F918E006201070012B1FD102A80221EC
:108BC000017119E002201070D618297A6D68069696
:108BD000561C0496012B0DD05170901C059004A9D1
:108BE0002846FEF7C3FAC1B2102903D10498002821
:108BF000E4D015E002A90871002018E068785070F0
:108C000001200390501C12E05170911C059104A9A1
:108C1000FEF7ACFAC1B2102906D10498002817D08B
:108C20000599091A039102E002A9087101980290BE
:108C300004A802A900F01AFA06980499012901D1A2
:108C4000059901E00421401C2160606007B0F0BD7F
:108C500002A802210171E9E7F0B503AFB3B01E46E7
:108C60001346024604AD04A8002E11D00C46403530
:108C7000283003900878C046784400794000874443
:108C800002AE67840AE6FF250235AE4200D3FEE05D
:108C900000201060BAE101920820187060780290FC
:108CA00004AD281D211D2C2200901C4604F068FEF6
:108CB000029A21462A70A0191790601C1590022470
:108CC000012E00D127E14A70881C169015A9009842
:108CD000FEF7D4F9C1B2102900D01BE104A810306E
:108CE00015A9FEF7CBF9C1B2102900D012E104A8F2
:108CF0001C3015A9FEF7C2F9C1B2102900D009E154
:108D000004A8293015A9FEF707FAC1B2102900D02E
:108D100000E104A82C3015A9FEF7FEF9C1B2102914
:108D200000D0F7E017991698884200D1F3E0039B32
:108D3000DA790270421C8A4200D1ECE01978117095
:108D40001599002900D17DE1401A801C2790E5E0AB
:108D50000720187098190690591C04910220154696
:108D6000012E61D0227F0A70022E5DD0201D617F0E
:108D70009970D91C059104A9FEF780F9C1B2102998
:108D800052D1103404A9204641E001920520187008
:108D90006078039004A80290001D211D40221C460B
:108DA00004F0EEFD039A214602980270A019179074
:108DB000601C15900224012E00D1CAE04A70881C64
:108DC00016900426342E00D1AAE004A8801915A913
:108DD000FEF754F9C1B20C361029F3D0B8E01546AD
:108DE0000120187098190690591C04910220012E38
:108DF0001AD0227C0A70022E16D0617C9970032E44
:108E000012D0201DA17CD970191D059104A9FEF76F
:108E100035F9C1B2102907D10498002800D102E128
:108E20000599091A169102E015A9087100201590FC
:108E300004A815A900F01AF906980499012901D18E
:108E4000059901E00421401C29606860DEE0019280
:108E50000920187065786068029015A80390001DBD
:108E6000083421461C46FEF75DF804A800950570FD
:108E700002991591001D3822039904F081FDA01973
:108E80002590601C2390012E0DD10220ABE004261A
:108E90001E70581C611C14460122120204F070FD61
:108EA00026606560B2E000986070A01C2490059870
:108EB00023A9FEF75BF9C1B2102900D093E0062187
:108EC00006980091484304AD0C352818029015A867
:108ED000821D00210395AB1D0298854200D00393AB
:108EE0005D4805D06B88AC882404E4182E8802E025
:108EF0005A4B1C402418A3B283422DD0082900D11C
:108F0000A4E01480230C5380931E1E80921D491CE4
:108F1000039DE0E7044626A804710021269166E03F
:108F200004A8343015A9FEF7A9F8C1B210290FD151
:108F3000287801286CD117991698884209D0012207
:108F40000270421C8A4204D069784170811C66E03C
:108F5000044626A8047148E0159126AC15A93422D0
:108F6000204604F00DFD269E15A8002101711591E3
:108F7000241D304605290AD015AA5054C20909D02B
:108F80008023184315AB5854491C1046F2E70522BC
:108F900015AB05E015A8344AFDF760FE03460A4606
:108FA000249D2598401B824200D96EE72846194629
:108FB0000396164604F0E4FCA8192490009D03983B
:108FC0004543002D33D0218823A8FDF73BFFC1B2D4
:108FD000102908D1A01C23A9FDF74AFEC1B2AD1F7C
:108FE000A41D1029EDD026A908710020269015A8EF
:108FF00026A900F03BF817981599012901D1169977
:1090000001E00421401C019A1160506033B0F0BDB2
:109010001698179988429CD000210170411C159820
:10902000002808D10AE015A802210171FEE6239864
:10903000002803D02499091A2791D7E726A80221EE
:109040000171D2E726A80221017166E704481721C1
:10905000044AFCF781FAC0466F0800000000FFFFD9
:10906000C0120210D812021060150210D0B502AF63
:1090700004460868002802D04968002204E0087904
:1090800000F006F801210A4622606060A160D0BDB0
:10909000E0B502AF69460870801EC0B20A2807D248
:1090A0000B49C140C90703D080000D4908588CBD49
:1090B000684601900748FCF741FB0748FCF70EFBA8
:1090C00001A80649FCF752FBFCF728FC03208CBDE5
:1090D000FD030000C90000000D000000EC140210A8
:1090E0004C1C0210F0B503AFFFB0B4B003468AAD1C
:1090F000002A15D00E462892412080001A18681CBC
:10910000269024350C462C3418462C3027900978AC
:109110000A200A2900D3014608D3022000F0A5FC4A
:109120000A2018700220586000F0A3FC25928800E5
:1091300001A210588746C04651920110619101105A
:109140002992011075920110619101106191011035
:109150000D92011061910110619101106191011056
:109160000220289A012A01D100F07EFC491E08291C
:1091700001D900F079FC49007944898849008F447D
:10918000080073047304FB00CE007304410255020F
:10919000E300249328983018A790701CA690042010
:1091A0008B90A6A88A908AA8FDF731FC81B20C0AA0
:1091B000C1B2022900D137E20E26C00700D1D0E3A8
:1091C0008AA8FDF724FCC1B2022900D1A5E22390B0
:1091D000C00700D1C5E38AA8FDF719FC81B20A0ACD
:1091E000C1B2022900D1BBE31E92C00700D1B8E38F
:1091F00098AD8AA92846FDF751FCAB782A885D49CD
:10920000C81D824200D0AEE31E46AAE3289801287A
:1092100044D104201C46FFF73BFF01216060A160A0
:109220000A20207000F025FC1D46289830188B90ED
:10923000701C8A90022099908AA8989098A8FDF7AF
:10924000E6FB81B20C0AC1B202292FD1264606E301
:109250001D46289830188B90701C8A900220999097
:109260008AA8989098A8FDF7C9FF0E46C0072CD091
:10927000F4B205E22493289830188B90701C8A90E1
:10928000062099908AA8989098A8FDF761FAFF2285
:10929000150681B2022928D10B4628E00920187052
:1092A00002202599086070785870E2E30E26C00706
:1092B00000D1D4E229A898A9FEF798FB29980228A2
:1092C00000D0C8E129A80679C9E2F0B20E2402282C
:1092D00000D1D5E129A898A9FEF788FB2998022892
:1092E00000D0C5E129A80479CAE103462B40140443
:1092F000024622409A18160C022900D1E6E227966F
:109300000E26C00700D1E1E229A898A9FDF774FC58
:109310002998022800D0B5E129A80679D6E224933D
:10932000289830186A90701C699002246C9469A87F
:109330006B906BA8FDF76BFB010ACAB2C1B20229A0
:1093400000D0ADE111468BE3249328983018879024
:10935000701C86900226899686A8889088A8FDF7BA
:1093600056FB010ACAB2C1B2022900D0B3E11446C9
:1093700066E3C0466F080000FF220232289991423E
:1093800000D271E32892B078F1780902081860A938
:109390000880307E717E09020818B17E0904F27ED1
:1093A0001206511808185F90307D717D0902081867
:1093B000B17D0904F27D1206511808185E90242030
:1093C000305C314624314A78120210188A7812042F
:1093D000C9780906891808185D902020305C31464C
:1093E00020314A78120210188A781204C9780906C6
:1093F000891808185C902820305C21902A20305C65
:109400001F903420305C18903020305C1E907078B3
:109410002390B07F1C90F07F1A9020781B90E0780A
:109420001990A07A15903046283040781290304636
:109430002A30407811903046343040781490307F94
:109440001090707F0F9060780E90A0780D9030464D
:109450003030C178179181780C9140780B90F07A78
:109460002090B07A0A90307A0990707A0890F07B58
:109470002690B07B0790307B0690707B0590F07C47
:109480001D90B07C0490307C0390707C0290F07949
:109490002290B0790190307900907579314637315A
:1094A00059A80922249304F06BFAA07DE17D0902FA
:1094B00008186DA90880207D1690607D13904436B1
:1094C00029A8BD22314604F05BFA28020099411810
:1094D00001980204229800068318591822910299D3
:1094E0000902039A8918049A12041D9C2406A218E2
:1094F00051181D9105990A020699521807990C04F2
:1095000026990D062C19A118269108990A02099985
:1095100052180A990C0420990D062C19A1182091B3
:109520000B990A021E9952180C990C0417990D06F2
:109530002C19A11817910D990A020E9951180F9A1A
:109540001402109AA2181E92149A1402189AA218C1
:109550001492119A14021F9AA2181892129A1402C5
:10956000219AA2181B0C2193249C000E1F90002608
:10957000279D69705F98A0615E9860615D985C9BB3
:10958000236260622398607026701D98206126987F
:10959000E0602098A060609860801A98E0771C983E
:1095A000A0771E98A0831898608522851998E87086
:1095B0001B982870080AA8701F9800062199C9B244
:1095C00009044018229989B2401860601498A08656
:1095D000179820631598A8722046373059A9092298
:1095E00004F0CEF913986875169828756D98E8827E
:1095F000443429A9C022204604F022FB259828994A
:10960000016036E22493289830187D90701C7C907D
:10961000032084907CA8839083A8FDF7F8F981B299
:109620000C0AC1B202296DD126469AE124932898EA
:1096300030188990701C88900220629088A86190F0
:1096400061A8FDF7E4F90146000AC2B2C8B20228D7
:1096500066D1104605E2002800D100E18B988A9976
:10966000002900D1FAE02A9A2C726A600722C9E028
:10967000002805D02A9C01200640022E00D0B9E027
:10968000E0B2EDE0012800D020E12A98269098A8C9
:10969000FDF75EF881B2022900D0BAE0060C15E1B0
:1096A0000E21C00700D1DBE16C98002800D1D7E182
:1096B00023926B987794769004218991889083AE59
:1096C00088A93046FDF7EAF93088EC4CA04200D07A
:1096D000CEE083A8C3E10E24C00700D1B0E1899891
:1096E000002800D1ACE1239288986296619098A8F6
:1096F00061A9FDF781FA9898022800D0C7E098A8E0
:1097000004799DE10E26C00700D12AE183A8FDF768
:109710007EF9C1B2022900D086E080B2060A20E1BB
:109720000E20C90700D19CE16299002900D198E17F
:109730002392619807218491839098AE83A9304643
:10974000FDF7ACF9B1783288E648C41DA24200D1D9
:1097500086E1219198A9851D0E201D902292AA4292
:1097600000D1B0E3C8781F909A98269099982090DD
:1097700098AE83A93046FDF791F9B0783188A142BF
:1097800000D16EE116909A98A7909998A69098A803
:109790001791A94200D196E3C078159098AE83A99D
:1097A0003046FDF77BF9B0783188A14200D158E10D
:1097B0001C909A988B9099988A9098A81E91A9428B
:1097C00000D180E3C57883A8FDF7DCFC0646010ADA
:1097D000C0B2022800D143E11491F00700D172E336
:1097E00083A8FDF7CFFC040AC1B2022900D0FCE136
:1097F000204636E18B988A99002900D186E02E72A6
:109800006C6006222A70081A289940182599086069
:109810002FE12390C00759D098A8FCF799FF81B297
:1098200002294AD10A464AE0C10700D199E0849949
:10983000002900D195E02390839802211291A791ED
:10984000A69098AEA6A93046FDF728F9B1783288DF
:10985000A448C51DAA426AD10E4682E0C6B230466F
:10986000FFF716FC01216860A9600A20287000E15A
:109870009D4D2290A84200D127E3A6AE88A930468C
:10988000FDF70CF93088A04242D1A6A8E7E00E24EB
:10989000012800D0D4E06298002800D1D0E0999847
:1098A00022906199A6AC20461E91FDF765F82078BC
:1098B000012875D1A6A84478C2E002462A40034692
:1098C000234013431A0C02290AD116463046FFF7EB
:1098D000DFFB0121249A506091600A201070C8E0DB
:1098E0002292C007F2D098A8FCF732FF81B2022979
:1098F00000D1D3E62190C007E8D098A8FCF728FF54
:1099000082B2022A00D0E5E01546E4E0C0B2A7E743
:109910001D90A84200D1D8E28AAE88A93046FDF752
:10992000BDF83088A04200D08CE08AA897E0219151
:1099300098A9801D0E2622921D90824211D0C878CF
:109940001F909A9826909998209098A81E90A6A962
:10995000FDF7A4F81E9882780188A94200D08FE014
:10996000164630467DE098A8891D8A42F9D0A79E08
:10997000A6990029F5D021932292C0781F909A9839
:10998000269099982090881BFF210902239A0A406B
:10999000A1181E9A120451181D910121129191E0F3
:1099A000A7982190A6A9083100244E4B2246219861
:1099B0001D941C941B9420921F91219000281846FE
:1099C00023D084961E98839083A8FCF7C1FE040CD4
:1099D00081B2022934D01D940E241C90C0072FD0D0
:1099E00083A8FCF7D1FE010C82B287231B019A42A7
:1099F00025D03C4B9A4223D01A9121994C1E1C9998
:109A0000090E1C911D99C9B21D9182B29A4200D1D2
:109A10003AE12194209A082A1F9900D180E11C9BE9
:109A20001C021D9B1C431A9B0B808B1E1880081F59
:109A30000480891D521C21982A4B1B9CBBE70C46B5
:109A4000E0B20EE01E90A84200D13EE298AE88A996
:109A50003046FDF723F83088A04262D198A881787B
:109A60000846FFF715FB249B0121586099600A20E6
:109A70001870FE1F053EB546F0BDC04676080000D2
:109A80009A988B9099988A9098A81D9B994200D19A
:109A900067E7C3788A988B9D999598907D9E7C986E
:109AA000002800D15DE7999D5F95989D5E95801B8C
:109AB000FF25239EAE43A4191E9412041B069A1878
:109AC00051181D91289BC0182890249C279D10AEEA
:109AD00046CE4EE5054004402C43210C022A05D118
:109AE0000E46F3E66F08000075080000C00700D1BD
:109AF000ECE68B9E8A98002800D1E7E60822249C99
:109B00002270F34A219D1540229B5B19239D15402D
:109B1000279A5219269D6560A260E3602161801B2F
:109B200072E61190A84200D1CFE1A8988790A7993A
:109B300086918C9A81928B9B809383ACE5781F955C
:109B4000A478219498ACE579199525791B956588B9
:109B500018958AADAE781C96ED781A9565791295B0
:109B6000A4791094A6AC6488859D2695849D209543
:109B70009A9D17957B907A917992789398AE76A971
:109B80003046FCF78BFFB1783688D24DE81D86420F
:109B900000D165E70F94159198A8C11C7CA80922F3
:109BA000144603F0EDFEA81D0E21864200D157E7B2
:109BB0007798002800D153E7769D2846FCF718FFD8
:109BC000C007169100D04BE714961698C0B2002833
:109BD00000D1A7E00128214600D041E72846FCF744
:109BE00007FFC00700D19EE03AE71390C00700D1FD
:109BF00069E183A8FCF70BFF010ACAB2C1B20229CE
:109C000000D126E519921A951B94C00700D15AE19C
:109C100083A8FDF7F3FAC007084600D021E7C8B2D1
:109C200002281D9800D11CE7A7987D90A69A7C92E7
:109C30008B9B6F938A9C6E94999098928B938A9445
:109C40008998889B002B00D10BE7320C1892139A4D
:109C5000120C1092999C5F94989C5E948B9C5D94DE
:109C60008A9C5C94181A01231940149A13025918FB
:109C7000119116990904159A13065918179A8918FB
:109C80001D910421129116E12098A69098A8841C99
:109C9000A6A934262046324603F072FE8AA8801C0C
:109CA00021902146324603F06BFE98AC2046219964
:109CB000324603F065FE0026A5968A96201D1E906A
:109CC00098981F901F9886420DD2062070431E99C7
:109CD0000A5A2092081841888088761CA5960004AC
:109CE00043187C4904E023467948034079490B43F3
:109CF000219698B2884268D0A6AE8AA93046209AAA
:109D00001C46FDF72BF93088012800D1D4E0A6A825
:109D10004188704A521C9142219ED3D10479CCE0F3
:109D20000E248DE6002113917B9875907A9874909B
:109D300079987390789872907CA96EA8024628C989
:109D400028C20978117075998B9174998A917399C9
:109D5000A7917299A69198A90CC80CC100780870B7
:109D60006A9E69980E90002800D1AAE00F9801041D
:109D70001D9808181D901098020212981018109043
:109D80008B9C67948A9C6694A79C6594A69C64941B
:109D900098AD61A90C4609CD09C428782070679850
:109DA0005F9066985E9065985D9064985C9059A805
:109DB00018C918C00B7803700E98801B01231699E0
:109DC00019401691032112917CE698A8FDF704F939
:109DD0008E987D908D987C90919E6F96909A6E92C1
:109DE0008AACA08A1E90A07D1C90E07D1A90208CE9
:109DF0001190608C1890A08D149028781B90E878B2
:109E00001990A87A15902078209026988178219131
:109E100041781F91007816906978A87813902346AE
:109E20002F338B9826908C981D90949817901D79BD
:109E300078A805712F20205C5C78240220189C787B
:109E40002404DB781B061B19181878907D989990CC
:109E50007C9898908B968A92A6A8799A02717898A5
:109E6000A6908798869C002C00D1FAE5139A1202DE
:109E70005118109116990B021F990D04EB18219996
:109E80000D06EB18209959182091A6AB1B7959ADF6
:109E90002B71999B5F93989B5E938B9B5D938A9BA1
:109EA0005C93A69B5993201A229B190E1F91190CA3
:109EB00021910521129105E60E2498A8FDF78CF852
:109EC000BEE53146CCE51D98CBE50E21C8E5C04680
:109ED0000000FFFF6F080000F8B504AF1C460092B9
:109EE0000E461248FBF72AFC1148124DA847F0B263
:109EF0008000114908580078FBF7F9FB0098FBF740
:109F0000F6FB0E48A8472E46BD682846FBF7F8FB2F
:109F10000B48B047002D05D02078FBF7E8FB6D1EFD
:109F2000641CF7E7FBF7FAFC0020F8BD66000000B0
:109F3000DC000000DD560110741C02100600000059
:109F40000F000000F8B504AF04461048104DA847B4
:109F50001048A847012020400F4EB047A007C00F6F
:109F6000B0476007C00FB0472007C00FB047E006FA
:109F7000C00FB047A006C00FB0476006C00FB04783
:109F8000E0B2C009B0470020A847F8BD0E000000AD
:109F9000DD560110FB000000EF560110D0B502AFF6
:109FA00004460348FBF79AFB2046FBF7A9FBD0BD0C
:109FB000F6000000D0B502AF04460348FBF78EFB65
:109FC000204600F003F8D0BDF9000000D0B502AF84
:109FD000044600881849884201D8042001E0154948
:109FE000401880B27844007940008744021A111367
:109FF000041C00201BE00420FBF779FB204600F046
:10A000001DF8201D00F01AF8A068FFF7C7FFD0BDAB
:10A01000022000E00320FBF76AFBA01C00F00EF812
:10A02000D0BD012003E00520FBF761FBA078FBF722
:10A030005EFBD0BD91F7FFFF6E080000D0B502AF08
:10A0400004460348FBF74AFB204600F003F8D0BD66
:10A05000F8000000B0B502AF044605886809422840
:10A0600001D8042001E02348281880B27844007900
:10A07000400087440723181F0D252C213816360B66
:10A0800014270900002032E00E200DE00B202BE009
:10A090000420FBF72CFB284600F02EF815E00C20DE
:10A0A00022E0092020E00220FBF721FB608800F07D
:10A0B00023F8B0BD032006E0072015E0012016E0DC
:10A0C000052011E00D20FBF712FBA07806E006202A
:10A0D000FBF70DFBA078FBF70AFBE078FFF732FFF8
:10A0E000B0BD0A2000E00820FBF701FBA078FBF7D9
:10A0F000FEFAB0BDA0F7FFFFD0B502AF0446074897
:10A10000FBF7ECFAA1B24809282801D900F02DFD8F
:10A11000034804A24900515A49008F44F700000047
:10A12000701502107211230547115D1177062B116E
:10A13000691157119110020EB910DA060A0A0E0CB5
:10A140006C0E17116D07000E3908490779071B11AE
:10A15000D1108507680649116B11AB10A1067F105D
:10A1600031079D077D06AF101F07B6066110F71077
:10A17000551195065111B306E8071F11130A1D1159
:10A1800065118906A5101511DB10E9107106711112
:10A19000FF1087105B110B11920E050D61116B06FC
:10A1A0009E06230C2D08CB0692060F085408070ABA
:10A1B0001311C310C60CC80D6E06A9074F110F115D
:10A1C000550A1307B309A607B20711116311AD06AB
:10A1D0002711D106D910C910BC0D260C7406F2093E
:10A1E000C206D70D53118910E6065911D706150876
:10A1F00067115207F3100D110311CE06BB070911A9
:10A200004D118F06F110B9095C0E600BEF100511AE
:10A21000AA06A7062E07A40686065D107307571028
:10A2200080069B0604077A065F114F10880AB00665
:10A23000980629118306E00643117310B9062D1103
:10A240001E08CB09140E3A074607EF063D1001071A
:10A250000B10E2077C078C06C806D307E5074511FB
:10A260002F10F806A00741113C08E7107B103B11A6
:10A27000C50607073F114B112807D50B2D10910775
:10A28000520EBF06DF102E0E19076510E510260EC0
:10A29000D710280A680D3911220E5108640E3511A5
:10A2A0000D0A6107C707B310560D761176117611A6
:10A2B0007611761176117611761176117611A3103A
:10A2C000BC09BF10D5107110CF0C3A0A7D100608DA
:10A2D0009F103D112207A910F510ED10331124082D
:10A2E00041102F113910F506C110BC066A07311153
:10A2F000F60B1C0A7611761176117611761176110D
:10A300007611761176117611761176117611761115
:10A310007611761176117611761176117611761105
:10A320007611761182073E0D6B10C107D4067F0AA5
:10A330003407DD10FE0655106707760E3608280E26
:10A34000AD103711FB100D10E110471007119310DD
:10A35000EC0625110B0DC710E906EE07FD10FB06F4
:10A36000211119114B083B100D077611761176114A
:10A3700076117611761176117611761176117611A5
:10A380007611761176117611761176117611761195
:10A390007611761176117611761176117611761185
:10A3A0007611761176117611761176117611761175
:10A3B0007611761176117611761176117611761165
:10A3C0007611761176117611761176117611761155
:10A3D0007611761176117611761176117611761145
:10A3E0007611761176117611761176117611761135
:10A3F0007611761176117611761176117611761125
:10A400007611761176117611761176117611761114
:10A410007611761176117611761176117611761104
:10A4200076117611761176117611761176117611F4
:10A4300076117611761176117611761176117611E4
:10A4400076117611761176117611761176117611D4
:10A4500076117611761176117611761176117611C4
:10A4600076117611761176117611761176117611B4
:10A4700076117611761176117611761176117611A4
:10A480007611761176117611761176117611761194
:10A490007611761176117611761176117611761184
:10A4A0007611761176117611761176117611761174
:10A4B0007611761176117611761176117611761164
:10A4C0007611761176117611761176117611761154
:10A4D0007611761176117611761176117611761144
:10A4E0007611761176117611761176117611761134
:10A4F0007611761176117611761176117611761124
:10A500007611761176117611761176117611761113
:10A510007611761176117611761176117611761103
:10A52000761176114F07C809A30721088807700E16
:10A5300001115B07231143070E0EDD06CC0CE30669
:10A540001A0E4C07F2068E072B07BB108510B807B2
:10A55000B510D310F9108310CB100A07100777102D
:10A560001607EB10A80B951025078F0D1C0E3B0D41
:10A57000E3101808190AC510160EBE0737071C0786
:10A58000CA073D079D10CD10CF10410D1F0A1E0EAA
:10A590009910300827085E075807B11064072B1080
:10A5A000E909BA0C76074310371069105F100910DB
:10A5B0004D0D531051107F078D1075108B07D10969
:10A5C00040078B109710DF07320DC407F70779108B
:10A5D000AC075507CD078110D409CF0B94070F1096
:10A5E0002C0E6310240E2B0AF1075A08030870077B
:10A5F000BD10A110B7106710250AFA072A08A71086
:10A60000AF073308570833106B0DB609310A710DC7
:10A61000D0078E0AD60759107C0E300E3D0A19104D
:10A620004D109B10700ADC070008800EA90A451027
:10A630006D10B5079707780BDB0C340E230D320E27
:10A640007D0D111076117611761176117611761135
:10A6500076117611761176117611761176117611C2
:10A6600076117611761176117611761176117611B2
:10A6700076117611761176117611761176117611A2
:10A680007611761176117611761176117611761192
:10A690007611761176117611761176117611761182
:10A6A0007611761176117611761176117611761172
:10A6B0007611761176117611761176117611761162
:10A6C0007611761176117611761176117611761152
:10A6D0007611761176117611761176117611761142
:10A6E0007611761176117611761176117611761132
:10A6F0007611761176117611761176117611761122
:10A700007611761176117611761176117611761111
:10A710007611761176117611761176117611761101
:10A72000761176119A07EB07020D42083E0E460E8F
:10A730000B0C620E3C0E76117611761176117611A5
:10A7400076117611761176117611761176117611D1
:10A7500076117611761176117611761176117611C1
:10A7600076117611761176117611761176117611B1
:10A7700076117611761176117611761176117611A1
:10A780007611761176117611761176117611761191
:10A790007611761176117611761176117611761181
:10A7A0007611761176117611761176117611761171
:10A7B0007611761176117611761176117611761161
:10A7C0007611761176117611761176117611761151
:10A7D0007611761176117611761176117611761141
:10A7E0007611761176117611761176117611761131
:10A7F0007611761176117611761176117611761121
:10A800007611761176117611761176117611761110
:10A810007611761176117611761176117611761100
:10A8200076117611761176117611761176117611F0
:10A8300076117611761176117611761176117611E0
:10A8400076117611761176117611761176117611D0
:10A8500076117611761176117611761176117611C0
:10A8600076117611761176117611761176117611B0
:10A8700076117611761176117611761176117611A0
:10A880007611761176117611761176117611761190
:10A890007611761176117611761176117611761180
:10A8A0007611761176117611761176117611761170
:10A8B0007611761176117611761176117611761160
:10A8C0007611761176117611761176117611761150
:10A8D0007611761176117611761176117611761140
:10A8E0007611761176117611761176117611761130
:10A8F0007611761176117611761176117611761120
:10A90000761176117611761176117611761176110F
:10A9100076117611761176117611761176117611FF
:10A9200076117611340A460A400E7E0ED907FD07CD
:10A93000430A5B0A1208480821102510160A29103C
:10A940003F106F10B90D5B1045083510CB0DC509D0
:10A95000A70D0C0849104B10DD091B103A0E360EDE
:10A96000F4070908F90C110D4C0A3F0827105D087F
:10A97000D40D640A1D101710860E4F0A4E08910A56
:10A980003110900B490AE90D290D830DEC0DE30DF3
:10A99000260D500ED50C4C0E610A8A0E720E580A06
:10A9A0001310231076117611761176117611761127
:10A9B000761176117611761176117611761176115F
:10A9C000761176117611761176117611761176114F
:10A9D000761176117611761176117611761176113F
:10A9E00076117611CE09170D050C761176117611B8
:10A9F00076117611761176115E0A15102A0EAE0BBD
:10AA0000100A4E0ECE0D200D480E6A0E520A6A0A2A
:10AA100076117611761176117611761176117611FE
:10AA200076117611761176117611761176117611EE
:10AA300076117611761176117611761176117611DE
:10AA400076117611761176117611761176117611CE
:10AA500076117611761176117611761176117611BE
:10AA600076117611761176117611761176117611AE
:10AA7000761176117611761176117611761176119E
:10AA8000761176117611761176117611761176118E
:10AA9000761176117611761176117611761176117E
:10AAA000761176117611761176117611761176116E
:10AAB000761176117611761176117611761176115E
:10AAC000761176117611761176117611761176114E
:10AAD000761176117611761176117611761176113E
:10AAE000761176117611761176117611761176112E
:10AAF000761176117611761176117611761176111E
:10AB000076117611670A970AC60B761176117611BF
:10AB10007611761176117611761176110C0E76116A
:10AB200076117611BF0D0A0E5A0E580E940A6E0E4B
:10AB30004A0D530D560E380EF50DE00D4A0EFE0D62
:10AB4000C20D840B770DB70BFA0D2C0DFC0C040E07
:10AB5000380D060E8C0DFC0DE60D1D0D860D620DDB
:10AB6000920D950D7F4801F04CFC7F4808187A281B
:10AB700000D86CE07D4808185F2800D9EAE0400062
:10AB800078448088400087445F00E7068D06C6064B
:10AB9000D2064B06A806AB06F907A8072706D20778
:10ABA000740863061A08360653089C06CC064A0841
:10ABB000AE06B406FF07650839063306E2082A091F
:10ABC0009B08C208C007C306400C400C400C400C58
:10ABD000400C400C400C400C400C400C400C400C15
:10ABE000400C400C400C400C400C400C400C400C05
:10ABF000400C400C400C400C400C400C400C400CF5
:10AC0000400C400C400C400CC90746050105B60439
:10AC1000C804A404DC086E083F06E4067D088C0422
:10AC2000400511084409AD044F0530065D0A5A0974
:10AC30004E09C2040E093209CE04A708AF05BC08AC
:10AC40006006AE07BA07BA06644801F0DAFB4000B6
:10AC500078448088400087447A00610625074907C8
:10AC60000D06D80BD80BD80BD80BD80BD80BD80B9C
:10AC7000D80BD80BD80BD80B550713061C0670073A
:10AC80008206FF043A07DC07DD057C070505C707D8
:10AC900007063A06BE07D80B22062B067607D80B06
:10ACA000D80BD80BD80BD80BD80BD80BD80BD80B8C
:10ACB000D80BD80BD80BD80BD607080502056A08A5
:10ACC000B608000818081907D80BD80BD80BD80BF2
:10ACD000D80BD80BD80BD80B2E062207CF04840430
:10ACE000D6085D04390472080308D40579061208F1
:10ACF0002104D80BD80BD80BD504A607DA084204D8
:10AD0000E404C505F109F008E4085704A408C808DC
:10AD100063043C0841055108F50543074F074F06FA
:10AD2000D80BD80BD80BD80BD80BD80BD80BD80B0B
:10AD3000D80BD80BD80BD80BFE054C074804DB0406
:10AD4000810AA2047D025104C008EA08EE082448E2
:10AD500001F057FB2348081805A14000085A40009D
:10AD60008744C0464817021000F9FFFF00F8FFFFB4
:10AD70004200D0059105B8055B05A606AF06530B4A
:10AD8000530B530B530B530B530B530B530B530BD3
:10AD9000530B530B530B530B530B530B530B530BC3
:10ADA000530B530B530B530B530B530B530B530BB3
:10ADB00089047F0568047C05360777049A054B07EC
:10ADC00067058A07C4059A067507EE05F1053C0775
:10ADD000A2076A056405FD070B04C046661A021047
:10ADE000D019021000FAFFFFFD4801F00AFBFD48F0
:10ADF00001F007FBFC4801F004FBFC4801F001FBFB
:10AE0000FB4801F0FEFAFB4801F0FBFAFA4801F0BA
:10AE1000F8FAFA4801F0F5FAF94801F0F2FAF948BF
:10AE200001F0EFFAF84801F0ECFAF84801F0E9FA1D
:10AE3000F74801F0E6FAF74801F0E3FAF64801F0C6
:10AE4000E0FAF64801F0DDFAF54801F0DAFAF548E3
:10AE500001F0D7FAF44801F0D4FAF44801F0D1FA3D
:10AE6000F34801F0CEFAF34801F0CBFAF24801F0D2
:10AE7000C8FAF24801F0C5FAF14801F0C2FAF14807
:10AE800001F0BFFAF04801F0BCFAF04801F0B9FA5D
:10AE9000EF4801F0B6FAEF4801F0B3FAEE4801F0DE
:10AEA000B0FAEE4801F0ADFAED4801F0AAFAED482B
:10AEB00001F0A7FAEC4801F0A4FAEC4801F0A1FA7D
:10AEC000EB4801F09EFAEB4801F09BFAEA4801F0EA
:10AED00098FAEA4801F095FAE94801F092FAE9484F
:10AEE00001F08FFAE84801F08CFAE84801F089FA9D
:10AEF000E74801F086FAE74801F083FAE64801F0F6
:10AF000080FAE64801F07DFAE54801F07AFAE54872
:10AF100001F077FAE44801F074FAE44801F071FABC
:10AF2000E34801F06EFAE34801F06BFAE24801F001
:10AF300068FAE24801F065FAE14801F062FAE14896
:10AF400001F05FFAE04801F05CFAE04801F059FADC
:10AF5000DF4801F056FADF4801F053FADE4801F00D
:10AF600050FADE4801F04DFADD4801F04AFADD48BA
:10AF700001F047FADC4801F044FADC4801F041FAFC
:10AF8000DB4801F03EFADB4801F03BFADA4801F019
:10AF900038FADA4801F035FAD94801F032FAD948DE
:10AFA00001F02FFAD84801F02CFAD84801F029FA1C
:10AFB000D74801F026FAD74801F023FAD64801F025
:10AFC00020FAD64801F01DFAD54801F01AFAD54802
:10AFD00001F017FAD44801F014FAD44801F011FA3C
:10AFE000D34801F00EFAD34801F00BFAD24801F031
:10AFF00008FAD24801F005FAD14801F002FAD14826
:10B0000001F0FFF9D04801F0FCF9D04801F0F9F95E
:10B01000CF4801F0F6F9CF4801F0F3F9CE4801F03E
:10B02000F0F9CE4801F0EDF9CD4801F0EAF9CD484C
:10B0300001F0E7F9CC4801F0E4F9CC4801F0E1F97E
:10B04000CB4801F0DEF9CB4801F0DBF9CA4801F04A
:10B05000D8F9CA4801F0D5F9C94801F0D2F9C94870
:10B0600001F0CFF9C84801F0CCF9C84801F0C9F99E
:10B07000C74801F0C6F9C74801F0C3F9C64801F056
:10B08000C0F9C64801F0BDF9C54801F0BAF9C54894
:10B0900001F0B7F9C44801F0B4F9C44801F0B1F9BE
:10B0A000C34801F0AEF9C34801F0ABF9C24801F062
:10B0B000A8F9C24801F0A5F9C14801F0A2F9C148B8
:10B0C00001F09FF9C04801F09CF9C04801F099F9DE
:10B0D000BF4801F096F9BF4801F093F9BE4801F06E
:10B0E00090F9BE4801F08DF9BD4801F08AF9BD48DC
:10B0F00001F087F9BC4801F084F9BC4801F081F9FE
:10B10000BB4801F07EF9BB4801F07BF9BA4801F079
:10B1100078F9BA4801F075F9B94801F072F9B948FF
:10B1200001F06FF9B84801F06CF9B84801F069F91D
:10B13000B74801F066F9B74801F063F9B64801F085
:10B1400060F9B64801F05DF9B54801F05AF9B54823
:10B1500001F057F9B44801F054F9B44801F051F93D
:10B16000B34801F04EF9B34801F04BF9B24801F091
:10B1700048F9B24801F045F9B14801F042F9B14847
:10B1800001F03FF9B04801F03CF9B04801F039F95D
:10B19000AF4801F036F9AF4801F033F9AE4801F09D
:10B1A00030F9AE4801F02DF9AD4801F02AF9AD486B
:10B1B00001F027F9AC4801F024F9AC4801F021F97D
:10B1C000AB4801F01EF9AB4801F01BF9AA4801F0A9
:10B1D00018F9AA4801F015F9A94801F012F9C0467A
:10B1E000981902104C160210CE1602100617021003
:10B1F00078160210F8150210E4150210D01502108E
:10B20000A0150210401702102A1602104C17021047
:10B21000E81502105017021066160210D016021020
:10B22000F2150210FE1502106A170210F615021030
:10B23000721702101C17021032170210FC150210B0
:10B24000DC1602104E1702103616021004160210F9
:10B2500018160210C6160210F41602100A17021071
:10B26000C21602101017021038160210141602101F
:10B27000D2160210281702100C17021058170210CD
:10B28000961702106A1602109A1702100A16021078
:10B29000EE150210EE160210DE160210A0170210B4
:10B2A0000217021038170210E6160210C815021015
:10B2B0007C16021068160210AC160210B6170210A7
:10B2C0007E170210B81702109A160210BC1702104F
:10B2D00044170210DA170210D61602105C1602107C
:10B2E000C417021082150210A4170210881602104B
:10B2F0009216021070160210D8170210EC150210E8
:10B30000DE1702101C180210921702108C16021081
:10B31000321602109E170210801702105E170210DC
:10B320002E180210F41702108E170210F2170210D6
:10B330004A160210F81702107A1702108E16021021
:10B34000E61502104A180210A21602100018021088
:10B35000DA150210C0160210121802107617021029
:10B36000181702108817021018180210A2170210DE
:10B37000201702103818021090180210A01802109E
:10B380002E17021048160210841702100817021018
:10B39000A21502102C1802105C18021026160210BA
:10B3A0008E180210AA1702103A160210D6170210B1
:10B3B00078170210261802103C160210DC17021033
:10B3C000301802106C1802107E160210701802104D
:10B3D000BA1802108218021022180210FA1602106F
:10B3E000C0150210E8160210A21802102A17021047
:10B3F00044180210EE1802102818021056180210F5
:10B40000BC18021084180210481802108615021089
:10B41000F0180210E0180210D8160210C21802101C
:10B42000FA150210CE1702105C1A02106C170210E7
:10B43000861702103C170210F0170210581802105D
:10B4400064160210EE1702105E1802109815021012
:10B45000D815021052170210F8180210A618021080
:10B46000D6180210C4180210F61602100A1902109B
:10B470005A16021096160210601802104618021092
:10B48000FC1802107D4800F0BCFF7D4800F0B9FFB9
:10B490007C4800F0B6FF7C4800F0B3FF7B4800F02A
:10B4A000B0FF7B4800F0ADFF7A4800F0AAFF7A4871
:10B4B00000F0A7FF794800F0A4FF794800F0A1FF51
:10B4C000784800F09EFF784800F09BFF774800F036
:10B4D00098FF774800F095FF764800F092FF764895
:10B4E00000F08FFF754800F08CFF754800F089FF71
:10B4F000744800F086FF744800F083FF734800F042
:10B5000080FF734800F07DFF724800F07AFF7248B8
:10B5100000F077FF734800F074FF754800F071FF8A
:10B52000744800F06EFF744800F06BFF734800F041
:10B5300068FF734800F065FF724800F062FF7248D0
:10B5400000F05FFF714800F05CFF714800F059FFA8
:10B55000704800F056FF704800F053FF6F4800F04D
:10B5600050FF6F4800F04DFF6E4800F04AFF6E48F4
:10B5700000F047FF6D4800F044FF6D4800F041FFC8
:10B580006C4800F03EFF6C4800F03BFF6B4800F059
:10B5900038FF6B4800F035FF6A4800F032FF6A4818
:10B5A00000F02FFF694800F02CFF694800F029FFE8
:10B5B000684800F026FF684800F023FF674800F065
:10B5C00020FF674800F01DFF664800F01AFF66483C
:10B5D00000F017FF654800F014FF654800F011FF08
:10B5E000644800F00EFF644800F00BFF634800F071
:10B5F00008FF634800F005FF624800F002FF624860
:10B6000000F0FFFE614800F0FCFE614800F0F9FE2A
:10B61000604800F0F6FE604800F0F3FE5F4800F07E
:10B62000F0FE5F4800F0EDFE5E4800F0EAFE5E4886
:10B6300000F0E7FE5D4800F0E4FE5D4800F0E1FE4A
:10B640005C4800F0DEFE5C4800F0DBFE5B4800F08A
:10B65000D8FE5B4800F0D5FE5A4800F0D2FE5A48AA
:10B6600000F0CFFE594800F0CCFE594800F0C9FE6A
:10B67000584800F0C6FEBE4800F0C3FE4A1702104C
:10B68000661802100E17021002160210261A021077
:10B69000BC1A0210DC180210821702101A160210CF
:10B6A000321902101A180210341802101A1A021055
:10B6B000B01A0210E61802102E1A0210C41A021054
:10B6C000541A0210FC170210AC1A02105E1A021073
:10B6D000B81602103A1A0210D01A0210A54800F04B
:10B6E00090FEC046181A0210A34800F08AFEC04619
:10B6F000AE1A0210401A0210D61A02107A16021060
:10B700005A170210C2150210401902102416021016
:10B71000CA180210D0170210E4160210E81702101F
:10B72000141A021054180210801602104218021047
:10B73000CE19021068180210B2180210AA1A0210CC
:10B74000B2160210781802105A1A0210BE1802100F
:10B75000B418021012190210F6180210081902107B
:10B760004C190210301702102C190210C0180210C8
:10B77000381902102619021000190210501902106F
:10B780004E190210121A021080180210281A021004
:10B79000BE1A0210561A0210A81A0210C816021079
:10B7A000301A0210C61A0210BE150210AA19021091
:10B7B0006E1802100C1902106019021052190210B2
:10B7C000B0190210E4190210021A0210EE19021048
:10B7D000001A021088180210684800F012FE68482B
:10B7E00000F00FFE674800F00CFE674800F009FE0D
:10B7F000664800F006FE664800F003FE654800F06B
:10B8000000FE654800F0FDFD644800F0FAFD644864
:10B8100000F0F7FD634800F0F4FD634800F0F1FD2F
:10B82000624800F0EEFD624800F0EBFD614800F078
:10B83000E8FD614800F0E5FD604800F0E2FD604889
:10B8400000F0DFFD5F4800F0DCFD5F4800F0D9FD4F
:10B850005E4800F0D6FD5E4800F0D3FD5D4800F084
:10B86000D0FD5D4800F0CDFD5C4800F0CAFD5C48AD
:10B8700000F0C7FD5B4800F0C4FD5B4800F0C1FD6F
:10B880005A4800F0BEFD5A4800F0BBFD594800F090
:10B89000B8FD594800F0B5FD584800F0B2FD5848D1
:10B8A00000F0AFFD574800F0ACFD574800F0A9FD8F
:10B8B000564800F0A6FD564800F0A3FD554800F09C
:10B8C000A0FD554800F09DFD544800F09AFD5448F5
:10B8D00000F097FD534800F094FD534800F091FDAF
:10B8E000524800F08EFD524800F08BFD514800F0A8
:10B8F00088FD514800F085FD504800F082FD504819
:10B9000000F07FFD4F4800F07CFD4F4800F079FDCE
:10B910004E4800F076FD4E4800F073FD4D4800F0B3
:10B9200070FD4D4800F06DFD4C4800F06AFD4C483C
:10B9300000F067FD4B4800F064FD4B4800F061FDEE
:10B940004A4800F05EFD4A4800F05BFD494800F0BF
:10B9500058FD494800F055FD484800F052FD484860
:10B9600000F04FFD474800F04CFD474800F049FD0E
:10B97000A6190210441A0210DA1A02107A1A0210DA
:10B9800016160210321A0210C81A0210981A021063
:10B99000841A0210961A0210201A0210B61A021007
:10B9A00092180210EA190210A0190210701A02105F
:10B9B00076190210CA190210B6190210C81902101D
:10B9C00010190210481A0210DE1A0210801A021012
:10B9D000501A0210AC190210A8190210F219021024
:10B9E000C0170210D81902103E190210DC190210FB
:10B9F0009C1902107A190210DE190210B2190210F5
:10BA0000F81902106A1A021054190210FA190210D9
:10BA10000E1A021036180210881A0210D2150210DF
:10BA2000F41902109E190210721A0210741A0210F0
:10BA30008E1A0210BA190210901A02104E1A021031
:10BA4000E41A02109A1902102E160210A41A0210FB
:10BA50006C1A0210D21902108A1A0210361902103A
:10BA60006E1A0210AC1802109C150210C0190210B8
:10BA7000C2190210221A0210B81A0210681A021013
:10BA8000E2190210B415021028160210EE4800F058
:10BA9000B8FCEE4800F0B5FCED4800F0B2FCED4813
:10BAA00000F0AFFCEC4800F0ACFCEC4800F0A9FC66
:10BAB000EB4800F0A6FCEB4800F0A3FCEA4800F0DD
:10BAC000A0FCEA4800F09DFCE94800F09AFCE94837
:10BAD00000F097FCE84800F094FCE84800F091FC86
:10BAE000E74800F08EFCE74800F08BFCE64800F0E9
:10BAF00088FCE64800F085FCE54800F082FCE5485B
:10BB000000F07FFCE44800F07CFCE44800F079FCA5
:10BB1000E34800F076FCE34800F073FCE24800F0F4
:10BB200070FCE24800F06DFCE14800F06AFCE1487E
:10BB300000F067FCE04800F064FCE04800F061FCC5
:10BB4000DF4800F05EFCDF4800F05BFCDE4800F000
:10BB500058FCDE4800F055FCDD4800F052FCDD48A2
:10BB600000F04FFCDC4800F04CFCDC4800F049FCE5
:10BB7000DB4800F046FCDB4800F043FCDA4800F00C
:10BB800040FCDA4800F03DFCD94800F03AFCD948C6
:10BB900000F037FCD84800F034FCD84800F031FC05
:10BBA000D74800F02EFCD74800F02BFCD64800F018
:10BBB00028FCD64800F025FCD54800F022FCD548EA
:10BBC00000F01FFCD44800F01CFCD44800F019FC25
:10BBD000D34800F016FCD34800F013FCD24800F024
:10BBE00010FCD24800F00DFCD14800F00AFCD1480E
:10BBF00000F007FCD04800F004FCD04800F001FC45
:10BC0000CF4800F0FEFBCF4800F0FBFBCE4800F031
:10BC1000F8FBCE4800F0F5FBCD4800F0F2FBCD4834
:10BC200000F0EFFBCC4800F0ECFBCC4800F0E9FB67
:10BC3000CB4800F0E6FBCB4800F0E3FBCA4800F03D
:10BC4000E0FBCA4800F0DDFBC94800F0DAFBC94858
:10BC500000F0D7FBC84800F0D4FBC84800F0D1FB87
:10BC6000C74800F0CEFBC74800F0CBFBC64800F049
:10BC7000C8FBC64800F0C5FBC54800F0C2FBC5487C
:10BC800000F0BFFBC44800F0BCFBC44800F0B9FBA7
:10BC9000C34800F0B6FBC34800F0B3FBC24800F055
:10BCA000B0FBC24800F0ADFBC14800F0AAFBC148A0
:10BCB00000F0A7FBC04800F0A4FBC04800F0A1FBC7
:10BCC000BF4800F09EFBBF4800F09BFBBE4800F061
:10BCD00098FBBE4800F095FBBD4800F092FBBD48C4
:10BCE00000F08FFBBC4800F08CFBBC4800F089FBE7
:10BCF000BB4800F086FBBB4800F083FBBA4800F06D
:10BD000080FBBA4800F07DFBB94800F07AFBB948E7
:10BD100077E3B94875E3B94873E3B94871E3B948C3
:10BD20006FE3B9486DE3B9486BE3B94869E3B948D3
:10BD300067E3B94865E3B94863E3B94861E3B948E3
:10BD40005FE3B9485DE3B9485BE3B94859E3B948F3
:10BD500057E3B94855E3BA4853E3BB4851E3BB48FE
:10BD60004FE3BB484DE3BB484BE3BB4849E3BB480B
:10BD700047E3BB4845E3BB4843E3BB4841E3BB481B
:10BD80003FE3BB483DE3BB483BE3BB4839E3BB482B
:10BD900037E3BB4835E3BB4833E3BB4831E3BB483B
:10BDA0002FE3BB482DE3BB482BE3BB4829E3BB484B
:10BDB00027E3BB4825E3BB4823E3BB4821E3BB485B
:10BDC0001FE3BB481DE3BB481BE3BB4819E3BB486B
:10BDD00017E3BB4815E3BB4813E3BB4811E3BB487B
:10BDE0000FE3BB480DE3BB480BE3BB4809E3BB488B
:10BDF00007E3BB4805E3BB4803E3BB4801E3BB489B
:10BE0000FFE2BB48FDE2BB48FBE2BB48F9E2BB48AE
:10BE1000F7E2BB48F5E2BB48F3E2BB48F1E2BB48BE
:10BE2000EFE2BB48EDE2BB48EBE2BB48E9E2BB48CE
:10BE3000E7E2BB48E5E2BB48E3E2BB48E1E2BB48DE
:10BE4000DFE2FE48DDE2C0460C1A0210FE170210C7
:10BE5000BC190210101A0210D4190210B6150210E3
:10BE6000A21902109817021024170210A419021028
:10BE700022190210E619021094180210781A021002
:10BE80004A1A0210E01A0210D6190210521A0210B1
:10BE90004C1A0210E21A0210DA190210A21A021049
:10BEA000F218021080190210A61A0210A41802102B
:10BEB000441602107C1A0210AE150210E01902108E
:10BEC000F4180210FC19021034190210EC190210B7
:10BED0008E19021046190210981802101E1902102D
:10BEE000161902107E190210761A02102418021078
:10BEF000921A021084190210CA170210301602108A
:10BF0000E61702102A1A0210C01A02106419021051
:10BF10000C180210821A021066190210B0160210D4
:10BF2000AE190210F6190210C4190210921902106B
:10BF3000F0190210A616021064180210B4190210AB
:10BF40006A180210FE19021078190210E81902107E
:10BF50009C1802108C1A0210181902109019021065
:10BF6000861A021088190210C617021094190210BE
:10BF700096190210BE190210941A0210081A021023
:10BF80001E1A0210B41A0210DE1802107E1A0210D5
:10BF9000B8190210241A0210BA1A02100A1A021052
:10BFA000D21802109E1602105819021074190210AD
:10BFB000C61902103E170210DA18021044190210B6
:10BFC0009E1A0210FE180210A0160210421A021049
:10BFD000D81A02106E1902101C1902108C190210C6
:10BFE000141902101A190210461A0210DC1A021053
:10BFF0006C190210A01A02107C1902108A19021082
:10C00000721902102C170210601602108219021009
:10C0100086190210041A02105A1902105619021039
:10C02000941702101C1A0210B21A0210BE16021047
:10C03000D41702109A1A02109C170210EE48E0E181
:10C04000C8170210ED48DCE1EA170210CC19021003
:10C05000E0160210401802105816021020160210A6
:10C060003C1902103C180210A61502107618021096
:10C070009A18021096180210EC1802106A19021091
:10C08000EA180210B0180210A8180210B618021010
:10C090003C1A0210D21A0210AA18021048190210F3
:10C0A00070190210241902104219021020190210EE
:10C0B0001E160210061A0210681902105E190210EC
:10C0C0005C190210EA160210601A02109C1A021083
:10C0D000AE180210221702103E1A0210D41A0210D3
:10C0E0004A1902109E150210621902108A170210D6
:10C0F0002A190210161A02108A1502102C1A0210A0
:10C10000C21A021074180210B81802108618021011
:10C11000381A0210CE1A021006190210621A021002
:10C1200028190210641A0210361A0210CC1A0210D2
:10C13000F44866E1B54864E1B54862E1E84860E189
:10C14000D9485EE1C9485CE1C6485AE1C94858E1AE
:10C15000DA4856E1CA4854E1C74852E1C04850E1C4
:10C16000D0484EE1C0484CE1CD484AE1C34848E1DF
:10C17000CA4846E1E84844E1A64842E1A64840E111
:10C18000BB483EE1CF483CE1C0483AE1E04838E1F5
:10C19000AF4836E1F44834E1A04832E1BE4830E12E
:10C1A000AC482EE1DB482CE1C1482AE1F64828E101
:10C1B000B54826E1B34824E1BF4822E1984820E190
:10C1C000CE481EE1CE481CE1F4481AE1954818E13A
:10C1D000BB4816E1AE4814E1934812E1CA4810E1A9
:10C1E00092480EE1BD480CE19B480AE1B74808E1DE
:10C1F000C64806E1EB4804E1AC4802E1A54800E18D
:10C20000F348FEE09548FCE0BA48FAE0CC48F8E094
:10C21000B548F6E0FB48F4E0EC48F2E08448F0E092
:10C22000B048EEE0C848ECE0CB48EAE08148E8E0FE
:10C230008148E6E0AE48E4E0AF48E2E08416021050
:10C240007E48DEE0CE48DCE0BB48DAE0A748D8E034
:10C25000B348D6E09748D4E0B448D2E0DA48D0E01A
:10C260009C48CEE0DD48CCE07548CAE09648C8E07E
:10C27000D348C6E07348C4E0C748C2E07248C0E093
:10C28000A648BEE0D648BCE0B248BAE09048B8E064
:10C290006E48B6E0B148B4E08F48B2E0CE48B0E0B6
:10C2A000C248AEE0F148ACE0A148AAE0B248A8E03C
:10C2B000E748A6E0A348A4E09B48A2E09948A0E094
:10C2C000FC489EE0A2489CE0C2489AE0C74898E03B
:10C2D000E04896E0ED4894E0B14892E0C54890E02F
:10C2E000AA488EE093488CE0C1488AE0C64888E0BE
:10C2F000E54886E0914884E0AF4882E0CA4880E0A3
:10C30000CA487EE0CE487CE0AC487AE0E64878E077
:10C310008E4876E09E4874E0964872E0D84870E017
:10C3200090486EE0C4486CE0BE486AE0954868E01A
:10C33000C04866E0D04864E0C04862E0C94860E0B8
:10C34000C7485EE0CA485CE0D1485AE0DB4858E0A4
:10C35000864856E0D84854E0CF4852E0CF4850E0F5
:10C3600083484EE07E484CE084484AE0BA4848E0C2
:10C37000AA4846E0D44844E0A64842E08C4840E061
:10C3800089483EE08B483CE096483AE0814838E0F6
:10C39000954836E09A4834E08A4832E0974830E0E1
:10C3A0009A482EE09C482CE099482AE0C84828E0AA
:10C3B000BF4826E0904824E09D4822E0AA4820E0BB
:10C3C000B7481EE0A1481CE0B6481AE0BC4818E097
:10C3D0009D4816E0A94814E0BC4812E0904810E0DF
:10C3E000A4480EE09D480CE0AA480AE0954808E001
:10C3F000B44806E0AD4804E0341A0210CA1A02102C
:10C40000A0480088F9F76AF9D0BDFEDE34170210A3
:10C410007C170210A41602101E1702102C16021010
:10C420005616021094150210681702104E160210CC
:10C43000CC150210F2160210BA1502109016021056
:10C44000F0160210DC15021022160210CC16021093
:10C45000C6150210AA15021084150210EA15021062
:10C46000581A02103A190210301902102E1902102F
:10C470000E1902100419021002190210FA18021003
:10C48000E8180210E4180210E2180210D81802107E
:10C49000D4180210D0180210CE180210CC180210B6
:10C4A000C8180210C61802109E1802108C1802102C
:10C4B0008A1802107E1802107C1802107A180210D6
:10C4C00072180210621802105A1802105218021044
:10C4D000501802104E1802104C1802103E1802108C
:10C4E0003A180210321802102A18021020180210EE
:10C4F0001E1802101618021014180210101802103C
:10C500000E1802100A18021008180210061802105D
:10C510000418021002180210FA170210F61702107F
:10C52000EC170210E4170210E2170210E0170210D5
:10C53000D2170210CC170210C2170210BE17021039
:10C54000BA170210B4170210B2170210B017021077
:10C55000AE170210AC170210A8170210A61702108F
:10C56000901702108C1702105E16021004170210AA
:10C57000B416021056170210141702108216021079
:10C580008C15021040160210CA160210A8160210CE
:10C5900072160210AC150210D416021046170210C3
:10C5A000E2150210EC1602106E160210701702103F
:10C5B00000170210881502102617021074170210B7
:10C5C000E0150210E2160210A815021096150210CE
:10C5D0003E16021054170210D6150210C415021090
:10C5E00000160210C4160210D4150210AE16021066
:10C5F0006C160210A41502106E170210FE1602101F
:10C6000012170210FC1602103A1702101C16021024
:10C6100036170210BC1602108A160210AA16021053
:10C62000421702106617021064170210BC150210A0
:10C63000CE1502100E16021062170210921502108B
:10C6400060170210BA1602100C1602101216021011
:10C650009C160210B81502108616021090150210D2
:10C660000816021006160210541602109816021030
:10C67000DA16021046160210521602105016021058
:10C68000421602108015021076160210DE150210F6
:10C6900094160210F4150210F8160210B2150210CA
:10C6A0007416021010160210B01502101A1702109C
:10C6B000F015021034160210621602105C170210F8
:10C6C000161702108E150210CA1502109A150210C4
:10C6D000B6160210F8B504AF0C46054601881E4890
:10C6E000814201D8042101E01A4A89188AB22188BE
:10C6F0007A44127952009744021D12140520C04357
:10C70000401820E0401C0026814220D228462146C5
:10C7100000F024F800281AD0281D211D06E0C01CB6
:10C7200000E0001D814211D1A81CA11C00F016F8E8
:10C7300006460CE0081A801E05E0801D814205D1E6
:10C74000A078A978081A4642464100E00026304603
:10C75000F8BDC04691F7FFFF6E080000F8B504AFC2
:10C7600000900B881D4D5C090420422C02D82A46FB
:10C77000044601E02A465C19A6B2009C248865099B
:10C78000422D00D9A01885B20020B54213D1AD1EAC
:10C790000C2D21D87D442D796D00AF440D06110676
:10C7A00014060606060606060D00887800998978A4
:10C7B000091A48424841F8BD488800994988F7E776
:10C7C0009C42F2D0F7E78B78009A94789C42F2D1A1
:10C7D000C8780099C978EBE70120F8BDA0F7FFFF02
:10C7E00080B500AF81B280290AD3C02908D3FF22C7
:10C7F000D2438A18222A03D30A46CD3A1B2A00D2F2
:10C8000080BD0A46C03A032AFAD3464A8A183F2A0C
:10C81000F6D3912252009142F2D0434A821892B24A
:10C82000402AEDD3414A8A18262AE9D3404A8A1879
:10C83000112AE5D33F4A8A18092AE1D33E4A8A18C9
:10C840001A2ADDD33F4A8A18162A04D801239340B6
:10C850003D4A1342D4D1394A8A18152A04D80123F3
:10C860009340374A1342CBD1384A8A18032AC7D398
:10C87000374A8A18152AC3D3364A8A18122A00D88A
:10C880003BE0354A8A180D2ABAD3344A8A18072A57
:10C89000B6D3334A8A18052AB2D3324A8A184A2AAA
:10C8A00000D92EE07A441279520097442525252597
:10C8B000252525252F2F2F2F2F2F2F2F25252525D8
:10C8C0002525252525252525252F2F2F25252525FA
:10C8D0002525252525252525252525252525252508
:10C8E0002F2F2F2F2F2F2F2F2F2F2F2F2525252580
:10C8F000252525252525250082E70F2A00D07FE75D
:10C90000BFE7194A89180C2900D279E7174940185E
:10C9100080B2532803D840001549085A80BD002032
:10C9200080BDC04600FEFFFFC1FDFFFF00FCFFFF12
:10C9300081FDFFFF00FDFFFFDAFBFFFFA0FBFFFF14
:10C9400007FC3F0004FBFFFFF1FF7F0010FBFFFF30
:10C95000E0F9FFFFF0F8FFFFEDFAFFFF00FAFFFF3D
:10C9600000F9FFFFD0F8FFFF00F8FFFFF4F7FFFF2B
:10C97000801C021080B500AF014682B200201B2A45
:10C9800005D801239340024A134200D0084680BDD7
:10C99000C400CC0C80B500AFE03880B2072802D8C4
:10C9A0000249085C80BD002080BDC046D8F301105C
:10C9B000B0B502AF42181149114B90420DD0047826
:10C9C00061400824002C06D04D08C90700D05D4006
:10C9D0002946641EF6E7401CEFE7C84309D0C2B2FF
:10C9E000521EFD2A04D90120C0434140084602D00E
:10C9F000B0BD0120B0BD0348F8F7DEFCEEEEEEEE70
:10CA0000783BF682E81A0210D0B502AF0446904295
:10CA100002D808462146D0BD00202146F8F796FCF2
:10CA200080B500AF818942688A4201D3006880BD29
:10CA30000020014BF8F78AFC081B0210F0B503AF89
:10CA400001460120C043431C00220B480B4C022A24
:10CA50000ED08D5C6B400825002D07D01E04760C8F
:10CA6000DB0700D0664033466D1EF5E7521CEEE74B
:10CA7000190400D0D843F0BDFEFF00002E1A0000BC
:10CA8000B0B502AF0C4605460548F8F727FE002C66
:10CA900005D02878F8F72BFE641E6D1CF7E7B0BDB3
:10CAA0000F00000072B6704762B670474008401C25
:10CAB0000138FDD17047BFF34F8F704700BF7047FB
:10CAC000EFF31080704740BF704700DEFEDE20BFEE
:10CAD000704780B500AF00F001F880BDF0B503AF3E
:10CAE00083B00246884203D20020114603B0F0BD55
:10CAF000100C002610238142344630D9029414468B
:10CB000031D9230A0820994232D9334600D8034646
:10CB100001932309042099422ED933462FD9A00826
:10CB20000225814230D9304600D828460093640857
:10CB30000125A1422C4600D93446029E019B9E1934
:10CB4000009BF318181803199D400C469C40161BB7
:10CB50008E421DD232462846114603B0F0BD1C4617
:10CB600002941446CDD80446230A08209942CCD812
:10CB70001C463346CBD9CBE71C463346CFD80346B9
:10CB8000A00802258142CED804463046CDD9CDE753
:10CB9000002C03D429462846324614E05B1E1F228F
:10CBA00000931A40012090406408321BD317019370
:10CBB0000290019B9843002A00DA324628438A42B9
:10CBC0000299009B91D3491E002B0BD003261E40D7
:10CBD0000AD055002A1B521C00D41546012E06D13E
:10CBE0005A1E13E0154613E015461A460EE06D0076
:10CBF0002A1B521C00D41546022E01D19A1E05E0B4
:10CC00006D002A1B521C00D41546DA1E042B0AD2D2
:10CC10001F2213402A46DA4029400843114603B038
:10CC2000F0BD121FF4D06D002E1B761C0CD56D00CC
:10CC30002E1B761C0DD56D002E1B761C0ED56D009F
:10CC40002E1B761CEDD40EE035466D002E1B761C97
:10CC5000F1D435466D002E1B761CF0D435466D00A0
:10CC60002E1B761CDDD43546DBE7F0B503AF89B06B
:10CC7000089302920646FC680494BD68002D75D0A6
:10CC8000002C73D1089A002A00D1FDE0AA4200D3FB
:10CC900005E113462A0C002010219342069000D88B
:10CCA0000846294600D811460A0A0823089C9442DF
:10CCB00000D81146069A00D81A4605950B09042497
:10CCC000089D9D4200D819460196069B00D8234630
:10CCD0008C080225089EA64200D82146069C00D852
:10CCE0002C4649080126089D8D420396314600D9FD
:10CCF00006991018C01800191F244018254601D0A5
:10CD000020210D1A059804992A4600F02FFD2C4089
:10CD1000039DA540029A06E00896079D80088B07B0
:10CD2000C018AD088908141A089E33468B41079530
:10CD300008D4069A2A430692039A934200D2BBE093
:10CD400022461E464308CC071B194D08D41A334609
:10CD5000AB41E1D4079A5508069A2A430692039AF2
:10CD6000934200D2A8E022460893D6E70021089A11
:10CD7000002A00D182E00298401B1046049B984193
:10CD80007CD3120C0021102094420B4600D8A4E062
:10CD90000391089900D8A5E0080A0822844200D827
:10CDA000A6E00196184600D8104602460809042657
:10CDB000844200D80146184600D8304600908E08BC
:10CDC0000220B44200D831461E4600D80646480824
:10CDD0000121844207910846069300D906980399D9
:10CDE0005218009952189219101884401F2242407C
:10CDF0006B08D340234329468140079A824007921B
:10CE0000029C069E05950BE026460890059D0C4663
:10CE1000069880089A0781180798800807909B0851
:10CE20000691611A089A1046984109D4079A164348
:10CE300034464E1B0646049A9641224603D21BE016
:10CE40002146104632461446069A5608DD077519E3
:10CE50005E084A1B0546B541D6D4079846082643C6
:10CE60000598101A284604998841114608951446D9
:10CE700032462846059DCBD2002328E00C460B46BF
:10CE800002991046224623E0029C20462946FFF7DD
:10CE900020FE02464543611B0023184618E02DD1B1
:10CEA000029C204611461546FFF713FE02464543F5
:10CEB000611B002001230BE0059D20462946FFF75A
:10CEC00008FE069A02434543611B00231846019E53
:10CED0000CC63160706009B0F0BD0146039108993D
:10CEE00000D959E71146080A0822844200D958E7B8
:10CEF00001460196184600D856E756E701961046B7
:10CF000029462E461546FFF7E4FD024630465043BB
:10CF1000281A3546310C03921DD1029E310C08911E
:10CF2000000440182946FFF7D4FD04462846604314
:10CF30000899081A0004B1B2461830462946FFF78E
:10CF4000C8FD220402434543711B019E200C039B34
:10CF500003430020BCE7029A511B0146049B994100
:10CF600005D2034600201146024618463EE001263F
:10CF70006908E2075218EB070696F10708910026A8
:10CF8000059509E00294059D0799890894070B19F6
:10CF90000899890808919208029C0793E31A0146B0
:10CFA000914106D4089806430698814214D31C4642
:10CFB000084607994908D50749195508631A0146D3
:10CFC000A941DFD408984008064306988142059D90
:10CFD00002D302930846D7E71C4618462946FFF7B6
:10CFE00078FD324602434543611B0020019E039BAE
:10CFF0006EE780B500AF00F02AF980BDF0B503AF51
:10D000008FB0102A15D30B924242032308931A4083
:10D0100085180A90A8422AD2541E002A0A98064669
:10D020000B4616D00B780370012A07D14B1C461C07
:10D030000FE003469C18A34241D362E04B78437053
:10D04000022A02D18B1C861C03E08B788370CB1CD8
:10D05000C61C032C0BD31C7834705C7874709C78DD
:10D06000B470DC78F4701B1D361DAE42F3D10B9802
:10D07000801A0B90089CA0432B188E180996264006
:10D08000079047D19D420B9A099E11D231460868FC
:10D0900001C59D420CD2486801C59D4208D28868EE
:10D0A00001C59D4204D2C86801C510319D42EED32E
:10D0B0002240079831180A989C18A34221D20325D0
:10D0C0001540521E002D0ED00E781E70012D04D179
:10D0D000491C5B1C032A08D213E04E785E70022DB7
:10D0E00011D1891C9B1C032A0BD30A781A704A7829
:10D0F0005A708A789A70CA78DA70091D1B1DA3428B
:10D10000F3D10FB0F0BD8D789D70C91CDB1C032AD4
:10D11000EBD2F6E7002406940E940EACA419059405
:10D120000424A41B0494E407009606D0099C2478E8
:10D13000059E3470009E01240694049CA40708D523
:10D14000099C0492069AA45A059E069AB452049A1F
:10D15000009EF40003940E9C06942C1D9C4236D233
:10D16000744209190591039D694218240C400294E8
:10D170000A9904912946069CCC4006940599891881
:10D18000019149680C46029DAC40069D2C43049DCC
:10D19000AC50AD182C4608349C421CD2039CE14094
:10D1A000019CA46806940195029DAC400C43019932
:10D1B0004C600499083104918D18291D059C083490
:10D1C000059499420399D6D30598801801E00998EF
:10D1D000801B059004E00198001D05902D1D06910F
:10D1E0000DA80021049001700CA80170012E0E46BC
:10D1F0000C4602910B9A09D0059C607926790DACFA
:10D2000026700402022002900CA804900998C0071E
:10D210000AD00598001D0299405C049908700DA879
:10D2200006780CA800780104059603984042049003
:10D230001826049806400C4305990C43B4400699FF
:10D240000398C14021432960089C099E30E7F0B54E
:10D2500003AF95B00346401A90420C9300D396E07A
:10D260008D189C18102A77D30B9203202246024077
:10D270000D925242099222460A9082430E94A24293
:10D280002FD20D9E701E0890002E0E9B1C46284625
:10D2900011D05C1E681E037823700E9B012E0AD0ED
:10D2A0009C1EA81E037823700E9B022E03D0DC1E4A
:10D2B000E81E0378237003460898032811D31B1F28
:10D2C000D8781646621E1070A01E9A780270E01E72
:10D2D0005A7802703246241F187820701B1FA6420D
:10D2E000EED30B980D9BC31A07930A988343D41A65
:10D2F0005B420693099EAB19089303400D9400D03E
:10D30000DCE0944222D2311F6A580E9842504218F3
:10D3100094421BD2101F6B181C1F246804600D9CC4
:10D32000844213D2104608381C46083C2468046026
:10D330000D9C84420AD20C3A0C3B186810600E987F
:10D3400010380E908019103D8442DDD30A98079A58
:10D350000240069808990D18A11AA14200D3AAE02C
:10D3600003261640501E0E90002E28D0601E6B1E05
:10D370001A780270012E24D0A01EAB1E1A780270FB
:10D38000022E1ED0E01EEB1E1A78027019E0102A41
:10D3900069D30B92584203220E9210401D18AB42E3
:10D3A0003DD2421E00280C9E34460B4629D00D92D9
:10D3B0000A783270012818D14B1C741C20E02B46CF
:10D3C00020460E9A032A76D31A1FD378441E237060
:10D3D000831E94781C70C31E54781C70001F137831
:10D3E0000370121F8142F0D365E04A787270022800
:10D3F00002D18B1CB41C03E08A78B270CB1CF41CE5
:10D400000D9A032A0BD31A7822705A7862709A7890
:10D41000A270DA78E2701B1D241DAC42F3D10B9A86
:10D42000121A13460E9EB3430A93EB180C180D9470
:10D43000344061D19D420A9E0D9C11D22046016864
:10D4400002C59D420CD2416802C59D4208D2816846
:10D4500002C59D4204D2C16802C510309D42EED380
:10D460000E980240A1199818834224D20324144034
:10D47000521E002C11D00D781D70012C02D1491CB8
:10D480005B1C0AE04D785D70022C02D1891C9B1C4C
:10D4900003E08C789C70C91CDB1C032A0BD30A7830
:10D4A0001A704A785A708A789A70CA78DA70091DA8
:10D4B0001B1D8342F3D10C9815B0F0BD049213AD3F
:10D4C0001E4600232B7012AA13700898801B00962A
:10D4D000012E059300D1A5E0057813AA2B461570FF
:10D4E0000646407805900898C20712AD002A00D081
:10D4F00096E000221D469DE00B92002216461192F6
:10D5000011AA121909920422121B0892D20704D000
:10D510000D9A1278099E32700126089A9207049497
:10D5200004D50D9A925B099CA253049CE2000892D8
:10D53000119A06922A1D9A422FD262428A1808999D
:10D54000494218250D4007950C990991069E0899A6
:10D55000CE400592141861680A46079DAA403243DE
:10D56000099D2A502A18069208329A421AD2089A1D
:10D57000D140A6683246079DAA400A4306994A60F0
:10D580000999083109910D18291D059A0832994207
:10D59000DDD306961018099009E00D98001B09903C
:10D5A0000A9E06E0201D09900698051D06910A9E18
:10D5B000049C10A90020079108700FA90870012C85
:10D5C00004460146059009D0099A5179147910AAA8
:10D5D00014700902022205920FAA07920A940D9A6A
:10D5E000D2070BD00998001D059A805C079A10702D
:10D5F00010A800780A900FA800780004089A5242F8
:10D6000009921824099A144001430A980143A14041
:10D610000698089AD040084328600B9A0D9C1FE793
:10D62000022330460646C25C2A7013AA157812AA55
:10D63000127812040098C000039005980302134367
:10D640002B43221D04980592824254D20B98009AD3
:10D65000821A8A1803984142182008400B900998B2
:10D66000001F01900E9E05980B998B400E93019D13
:10D6700054592146039BD9400E9B194371511146C1
:10D680000E9672199042039837D20B9B9C400291E0
:10D690004D19291F09680B46C3402343141F2360FB
:10D6A000059BA34231D20B9B99402B46083B1C683B
:10D6B0002346C3400B43114608390B60059B8B4240
:10D6C0000E9E2BD20B998C400C3D2B681946C14005
:10D6D00021430C3A1160103E09997118029A103AD0
:10D6E00004981038049005988842BDD309981618FC
:10D6F00004910E931AE00E9319E00E940498001F03
:10D700000490099841180E1F10E0049808380490FE
:10D710000298099A1618083E0E9107E00E94049894
:10D720000C380490029809990E180C3E0D9C009834
:10D730000022149214A9091833181B1F04252D1A4E
:10D74000EE0702D01A780A700122AD0703980E9DE9
:10D7500001D59B5A8B521499C14042421823134061
:10D760009D400D430498011F0D60EFE5B0B502AF79
:10D7700093060CD4002A09D01F2354421A400D46A8
:10D7800095401C400146E14029439040B0BD1F2117
:10D790000A40014691400020B0BDB0B502AF042957
:10D7A00013D30C1FE2431207920F14D00025024638
:10D7B00020C223079B0F23460FD045600C22224036
:10D7C000042A05D10839083005E002460B460FE06F
:10D7D00085600C390C300B4602460C2C08D3002017
:10D7E000106050609060D0601032103B032BF7D86F
:10D7F000D01882421AD203241C40591E002C0BD090
:10D8000000231370012C03D1521C032906D20DE012
:10D810005370022C0BD1921C032907D30021D17025
:10D82000917051701170121D8242F8D1B0BD937089
:10D83000D21C0329F2D2F9E780B500AFFFF707FD4C
:10D8400080BDB0B502AF042913D30C1FE243120709
:10D85000920F14D00025024620C223079B0F2346B7
:10D860000FD045600C222240042A05D10839083027
:10D8700005E002460B460FE085600C390C300B4684
:10D8800002460C2C08D30020106050609060D060DD
:10D890001032103B032BF7D8D01882421AD203243F
:10D8A0001C40591E002C0BD000231370012C03D1F7
:10D8B000521C032906D20DE05370022C0BD1921C8E
:10D8C000032907D30021D170917051701170121D7E
:10D8D0008242F8D1B0BD9370D21C0329F2D2F9E78D
:10D8E000F0B503AF042915D3D3B2244C5C430E1F0B
:10D8F000F3431B079B0F13D0034610C33507AD0F2F
:10D9000035460FD044600C233340042B05D1083931
:10D91000083005E003460D460EE084600C390C30FB
:10D920000D4603460C2E07D31C605C609C60DC60D7
:10D930001033103D032DF7D85819834218D2032411
:10D940002C40691E002C0AD01A70012C03D15B1CDC
:10D95000032906D20CE05A70022C0AD19B1C032921
:10D9600006D3DA709A705A701A701B1D8342F8D170
:10D97000F0BD9A70DB1C0329F3D2F9E70101010124
:10D9800080B500AFFFF73AFB80BDF0B503AF84B0C0
:10D990000393144602910190050C92B2009229461D
:10D9A000514382B2230C16465E4300207118404159
:10D9B0000E0C0004861908045D4300994A431018B0
:10D9C0007541029A62430399019B5943891869186A
:10D9D00004B0F0BD80B500AFFFF739FC80BDF0B5F5
:10D9E00003AF81B0042A28D3131FDC432407A40FFC
:10D9F00014D014460D4604C9064604C01A07920FF7
:10DA00001A460BD029466A68304672600C221A40CA
:10DA1000042A16D12246083A083108300C2B0CD3C0
:10DA20000B6803604B6843608B688360CB68C3609E
:10DA300010311030103A032AF2D8FFF7DFFA01B0A4
:10DA4000F0BD8A68826022460C3A0C310C300C2BF7
:10DA5000E6D2F2E7F0B503AF102932D344420322F5
:10DA600014400319984218D2651E002C0BD00026D2
:10DA70000670012C03D1401C032D06D20DE0467028
:10DA8000022C42D1801C032D07D30025C570857060
:10DA900045700570001D9842F8D1091B0846904357
:10DAA000181883420CD2002410C3834208D210C33A
:10DAB000834205D210C3834202D210C38342F3D300
:10DAC0001140421890421AD203230B40491E002BEA
:10DAD0000BD000240470012B03D1401C032906D273
:10DAE0000DE04470022B0BD1801C032907D30021C9
:10DAF000C170817041700170001D9042F8D1F0BD7D
:10DB00008470C01C0329F2D2F9E78670C01C032D73
:10DB1000BBD2C2E7F0B503AF102932D3454203238D
:10DB20001D404419A04216D26E1E002D0AD002706C
:10DB3000012D03D1401C032E06D20CE04270022DB1
:10DB400041D1801C032E06D3C270827042700270D5
:10DB5000001DA042F8D1491B084698432018844272
:10DB60000ED2D6B21A4D754320C4844208D220C4C6
:10DB7000844205D220C4844202D220C48442F3D31A
:10DB800019404318984218D203240C40491E002C17
:10DB90000AD00270012C03D1401C032906D20CE0EC
:10DBA0004270022C0AD1801C032906D3C2708270F5
:10DBB00042700270001D9842F8D1F0BD8270C01C06
:10DBC0000329F3D2F9E78270C01C032EBCD2C2E74E
:10DBD0000101010180B500AF10222021030C002BB0
:10DBE00000D0184600D011460A46083A030A002B16
:10DBF00010D111D10A1F0309002B12D113D18B1E92
:10DC00008208002A14D115D1022816D30120C0435E
:10DC1000401880BD1846EDD011460A1F0309002B9D
:10DC2000ECD01846EBD011468B1E8208002AEAD0B1
:10DC30001946E9D010460228E8D24042401880BD7B
:10DC4000F0B503AF81B0042A28D3131FDC432407A7
:10DC5000A40F14D014460D4604C9064604C01A0782
:10DC6000920F1A460BD029466A68304672600C2221
:10DC70001A40042A16D12246083A083108300C2BE3
:10DC80000CD30B6803604B6843608B688360CB6880
:10DC9000C36010311030103A032AF2D8FFF7AEF902
:10DCA00001B0F0BD8A68826022460C3A0C310C301B
:10DCB0000C2BE6D2F2E7D4D400B581B06A4600F06E
:10DCC00003F8009901B000BDD0B502AF1446FEF7CD
:10DCD00005FF002C00D02160D0BDD4D410B584B095
:10DCE00002AC009400F004F8029A039B04B010BD4B
:10DCF000D0B502AF86B004460092019302A8224636
:10DD00000B46FEF7B2FF03990298BA68002A03D0C7
:10DD1000059B049C1460536006B0D0BD03B4014859
:10DD2000019001BD7D00002080B500AFFEE7D4D496
:10DD300054727946726F6D496E744572726F724398
:10DD40003A5C55736572735C61686E74685C2E63CF
:10DD50006172676F5C72656769737472795C737204
:10DD6000635C696E6465782E6372617465732E6995
:10DD70006F2D313934396366386336623562353533
:10DD800037665C656D62617373792D7573622D30D2
:10DD90002E352E315C7372635C6275696C646572DA
:10DDA0002E727300C0023A20C000433A5C5573657E
:10DDB00072735C61686E74685C2E636172676F5C1D
:10DDC00072656769737472795C7372635C696E649F
:10DDD00065782E6372617465732E696F2D313934E5
:10DDE000396366386336623562353537665C656D32
:10DDF00062617373792D7573622D302E352E315C0F
:10DE00007372635C6D736F732E727300433A5C556B
:10DE1000736572735C61686E74685C2E63617267AF
:10DE20006F5C72656769737472795C7372635C6945
:10DE30006E6465782E6372617465732E696F2D311F
:10DE40003934396366386336623562353537665C36
:10DE50006465666D742D7274742D312E332E305CB2
:10DE60007372635C6368616E6E656C2E72730043DF
:10DE70003A5C55736572735C61686E74685C2E639E
:10DE80006172676F5C72656769737472795C7372D3
:10DE9000635C696E6465782E6372617465732E6964
:10DEA0006F2D313934396366386336623562353502
:10DEB00037665C656D62617373792D7573622D30A1
:10DEC0002E352E315C7372635C6C69622E72730046
:10DED000433A5C55736572735C61686E74685C2E5E
:10DEE000636172676F5C72656769737472795C7382
:10DEF00072635C696E6465782E6372617465732EFB
:10DF0000696F2D313934396366386336623562356D
:10DF10003537665C73657175656E7469616C2D73F8
:10DF2000746F726167652D362E302E315C737263AB
:10DF30005C6C69622E727300433A5C557365727350
:10DF40005C61686E74685C2E636172676F5C726599
:10DF50006769737472795C7372635C696E64657807
:10DF60002E6372617465732E696F2D313934396394
:10DF700066386336623562353537665C726D6B2D97
:10DF8000302E382E325C7372635C686F73745C6D14
:10DF90006F642E727300433A5C55736572735C61F3
:10DFA000686E74685C2E636172676F5C7265676926
:10DFB000737472795C7372635C696E6465782E63E6
:10DFC00072617465732E696F2D3139343963663827
:10DFD0006336623562353537665C656D62617373D1
:10DFE000792D72702D302E382E305C7372635C6424
:10DFF0006D612E72730010617373657274696F6E58
:10E0000020606C65667420C0172072696768746050
:10E01000206661696C65640A20206C6566743A202C
:10E02000C0090A2072696768743A20C000433A5CEC
:10E0300055736572735C61686E74685C2E6361729F
:10E04000676F5C72656769737472795C7372635C25
:10E05000696E6465782E6372617465732E696F2DC5
:10E06000313934396366386336623562353537663F
:10E070005C73657175656E7469616C2D73746F7214
:10E080006167652D362E302E315C7372635C6D6175
:10E09000702E7273007372635C6D61696E2E7273A1
:10E0A00000433A5C55736572735C61686E74685CBA
:10E0B0002E636172676F5C72656769737472795CF5
:10E0C0007372635C696E6465782E637261746573E4
:10E0D0002E696F2D313934396366386336623562A3
:10E0E000353537665C726D6B2D302E382E325C7391
:10E0F00072635C6B6579626F6172642E7273004348
:10E100003A5C55736572735C61686E74685C2E630B
:10E110006172676F5C72656769737472795C737240
:10E12000635C696E6465782E6372617465732E69D1
:10E130006F2D31393439636638633662356235356F
:10E1400037665C686561706C6573732D302E392E8F
:10E15000335C7372635C7665635C6D6F642E72739F
:10E1600000433A5C55736572735C61686E74685CF9
:10E170002E636172676F5C72656769737472795C34
:10E180007372635C696E6465782E63726174657323
:10E190002E696F2D313934396366386336623562E2
:10E1A000353537665C73657175656E7469616C2DA4
:10E1B00073746F726167652D362E302E315C737209
:10E1C000635C6974656D2E727300433A5C557365C8
:10E1D00072735C61686E74685C2E636172676F5CF9
:10E1E00072656769737472795C7372635C696E647B
:10E1F00065782E6372617465732E696F2D313934C1
:10E20000396366386336623562353537665C726D00
:10E210006B2D302E382E325C7372635C6C69622E0B
:10E22000727300433A5C55736572735C61686E7417
:10E23000685C2E636172676F5C7265676973747284
:10E24000795C7372635C696E6465782E6372617465
:10E2500065732E696F2D31393439636638633662E0
:10E260003562353537665C72702D7061632D372EDF
:10E27000302E305C7372635C2E5C727032303430DE
:10E280005C646D612E727300433A5C557365727302
:10E290005C61686E74685C2E636172676F5C726546
:10E2A0006769737472795C7372635C696E646578B4
:10E2B0002E6372617465732E696F2D313934396341
:10E2C00066386336623562353537665C6465666D1F
:10E2D000742D7274742D312E332E305C7372635C26
:10E2E0006C69622E72730000433A5C5573657273F9
:10E2F0005C61686E74685C2E636172676F5C7265E6
:10E300006769737472795C7372635C696E64657853
:10E310002E6372617465732E696F2D3139343963E0
:10E3200066386336623562353537665C726D6B2DE3
:10E33000302E382E325C7372635C6B65796D617060
:10E340002E7273002F72757374632F33316663619D
:10E3500033616462323833636339646664353662CC
:10E3600034396364656539613936656239633936D4
:10E370006666642F6C6962726172792F636F726571
:10E380002F7372632F736C6963652F736F72742FB1
:10E390007368617265642F736D616C6C736F7274F6
:10E3A0002E72730026636F70795F66726F6D5F7394
:10E3B0006C6963653A20736F7572636520736C696D
:10E3C0006365206C656E6774682028C02B29206403
:10E3D0006F6573206E6F74206D617463682064656F
:10E3E0007374696E6174696F6E20736C6963652004
:10E3F0006C656E6774682028C0012900433A5C553B
:10E40000736572735C61686E74685C2E63617267B9
:10E410006F5C72656769737472795C7372635C694F
:10E420006E6465782E6372617465732E696F2D3129
:10E430003934396366386336623562353537665C40
:10E44000726D6B2D302E382E325C7372635C6B658F
:10E4500079626F6172645C6D6F7273652E727300A6
:10E46000433A5C55736572735C61686E74685C2EC8
:10E47000636172676F5C72656769737472795C73EC
:10E4800072635C696E6465782E6372617465732E65
:10E49000696F2D31393439636638633662356235D8
:10E4A0003537665C656D62617373792D72702D30DE
:10E4B0002E382E305C7372635C74696D655F6472B4
:10E4C000697665722E7273001272656D6F76616C7B
:10E4D00020696E6465782028697320C0162920732E
:10E4E000686F756C64206265203C206C656E202826
:10E4F000697320C0012900433A5C55736572735CEF
:10E5000061686E74685C2E636172676F5C726567C8
:10E5100069737472795C7372635C696E6465782E7A
:10E520006372617465732E696F2D31393439636696
:10E53000386336623562353537665C726D6B2D3007
:10E540002E382E325C7372635C7573625C6D6F641F
:10E550002E727300433A5C55736572735C61686E2A
:10E5600074685C2E636172676F5C7265676973744F
:10E5700072795C7372635C696E6465782E63726134
:10E580007465732E696F2D3139343963663863369B
:10E59000623562353537665C726D6B2D302E382EE4
:10E5A000325C7372635C686F73745C7669615C6D16
:10E5B0006F642E727300433A5C55736572735C61CD
:10E5C000686E74685C2E636172676F5C7265676900
:10E5D000737472795C7372635C696E6465782E63C0
:10E5E00072617465732E696F2D3139343963663801
:10E5F0006336623562353537665C726D6B2D302E51
:10E60000382E325C7372635C686F73745C76696118
:10E610005C7669616C2E72730016736C6963652099
:10E62000696E6465782073746172747320617420FC
:10E63000C00D2062757420656E647320617420C003
:10E6400000433A5C55736572735C61686E74685C14
:10E650002E636172676F5C72656769737472795C4F
:10E660007372635C696E6465782E6372617465733E
:10E670002E696F2D313934396366386336623562FD
:10E68000353537665C656D62617373792D757362BC
:10E690002D302E352E315C7372635C64657363724A
:10E6A0006970746F722E727300433A5C55736572B1
:10E6B000735C61686E74685C2E636172676F5C7214
:10E6C000656769737472795C7372635C696E6465A3
:10E6D000782E6372617465732E696F2D3139343908
:10E6E0006366386336623562353537665C737461EC
:10E6F0007469635F63656C6C2D322E312E315C73EF
:10E7000072635C6C69622E727300433A5C55736588
:10E7100072735C61686E74685C2E636172676F5CB3
:10E7200072656769737472795C7372635C696E6435
:10E7300065782E6372617465732E696F2D3139347B
:10E74000396366386336623562353537665C726DBB
:10E750006B2D302E382E325C7372635C686F73746D
:10E760005C7669615C7669616C5F6C6F636B2E725D
:10E77000730020696E646578206F7574206F662061
:10E78000626F756E64733A20746865206C656E20E4
:10E79000697320C012206275742074686520696EE8
:10E7A00064657820697320C000433A5C55736572D4
:10E7B000735C61686E74685C2E636172676F5C7213
:10E7C000656769737472795C7372635C696E6465A2
:10E7D000782E6372617465732E696F2D3139343907
:10E7E0006366386336623562353537665C726D6BE9
:10E7F0002D302E382E325C7372635C73746F7261CD
:10E8000067655C6D6F642E727300433A5C55736587
:10E8100072735C61686E74685C2E636172676F5CB2
:10E8200072656769737472795C7372635C696E6434
:10E8300065782E6372617465732E696F2D3139347A
:10E84000396366386336623562353537665C726DBA
:10E850006B2D302E382E325C7372635C6C69676886
:10E86000742E727300433A5C55736572735C616811
:10E870006E74685C2E636172676F5C726567697342
:10E880007472795C7372635C696E6465782E63720E
:10E89000617465732E696F2D31393439636638635D
:10E8A00036623562353537665C6465666D742D3168
:10E8B0002E312E315C7372635C6C69622E72730050
:10E8C000433A5C55736572735C61686E74685C2E64
:10E8D000636172676F5C6769745C636865636B6FC3
:10E8E0007574735C656D62617373792D6330386123
:10E8F0003830313837343033663831355C666161F1
:10E90000636164365C656D62617373792D74696DE2
:10E91000655C7372635C696E7374616E742E72737E
:10E9200000433A5C55736572735C61686E74685C31
:10E930002E636172676F5C72656769737472795C6C
:10E940007372635C696E6465782E6372617465735B
:10E950002E696F2D3139343963663863366235621A
:10E96000353537665C726D6B2D302E382E325C7308
:10E9700072635C6D61747269782E727300433A5CE5
:10E9800055736572735C61686E74685C2E63617246
:10E99000676F5C72656769737472795C7372635CCC
:10E9A000696E6465782E6372617465732E696F2D6C
:10E9B00031393439636638633662356235353766E6
:10E9C0005C706F7374636172642D312E312E335C11
:10E9D0007372635C766172696E742E727300433A6F
:10E9E0005C55736572735C61686E74685C2E6361FC
:10E9F00072676F5C72656769737472795C73726356
:10EA00005C696E6465782E6372617465732E696FDC
:10EA10002D313934396366386336623562353537BE
:10EA2000665C656D62617373792D72702D302E385E
:10EA30002E305C7372635C666C6173682E72730057
:10EA4000433A5C55736572735C61686E74685C2EE2
:10EA5000636172676F5C72656769737472795C7306
:10EA600072635C696E6465782E6372617465732E7F
:10EA7000696F2D31393439636638633662356235F2
:10EA80003537665C72702D7061632D372E302E30F5
:10EA90005C7372635C2E5C7270323034305C696F10
:10EAA0002E727300433A5C55736572735C61686ED5
:10EAB00074685C2E636172676F5C726567697374FA
:10EAC00072795C7372635C696E6465782E637261DF
:10EAD0007465732E696F2D31393439636638633646
:10EAE000623562353537665C656D62617373792DA9
:10EAF0007573622D302E352E315C7372635C6465E4
:10EB00007363726970746F725F7265616465722E8F
:10EB10007273001072616E676520656E6420696EA5
:10EB200064657820C022206F7574206F6620726142
:10EB30006E676520666F7220736C696365206F660F
:10EB4000206C656E67746820C000433A5C5573653D
:10EB500072735C61686E74685C2E72757374757024
:10EB60005C746F6F6C636861696E735C737461620F
:10EB70006C652D7838365F36342D70632D77696E6D
:10EB8000646F77732D6D7376635C6C69622F727539
:10EB900073746C69622F7372632F727573745C6C1B
:10EBA0006962726172792F636F72652F7372632F5E
:10EBB000736C6963652F736F72742F756E737461F4
:10EBC000626C652F717569636B736F72742E7273EB
:10EBD00000433A5C55736572735C61686E74685C7F
:10EBE0002E636172676F5C72656769737472795CBA
:10EBF0007372635C696E6465782E637261746573A9
:10EC00002E696F2D31393439636638633662356267
:10EC1000353537665C656D62617373792D72702D61
:10EC2000302E382E305C7372635C7573622E727393
:10EC300000433A5C55736572735C61686E74685C1E
:10EC40002E636172676F5C72656769737472795C59
:10EC50007372635C696E6465782E63726174657348
:10EC60002E696F2D31393439636638633662356207
:10EC7000353537665C627974656F726465722D3103
:10EC80002E352E305C7372635C6C69622E72730079
:10EC90001272616E676520737461727420696E64AC
:10ECA000657820C022206F7574206F662072616EB7
:10ECB000676520666F7220736C696365206F6620DC
:10ECC0006C656E67746820C000433A5C557365726A
:10ECD000735C61686E74685C2E636172676F5C72EE
:10ECE000656769737472795C7372635C696E64657D
:10ECF000782E6372617465732E696F2D31393439E2
:10ED00006366386336623562353537665C656D62D9
:10ED1000617373792D7573622D302E352E315C73CE
:10ED200072635C636C6173735C6869642E727300F8
:10ED3000433A5C55736572735C61686E74685C2EEF
:10ED4000636172676F5C72656769737472795C7313
:10ED500072635C696E6465782E6372617465732E8C
:10ED6000696F2D31393439636638633662356235FF
:10ED70003537665C72702D7061632D372E302E3002
:10ED80005C7372635C2E5C7270323034305C75730D
:10ED9000625F647072616D2E727300433A5C5573EA
:10EDA0006572735C61686E74685C2E7275737475DD
:10EDB000705C746F6F6C636861696E735C737461AF
:10EDC000626C652D7838365F36342D70632D776927
:10EDD0006E646F77732D6D7376635C6C69622F72EE
:10EDE0007573746C69622F7372632F727573745CC0
:10EDF0006C6962726172792F636F72652F737263CF
:10EE00002F736C6963652F6D6F642E727300433AC4
:10EE10005C55736572735C61686E74685C2E7275A4
:10EE2000737475705C746F6F6C636861696E735C2A
:10EE3000737461626C652D7838365F36342D70637B
:10EE40002D77696E646F77732D6D7376635C6C6973
:10EE5000622F727573746C69622F7372632F72758F
:10EE600073745C6C6962726172792F636F72652F63
:10EE70007372632F736C6963652F697465722E7288
:10EE80007300C0013AC0013AC000433A5C55736553
:10EE900072735C61686E74685C2E636172676F5C2C
:10EEA00072656769737472795C7372635C696E64AE
:10EEB00065782E6372617465732E696F2D313934F4
:10EEC000396366386336623562353537665C726D34
:10EED0006B2D302E382E325C7372635C686F7374E6
:10EEE0005C73746F726167652E72730021E90110A3
:10EEF0005B000000720100003B00000021E90110EE
:10EF00005B0000008E0100001A000000D1EB011030
:10EF10005F0000006D02000048000000D1EB01100E
:10EF20005F000000760200000D000000D1EB011030
:10EF30005F000000460200004E000000D1EB01100F
:10EF40005F000000580200001F000000D1EB01101C
:10EF50005F0000004A0200000D000000D1EB01102C
:10EF60005F000000460000000D000000D1EB011022
:10EF70005F0000004E0000000D000000DEE90110FF
:10EF800061000000BA00000014000000DEE901107A
:10EF900061000000BA00000021000000DEE901105D
:10EFA00061000000D200000023000000DEE9011033
:10EFB00061000000CE0000002A000000DEE9011020
:10EFC00061000000E000000014000000DEE9011014
:10EFD00061000000E00000003A000000DEE90110DE
:10EFE00061000000E000000024000000DEE90110E4
:10EFF000610000003E01000023000000DEE9011076
:10F00000610000005001000056000000DEE9011020
:10F01000610000007001000012000000DEE9011034
:10F02000610000007001000052000000DEE90110E4
:10F0300061000000700100003E0000006FDE011062
:10F0400060000000BC010000360000006FDE01100F
:10F050006000000078020000180000006FDE011060
:10F0600060000000780200001E0000006FDE01104A
:10F0700060000000790200002E0000006FDE011029
:10F080006000000081020000150000006FDE01102A
:10F09000600000008E0200001C0000006FDE011006
:10F0A000600000008E020000220000006FDE0110F0
:10F0B000600000008F020000320000006FDE0110CF
:10F0C0006000000092020000190000006FDE0110D5
:10F0D000600000009F020000180000006FDE0110B9
:10F0E000600000009F0200001E0000006FDE0110A3
:10F0F00060000000A00200002E0000006FDE011082
:10F10000600000001B020000160000006FDE01100E
:10F11000600000002D0200001A0000006FDE0110E8
:10F1200060000000500200001A0000006FDE0110B5
:10F130006000000017020000260000006FDE0110D2
:10F1400060000000D7020000150000006FDE011013
:10F1500060000000D8020000150000006FDE011002
:10F1600060000000D9020000150000006FDE0110F1
:10F1700060000000DA020000150000006FDE0110E0
:10F1800060000000F7020000200000006FDE0110A8
:10F1900060000000F70200002F0000006FDE011089
:10F1A000600000003A010000290000006FDE01103D
:10F1B0006000000058010000360000006FDE011002
:10F1C0006000000063010000390000006FDE0110E4
:10F1D000600000001E0100002F0000006FDE011023
:10F1E0006000000098010000260000006FDE0110A2
:10F1F0006000000098010000350000006FDE011083
:10F2000060000000890100003A0000006FDE01107C
:10F2100060000000A701000025000000C9EC0110FB
:10F2200066000000500100004E000000C9EC011013
:10F2300066000000590100001D000000C9EC01102B
:10F24000660000005901000032000000C9EC011006
:10F2500066000000170100002F000000C9EC01103B
:10F2600066000000180100001D000000C9EC01103C
:10F2700066000000130100004F000000C9EC0110FF
:10F2800066000000A700000020000000C9EC01108B
:10F2900066000000C70000004E000000C9EC01102D
:10F2A00066000000C00000004F00000000000000E9
:10F2B00020000000040000007D110010F565011021
:10F2C000B11100107D1100107D1100107D11001092
:10F2D000A51100105D6501102D640110951100103D
:10F2E0003FDD0110640000004B0100000D00000034
:10F2F0003FDD0110640000008E01000009000000E5
:10F30000616C6C6F635F656E64706F696E745F696A
:10F310006E206661696C65643FDD01106400000069
:10F32000DF0100000E000000616C6C6F635F656EB2
:10F3300064706F696E745F6F7574206661696C6567
:10F34000640000003FDD01106400000002020000C4
:10F350000E0000006053746174696343656C6C60F7
:10F3600020697320616C72656164792066756C6CCC
:10F370002C2069742063616E277420626520696E99
:10F38000697469616C697A65642074776963652E54
:10F39000A9E6011060000000540000000D0000000C
:10F3A000DEE9011061000000B30100004E00000022
:10F3B000DEE9011061000000B70100005500000007
:10F3C000DEE9011061000000A30100005800000008
:10F3D000596F75724E616D650102040810204080FE
:10F3E000B9BC09B29D374CEA524D4B204B6579624E
:10F3F0006F6172647669616C3A6636346332623387
:10F40000633A303030303031D0F301100800000062
:10F41000E8F301100C000000F4F3011014000000E8
:10F420004B4C0100FD377A585A000004E6D6B4462A
:10F430000200210116000000742FE5A3E002D701AD
:10F44000165D003D8889C65436C3174FE4E2AA4AC8
:10F45000DDB5D80DC549E24B7EBB8BBDCFCDBB4BD7
:10F460008D5CD3BF89D0E90257983D1FB7BC110707
:10F470008F2977426546AAD1E22295C334F35A6BAD
:10F48000E198C1BA09476AF6F9A0006430CA2B6C4A
:10F49000A9F6CAC6327CACE6B2248EEE37B0A4B967
:10F4A00059E0DAE94EB7D3C95A4910D9044DBDA481
:10F4B0005C554E63A59AA62B5607C564126A241B99
:10F4C000F0279D9B650EFE488F2119AC0BA5F05AC5
:10F4D00017963BAC82F4362371DF85094CFD28F486
:10F4E00056FA493723C3F9B4516382C21E6DF87FBF
:10F4F000E3308A89D5EB4770148A1FCF70B7442B4D
:10F500000CDE3EB9337B80CD4CD0AC86CC289849FC
:10F51000E4B7F1F1EC3C01A26E993E0F14B4231252
:10F52000E35D9DFFFCDF2D8AE9DE3AA35A989581C1
:10F53000F8C8AAA727E545A3F46BD2C518D9C6F425
:10F540002F2618A498670977BC0C7C61BCFC50136B
:10F55000C968D37099AA6A810000000033760BB99C
:10F560008FE50B050001B202D80500005E66BC0BFA
:10F57000B1C467FB020000000004595AE0F3011017
:10F580000800000024F401105801000001000000F0
:10F590000000000095E001100B00000007000000D3
:10F5A00001000000D0DE0110670000001201000021
:10F5B00022000000D0DE011067000000C300000040
:10F5C00028000000D0DE011067000000B600000037
:10F5D00029000000D0DE011067000000D300000009
:10F5E00018000000D0DE011067000000710000006C
:10F5F0002D000000D0DE0110670000003301000084
:10F6000029000000D0DE0110670000005600000055
:10F61000220000002DE001106700000087000000BC
:10F62000290000002DE00110670000009700000095
:10F63000280000002DE00110670000009B00000082
:10F64000290000002DE00110670000009B00000071
:10F65000390000001D2C011004010000040000000E
:10F66000018B01102DE0011067000000580100001F
:10F67000220000001D2C0110040100000400000005
:10F68000598C01102DE0011067000000F304000008
:10F69000220000002DE0011067000000B40400000B
:10F6A000220000002DE00110670000005F03000051
:10F6B0003D0000002DE0011067000000680100001F
:10F6C000050000002DE00110670000006901000046
:10F6D00005000000617373657274696F6E20666166
:10F6E000696C65643A20666C6173685F72616E670D
:10F6F000652E656E64202D20666C6173685F726193
:10F700006E67652E7374617274203E3D20533A3AE1
:10F7100045524153455F53495A4520617320753323
:10F7200032202A20320000002DE001106700000086
:10F730006B010000050000002DE0011067000000D3
:10F7400067010000220000002DE0011067000000AA
:10F75000A0010000350000002DE00110670000004E
:10F76000BE010000250000002DE001106700000030
:10F77000A9000000050000002DE001106700000056
:10F78000AA000000050000002DE001106700000045
:10F79000AB000000050000002DE001106700000034
:10F7A000A80000004C0000002DE0011067000000E0
:10F7B000E4020000320000002DE0011067000000AC
:10F7C00013030000430000002DE00110670000005B
:10F7D000130300004F00000061E101106800000009
:10F7E000AD0000006400000061E10110680000004D
:10F7F0003B0000002700000061E1011068000000EC
:10F80000390000003000000061E1011068000000D4
:10F81000520000003000000061E1011068000000AB
:10F82000810000003100000061E10110680000006B
:10F83000990000002C00000061E101106800000048
:10F84000910000003D00000061E10110680000002F
:10F850004E0200003D00000061E101106800000060
:10F860005A0200003D00000061E101106800000044
:10F87000740100002B00000061E10110680000002D
:10F880003A0100002600000061E10110680000005C
:10F89000FF0000002E00000061E101106800000080
:10F8A000110100002600000061E101106800000065
:10F8B000150100002C00000061E10110680000004B
:10F8C000230100001300000061E101106800000046
:10F8D000230100002700000061E101106800000022
:10F8E000270100001C00000061E101106800000019
:10F8F000290200003B00000061E1011068000000E7
:10F900002C0200002D00000043616E6E6F742075A4
:10F910006E7772617020616E20657261736564201C
:10F920006974656D61E1011068000000AE010000BE
:10F9300028000000D0DE0110670000002F0000004A
:10F9400022000000D0DE01106700000084000000EB
:10F9500020000000D0DE0110670000008A000000D7
:10F9600005000000D0DE011067000000FA00000072
:10F9700022000000CAE101105800000061010000EF
:10F98000030000000000000004000000040000006C
:10F99000FF260110E19D001000000000040000009F
:10F9A00004000000EF260110318B00100000000061
:10F9B00004000000040000001F27011021B80010FF
:10F9C0000000000004000000040000000F270110E8
:10F9D00015B6001000000000040000000400000044
:10F9E000CF260110F5AE001000000000040000005A
:10F9F00004000000DF26011061880010616C6C209B
:10FA00006675747572657320696E2073656C6563C5
:10FA10007421207765726520636F6D706C65746505
:10FA2000642C20627574206E6F2060636F6D706C43
:10FA3000657465203D3E602068616E646C6572206F
:10FA40007761732070726F7669646564CAE1011032
:10FA5000580000009001000005000000CAE10110FC
:10FA600058000000CF00000003000000000000006C
:10FA70000000000001000000398A0110298A0110ED
:10FA8000B18A0110DD890110CD8A01100D8A0110A3
:10FA9000AB1100109D110010831100108D1100108A
:10FAA00038DF01105D0000001E00000003000000B0
:10FAB00054E5011061000000770100001100000012
:10FAC00054E5011061000000790100000F00000002
:10FAD00054E5011061000000730000003C000000CC
:10FAE00054E50110610000007B00000048000000A8
:10FAF00054E5011061000000800000004800000093
:10FB000054E50110610000008D000000310000008C
:10FB100054E5011061000000920000004800000060
:10FB200054E5011061000000B20000001600000062
:10FB300054E5011061000000B60000003C00000028
:10FB400054E5011061000000C30000001600000031
:10FB500054E5011061000000F500000026000000DF
:10FB600054E5011061000000F600000026000000CE
:10FB700054E5011061000000F6000000570000008D
:10FB800054E5011061000000F500000034000000A1
:10FB900054E5011061000000070100002100000091
:10FBA00054E50110610000000C0100001D00000080
:10FBB00054E50110610000000C010000520000003B
:10FBC00054E50110610000000D0100003900000043
:10FBD00054E50110610000000D0100001600000056
:10FBE00054E5011061000000150100002B00000029
:10FBF00054E501106100000029010000160000001A
:10FC000054E50110610000003C0100003D000000CF
:10FC100054E50110610000003E01000016000000E4
:10FC200054E50110610000006B00000007000000B7
:10FC300054E50110610000003201000044000000A2
:10FC400054E501106100000047010000550000006C
:10FC500054E50110610000005C0000004400000059
:10FC6000B6E5011062000000270000003B00000024
:10FC7000B6E5011062000000280000001E00000030
:10FC8000B6E5011062000000280000002600000018
:10FC9000B6E50110620000002C0000003B000000EF
:10FCA000B6E5011062000000EA010000300000002B
:10FCB000B6E501106200000000020000290000000B
:10FCC000B6E50110620000004C00000015000000C5
:10FCD000B6E5011062000000740000003F00000063
:10FCE000B6E5011062000000750000003F00000052
:10FCF000B6E5011062000000760000003F00000041
:10FD0000B6E5011062000000770000003F0000002F
:10FD1000B6E5011062000000780000003F0000001E
:10FD2000B6E5011062000000790000003F0000000D
:10FD3000B6E50110620000007A0000003F000000FC
:10FD4000B6E50110620000007B0000003F000000EB
:10FD5000B6E50110620000007C0000003F000000DA
:10FD6000B6E50110620000008600000030000000CF
:10FD7000B6E50110620000008700000043000000AB
:10FD8000B6E501106200000094000000330000009E
:10FD9000B6E501106200000095000000430000007D
:10FDA000B6E50110620000008B0000001A000000A0
:10FDB000B6E5011062000000910000004300000061
:10FDC000B6E5011062000000980000002F0000005E
:10FDD000B6E5011062000000990000004300000039
:10FDE000B6E50110620000009C0000002F0000003A
:10FDF000B6E50110620000009D0000004300000015
:10FE0000B6E5011062000000A00000002D00000017
:10FE1000B6E5011062000000A90000002D000000FE
:10FE2000B6E5011062000000B30000001A000000F7
:10FE3000B6E5011062000000C000000032000000C2
:10FE4000B6E5011062000000C100000043000000A0
:10FE5000B6E5011062000000CB0000001C000000AD
:10FE6000B6E5011062000000DD0000001C0000008B
:10FE7000B6E5011062000000D3000000260000007B
:10FE8000B6E5011062000000D50000001C00000073
:10FE9000B6E5011062000000E50000001C00000053
:10FEA000B6E5011062000000ED0000001C0000003B
:10FEB000B6E5011062000000F60000002600000018
:10FEC000B6E5011062000000080100001C000000FF
:10FED000B6E50110620000001001000026000000DD
:10FEE000B6E50110620000001D0100001C000000CA
:10FEF000B6E50110620000002401000026000000A9
:10FF0000B6E5011062000000260100001C000000A0
:10FF1000B6E50110620000002E0100001C00000088
:10FF2000B6E5011062000000460100002A00000052
:10FF3000B6E50110620000004A0100003300000035
:10FF4000B6E50110620000004E0100003300000021
:10FF5000B6E501106200000052010000330000000D
:10FF6000B6E50110620000005601000033000000F9
:10FF7000B6E50110620000005A01000047000000D1
:10FF8000B6E50110620000005C0100002A000000DC
:10FF9000B6E5011062000000640100002D000000C1
:10FFA000B6E50110620000006801000035000000A5
:10FFB000B6E50110620000007A0100003000000088
:10FFC000B6E50110620000008D0100002A0000006B
:10FFD000B6E5011062000000980100003300000047
:10FFE000B6E5011062000000920100003700000039
:10FFF000B6E50110620000009C0100002A0000002C
:020000041002E8
:10000000B6E5011062000000A60100002E0000000D
:10001000B6E5011062000000B00100005C000000C5
:10002000B6E501106200000020000000030000009F
:10003000B6E50110620000003A0000001100000067
:100040000AE70110670000002F00000041000000D7
:100050000AE70110670000003100000020000000E6
:100060008AEE011061000000F60000007000000040
:100070008AEE011061000000DE0000006F00000049
:100080008AEE0110610000009F00000019000000CE
:100090008AEE0110610000000B01000074000000F6
:1000A0000400000000000000020000000300000047
:1000B0000600000060080000202020208AEE0110C9
:1000C00061000000CC0000005F0000008AEE01101B
:1000D00061000000D800000019000000E8E20110F3
:1000E0005B000000C700000011000000E8E2011002
:1000F0005B000000CC00000033000000E8E20110CB
:100100005B000000B100000011000000E8E20110F7
:100110005B0000005C0000000F000000E8E201103E
:100120005B0000004201000011000000E8E2011045
:100130005B0000006001000011000000E8E2011017
:100140005B000000600100003C000000E8E20110DC
:100150005B0000005F0100000D000000E8E20110FC
:100160005B0000001D01000010000000E8E201102B
:100170005B0000002A0100001D000000E8E2011001
:100180005B000000E900000018000000E8E2011038
:100190005B000000EB00000026000000700800007B
:1001A000000000000000000000000000000000004F
:1001B00001000000050D0010D99E01100D0D00106A
:1001C000150D0010CAE10110580000001B010000CD
:1001D0001A000000A9E701106000000005040000FB
:1001E0002E000000A9E7011060000000B10300002C
:1001F00028000000A9E701106000000022030000B1
:1002000019000000A9E70110600000003E03000093
:1002100019000000A9E7011060000000C101000002
:100220000F000000060000002CD1E68C000000004A
:1002300000000000000000000000000000000000BE
:1002400000000000000000000000000000000000AE
:10025000000000000000000000000000000000009E
:10026000000000000000000000000000000000008E
:10027000000000000000000000000000000000007E
:10028000000000000000000000000000000000006E
:10029000000000000000000000000000000000005E
:1002A000000000000000000000000000000000004E
:1002B000000000000000000000000000000000003E
:1002C000000000000000000000000000000000002E
:1002D000000000000000000000000000000000001E
:1002E000000000000000000000000000000000000E
:1002F00000000000000000000000000000000000FE
:1003000000000000000000000000000000000000ED
:1003100000000000000000000000000000000000DD
:100320000000000000000000A1E001105D000000DE
:10033000B007000021000000A1E001105D000000F6
:10034000CF0300000E000000A1E001105D000000DE
:100350002901000031000000A1E001105D00000053
:10036000E10600004A000000A1E001105D0000006D
:100370003507000025000000A1E001105D0000002D
:100380002E0700004C000000A1E001105D000000FD
:100390003A0700003B000000A1E001105D000000F2
:1003A0006F07000029000000A1E001105D000000BF
:1003B000770500004B000000A1E001105D00000087
:1003C000E103000029000000A1E001105D00000031
:1003D000E003000072000000A1E001105D000000D9
:1003E000EA0300000E000000A1E001105D00000023
:1003F000030400002C000000A1E001105D000000DB
:100400000904000012000000A1E001105D000000DE
:100410002904000016000000A1E001105D000000AA
:100420007A01000015000000A1E001105D0000004D
:100430008501000027000000A1E001105D00000020
:100440007801000041000000A1E001105D00000003
:10045000D901000026000000A1E001105D000000AD
:10046000F20100004B000000A1E001105D0000005F
:10047000FD0100004B000000A1E001105D00000044
:100480000902000032000000A1E001105D00000040
:100490001B0200004F000000A1E001105D00000001
:1004A000240200004F000000A1E001105D000000E8
:1004B0003302000029000000A1E001105D000000EF
:1004C0005002000035000000A1E001105D000000B6
:1004D0006C02000029000000A1E001105D00000096
:1004E0004D04000057000000A1E001105D00000075
:1004F0005D0400000E000000A1E001105D0000009E
:10050000DE0700002B000000A1E001105D000000EC
:10051000CE07000011000000A1E001105D00000006
:100520002E03000018000000A1E001105D00000093
:10053000330300002C000000A1E001105D0000006A
:10054000350300002B000000A1E001105D00000059
:100550004D0300002C000000A1E001105D00000030
:100560004E03000015000000A1E001105D00000036
:10057000F90700000D000000A1E001105D0000007F
:10058000940300002C000000A1E001105D000000B9
:100590009503000014000000A1E001105D000000C0
:1005A0009207000036000000A1E001105D0000008D
:1005B0009907000036000000A1E001105D00000076
:1005C0008705000019000000A1E001105D00000097
:1005D0008205000050000000A1E001105D00000055
:1005E000190500004A000000A1E001105D000000B4
:1005F0002A05000021000000A1E001105D000000BC
:10060000070500001D000000A1E001105D000000D2
:100610001305000019000000A1E001105D000000BA
:100620000205000051000000A1E001105D00000083
:100630001D05000029000000A1E001105D00000080
:10064000E40400003C000000A1E001105D00000097
:10065000D404000062000000A1E001105D00000071
:10066000900100006A000000A1E001105D000000A0
:10067000A801000043000000A1E001105D0000009F
:10068000B901000022000000A1E001105D0000009F
:100690009E01000022000000A1E001105D000000AA
:1006A000C001000044000000A1E001105D00000056
:1006B000C401000047000000A1E001105D0000003F
:1006C000120800000D000000A1E001105D00000014
:1006D000D605000052000000A1E001105D000000FE
:1006E0002707000052000000A1E001105D0000009B
:1006F000FE05000052000000A1E001105D000000B6
:10070000BA06000033000000A1E001105D00000007
:100710004B01000040000000A1E001105D0000005E
:10072000AC0300000E000000A1E001105D0000001D
:10073000A80300005D000000A1E001105D000000C2
:10074000BE0400005A000000A1E001105D0000009E
:10075000980200001C000000A1E001105D000000F4
:100760009A0200003D000000A1E001105D000000C1
:10077000C502000041000000A1E001105D00000082
:10078000E40200005B000000A1E001105D00000039
:10079000EF0200003A000000A1E001105D0000003F
:1007A0000B03000069000000A1E001105D000000E3
:1007B0004508000023000000A1E001105D000000DA
:1007C0007004000021000000A1E001105D000000A5
:1007D0007604000021000000A1E001105D0000008F
:1007E000890400001D000000A1E001105D00000070
:1007F0007D04000035000000A1E001105D00000054
:100800008404000021000000A1E001105D00000050
:100810008004000029000000A1E001105D0000003C
:100820006704000059000000A1E001105D00000015
:100830007008000023000000A1E001105D0000002E
:100840008A0700003F000000A1E001105D000000E9
:10085000D105000019000000A1E001105D000000BA
:10086000CF05000019000000A1E001105D000000AC
:10087000EF0500005B000000A1E001105D0000003A
:10088000E20500005D000000A1E001105D00000035
:100890007907000060000000FCE301106300000025
:1008A000190000004F000000FCE30110630000008D
:1008B0002A00000044000000FCE301106300000077
:1008C0001000000048000000FCE30110630000007D
:1008D000A30000003D000000FCE3011063000000E5
:1008E000A900000026000000FCE3011063000000E6
:1008F0007100000048000000FCE3011063000000EC
:10090000860000004C000000FCE3011063000000C2
:10091000910000005A000000FCE301106300000099
:100920004700000050000000FCE3011063000000DD
:100930003F0000006B0000006368756E6B207369F8
:100940007A65206D757374206265206E6F6E2D7AE6
:1009500065726F0000000000000000000100000050
:10096000DD44011063616C6C6564206052657375D1
:100970006C743A3A756E77726170282960206F6ED8
:1009800020616E2060457272602076616C75650032
:10099000000000000000000001000000F144011010
:1009A000000000000000000001000000990200109B
:1009B000000000000400000004000000F525011004
:1009C00031EC01105E000000BB0700000C000000CD
:1009D00031EC01105E000000BB07000012000000B7
:1009E00031EC01105E000000C00700000C000000A8
:1009F00031EC01105E000000C00700001200000092
:100A00004F75744F66426F756E6473556E616C6995
:100A1000676E6564496E76616C6964436F72654F99
:100A20007468657231EC01105E000000510800002E
:100A30001F00000031EC01105E000000750800008E
:100A40000C00000031EC01105E0000007508000091
:100A50001200000031EC01105E0000007A08000076
:100A60000C00000031EC01105E0000007A0800006C
:100A700012000000617373657274696F6E206661A5
:100A8000696C65643A206E203C2031327573697A56
:100A90006500000023E20110640000007D000000FA
:100AA00009000000617373657274696F6E2066617E
:100AB000696C65643A206E203C2031367573697A22
:100AC00065617373657274696F6E206661696C65C8
:100AD000643A206E203C2031357573697A650000D8
:100AE00030ED01106A000000240000000900000041
:100AF00030ED01106A0000002C0000000900000029
:100B000030ED01106A00000035000000090000000F
:100B100030ED01106A0000003E00000009000000F6
:100B2000D1EB01105F0000007601000027000000FB
:100B3000D1EB01105F000000F50100002000000073
:100B4000D1EB01105F000000F70100002100000060
:100B5000456E64706F696E74416C6C6F6345727240
:100B60006F72526561644572726F72000AE801101B
:100B70005A000000140000004B000000F7E40110D0
:100B80005C000000410000005B00000096DF0110E7
:100B90005F000000C100000009000000F7E4011040
:100BA0005C00000039000000380000000000000078
:100BB000040000000400000061260110D1EB0110C8
:100BC0005F0000004503000036000000D1EB01107B
:100BD0005F000000A10200002A000000D1EB01101C
:100BE0005F0000001B03000020000000D1EB01109B
:100BF0005F0000003903000020000000D1EB01106D
:100C00005F000000E602000064000000D1EB01106C
:100C10005F000000C10200006B000000D1EB01107A
:100C20005F000000E10200003A0000000660FF09DA
:100C300061A1010962150026FF0075089520810257
:100C4000096315009102C00054E501106100000025
:100C50009D0100004400000054E501106100000007
:100C60008F0100005B0000000EEE01107300000019
:100C7000E60500002500000005010906A1010507A1
:100C800019E029E715002501750195088102150075
:100C900026FF00750895018103050819012905251E
:100CA0000175019505910295039103050719002926
:100CB000DD26FF00750895068100C005010902A127
:100CC000010901A10085010509190129081500255F
:100CD00001750195088102050109301781FFFFFFA9
:100CE000257F75089501810609318106093881063D
:100CF000050C0A38028106C0C0050C0901A1018556
:100D000002050C19002A1405150027FFFF000075C5
:100D1000108100C005010980A1018503198129B74F
:100D2000150126FF0075088100C000003031323304
:100D300034353637383941424344454630020000A5
:100D400030020000700300005003000030313233E5
:100D50003435363738396162636465660B000000EC
:100D6000090000000B000000050000002C0A2828E4
:100D70000A290000000000000C0000000400000030
:100D8000954F01100D5101104D51011063616C6CB4
:100D9000656420604F7074696F6E3A3A756E777251
:100DA0006170282960206F6E206120604E6F6E6533
:100DB000602076616C75653D3D30303031303230C9
:100DC00033303430353036303730383039313031F7
:100DD00031313231333134313531363137313831E7
:100DE00039323032313232323332343235323632D5
:100DF00037323832393330333133323333333433BB
:100E000035333633373338333934303431343234A0
:100E10003334343435343634373438343935303586
:100E20003135323533353435353536353735383576
:100E30003936303631363236333634363536363664
:100E4000373638363937303731373237333734374A
:100E50003537363737373837393830383138323830
:100E60003338343835383638373838383939303916
:100E70003139323933393439353936393739383906
:100E800039617474656D707420746F20646976695B
:100E90006465206279207A65726F617474656D7023
:100EA0007420746F2063616C63756C617465207469
:100EB00068652072656D61696E646572207769741A
:100EC0006820612064697669736F72206F66207A8A
:100ED00065726F606173796E6320666E6020726503
:100EE00073756D656420616674657220636F6D70E3
:100EF0006C6574696F6E757365722D70726F76694B
:100F000064656420636F6D70617269736F6E2066D3
:100F1000756E6374696F6E20646F6573206E6F7495
:100F200020636F72726563746C7920696D706C6593
:100F30006D656E74206120746F74616C206F7264D3
:100F40006572000044E301105F0000005C030000D4
:100F500005000000307870616E69636B6564206124
:100F600074203A0A52656643656C6C20616C726548
:100F7000616479206D757461626C7920626F727240
:100F80006F77656452656643656C6C20616C726551
:100F900061647920626F72726F776564FF00000090
:100FA000000000000000000001000000CD5601100C
:100FB00049560110B95601106578706C69636974FF
:100FC0002070616E6963000065E801105A0000003E
:100FD00081010000050000006465666D74206C6F7F
:100FE000676765722074616B656E207265656E74EB
:100FF00072616E746C79000088E201105E0000007E
:10100000AD0000000D0000006465666D742072651F
:101010006C65617365206F7574206F6620636F6EF9
:101020007465787488E201105E000000E200000040
:101030000D0000000CDE011062000000290000001D
:101040001F000000095A0110195A0110195A011005
:10105000455A011060E401106700000069000000BB
:101060002E00000060E40110670000006B0000002B
:101070002A000000617373657274696F6E20666187
:10108000696C65643A206E203C20327573697A651C
:1010900040EA011063000000590000000900000050
:1010A00060E4011067000000300000003300000021
:1010B0006F766572666C6F77207768656E20616405
:1010C00064696E67206475726174696F6E20746FF5
:1010D00020696E7374616E74C0E8011060000000D6
:1010E000BF0000000E00000041E601106700000094
:1010F000D80000001F00000041E60110670000005A
:10110000970000001100000041E601106700000098
:10111000970000001800000041E601106700000081
:10112000720000000900000041E6011067000000A5
:10113000730000000900000041E601106700000094
:10114000770000001100000041E601106700000078
:10115000770000003400000041E601106700000045
:10116000780000001100000041E601106700000057
:10117000780000004300000041E601106700000015
:10118000030100001B00000041E6011067000000A1
:101190005F0000001600000041E60110670000003B
:1011A000950100001B00000041E6011067000000EF
:1011B000A10100000900000041E6011067000000E5
:1011C000A20100000900000041E6011067000000D4
:1011D000A30100000900000041E6011067000000C3
:1011E000A60100001800000041E6011067000000A1
:1011F000A60100002E0000000000000041E60110E2
:1012000067000000B00100001800000041E6011076
:1012100067000000B00100001F000000A4EA0110F8
:101220006E000000250000001F000000A4EA01106D
:101230006E000000180000001F000000AADD011071
:1012400061000000A800000010000000AADD0110ED
:1012500061000000A80000001D000000AADD0110D0
:10126000610000004800000026000000AADD011017
:1012700061000000B500000028000000C9EC01106A
:1012800066000000090200003B000000C9EC0110EC
:10129000660000001402000021000000C9EC0110EB
:1012A000660000001F02000019000000282900004D
:1012B000000000000400000004000000A16601100E
:1012C0005665633A3A66726F6D5F69746572206F36
:1012D000766572666C6F7700FFE0011061000000B8
:1012E000B30500001E0000006F08000000000000B1
:1012F000000000004572726F72000000A9E7011043
:1013000060000000F90000002D0000006D696420FD
:101310003E206C656E0000009BED01107200000025
:10132000F20300001C0000009BED011072000000A1
:10133000F30300001C0000009BED01107200000090
:10134000F7030000200000009BED01107200000078
:10135000F70300002B0000004AEB0110860000009C
:1013600071000000260000004AEB0110860000001A
:1013700078000000160000004AEB01108600000013
:10138000380000001B0000004AEB0110860000003E
:10139000440000001F0000004AEB0110860000001E
:1013A00045000000240000004AEB01108600000008
:1013B0004600000016000000576F6E74496D706C97
:1013C000656D656E744E6F74596574496D706C65AA
:1013D0006D656E74656453657269616C697A6542A6
:1013E000756666657246756C6C53657269616C6989
:1013F0007A655365714C656E677468556E6B6E6F78
:10140000776E446573657269616C697A65556E655E
:1014100078706563746564456E644465736572696C
:10142000616C697A65426164566172696E74446583
:1014300073657269616C697A65426164426F6F6C51
:10144000446573657269616C697A65426164436879
:101450006172446573657269616C697A6542616441
:1014600055746638446573657269616C697A654262
:1014700061644F7074696F6E446573657269616C05
:10148000697A65426164456E756D4465736572691C
:10149000616C697A65426164456E636F64696E6709
:1014A000446573657269616C697A6542616443720F
:1014B000635365726465536572437573746F6D53DE
:1014C000657264654465437573746F6D436F6C6CCE
:1014D0006563745374724572726F7200FFE001109D
:1014E00061000000280600003C0000000000000031
:1014F00004000000040000007D8801106173736522
:101500007274696F6E206661696C65643A20696EF9
:10151000646578203C2073656C662E6C656E2829A6
:10152000FFE00110610000009A03000009000000C4
:10153000FFE0011061000000460400000D00000003
:101540007DE90110600000002F0000001C00000079
:101550007DE90110600000003F0000001C00000059
:101560007DE90110600000001F0000001C00000069
:1015700000000102030405060708090A0B0C0D0E02
:101580003500AA00B300CB00D200E900F30006004A
:10159000540069007D00CA00EA0003000D000E003F
:1015A00020004B00B000B100CC00D400ED00F600EC
:1015B00025002B003F0048005800610070008400A7
:1015C0009C00BE00C300D600E60005001D006E00B2
:1015D0008100AB00B900C500120014001B003200EE
:1015E000CF00E500040010002F008B009100F800F0
:1015F000190027002E003E005C0065007600860082
:10160000C100C40023004D005300620063006D0060
:10161000260060006B0073008C008F00A100AE00FC
:10162000EB0021002C0052005B0088009400DC00DD
:10163000DF0013001600290041006C00C000C70045
:10164000F20036003B003C00A000BF001800240060
:10165000380039004C008300B500BB00CE00FF000D
:101660000900150040006F0080008900B400DB0015
:10167000E400EE00280033003400450095009B0094
:10168000B700F5003A00560078008A009200DA00B0
:1016900008001E003100440047004F0059005A0066
:1016A0005F007C00AC00B800F0008700A700B60027
:1016B000C200C900FC0002005D0066008D009000C1
:1016C0009800A600BD00D900E300F1000A003D002B
:1016D00042005700EC0022004300460055009300F2
:1016E000BA00CD00DD00FB002A007200E000F4002B
:1016F00030003700AF00FE002D009700A400A800C6
:10170000D500D700FD004A0051005E006400710062
:101710009A00A500F700070017001A0079009E0044
:10172000AD00BC00C800D100E200F90011001F00AC
:101730004E00770096009D009F00A300D300490053
:101740007E008200B200E700010050007A008500B0
:101750009900A200C600FA000B000C000F00670001
:1017600068006A00740075007B007F008E00A9008D
:10177000D8001C00D000DE00E100E800EF0000010E
:10178000010102010301040105010601070108012D
:1017900009010A010B010C010D010E010F011001DD
:1017A000110112011301140115011601170118018D
:1017B00019011A011B011C011D011E011F0120013D
:1017C00021012201230124012501260127012801ED
:1017D00029012A012B012C012D012E012F0130019D
:1017E000310132013301340135013601370138014D
:1017F00039013A013B013C013D013E013F014001FD
:1018000041014201430144014501460147014801AC
:1018100049014A014B014C014D014E014F0150015C
:10182000510152015301540155015601570158010C
:1018300059015A015B015C015D015E015F016001BC
:10184000610162016301640165016601670168016C
:1018500069016A016B016C016D016E016F0170011C
:1018600071017201730174017501760177017801CC
:1018700079017A017B017C017D017E017F0180017C
:10188000810182018301840185018601870188012C
:1018900089018A018B018C018D018E018F019001DC
:1018A000910192019301940195019601970198018C
:1018B00099019A019B019C019D019E019F01A0013C
:1018C000A101A201A301A401A501A601A701A801EC
:1018D000A901AA01AB01AC01AD01AE01AF01B0019C
:1018E000B101B201B301B401B501B601B701B8014C
:1018F000B901BA01BB01BC01BD01BE01BF01C001FC
:10190000C101C201C301C401C501C601C701C801AB
:10191000C901CA01CB01CC01CD01CE01CF01D0015B
:10192000D101D201D301D401D501D601D701D8010B
:10193000D901DA01DB01DC01DD01DE01DF01E001BB
:10194000E101E201E301E401E501E601E701E8016B
:10195000E901EA01EB01EC01ED01EE01EF01F0011B
:10196000F101F201F301F401F501F601F701F801CB
:10197000F901FA01FB01FC01FD01FE01FF0100027A
:101980000102020203020402050206020702080223
:1019900009020A020B020C020D020E020F021002D3
:1019A0001102120213021402150216021702180283
:1019B00019021A021B021C021D021E021F02200233
:1019C00021022202230224022502260227022802E3
:1019D00029022A022B022C022D022E022F02300293
:1019E0003102320233023402350236023702380243
:1019F00039023A023B023C023D023E023F024002F3
:101A000041024202430244024502460247024802A2
:101A100049024A024B024C024D024E024F02500252
:101A20005102520253025402550256025702580202
:101A300059025A025B025C025D025E025F026002B2
:101A40006102620263026402650266026702680262
:101A500069026A026B026C026D026E026F02700212
:101A600071027202730274027502760277027802C2
:101A700079027A027B027C027D027E027F02800272
:101A80008102820283028402850286028702880222
:101A900089028A028B028C028D028E028F029002D2
:101AA0009102920293029402950296029702980282
:101AB00099029A029B029C029D029E029F02A00232
:101AC000A102A202A302A402A502A602A702A802E2
:101AD000A902AA02AB02AC02AD02AE02AF02B00292
:101AE000B102B202B302000061E10110680000001F
:101AF000D10100002800000061E101106800000031
:101B0000650100002A00000061E10110680000008A
:101B1000ED0000001A0000002DE001106700000039
:101B2000D4030000010000007F150210E7E201105D
:101B3000721502107315021074150210751502103B
:101B4000761502107715021078150210791502101B
:101B50007A1502107B1502107C1502107D150210FB
:101B60007E150210E200E900EA00B500B600B700F9
:101B7000CD00B200B8008A01920194012102230233
:101B800024022502260227022A02B300B4006F00B5
:101B900070009F01CB019F02A0020000000A02100A
:101BA0000B0A0210140A02101F0A0210340300006C
:101BB00034030000340300007404000054040000E7
:101BC000E7E2011072150210731502100D000000FB
:101BD00011000000130000001900000018000000B0
:101BE00014000000120000001200000012000000AB
:101BF0001400000012000000160000001100000098
:101C00000E0000000D0000000F000000B8130210CD
:101C1000C5130210D6130210E913021002140210A9
:101C20001A1402102E140210401402105214021042
:101C300064140210781402108A140210A014021006
:101C4000B1140210BF140210CC14021000000000E6
:101C5000000000000200000002000000020000007E
:101C6000020000000200000002000000020000006C
:101C700002000000E7E20110721502107315021055
:101C80000C080D080E080F08100811081208130898
:101C90001408150816081708180819081A081B0848
:101CA0001C081D081E081F0800000000000000009E
:101CB0000000000000000000000000000000000024
:101CC0000000000000000000000000000000000014
:101CD0000000000000000000000000000000000004
:101CE00000000000000000004008410842084308CE
:101CF0004408450846084708480849084A084B0868
:101D00004C084D084E084F08500851085208530817
:101D10005408550856085708580859085A085B08C7
:081D20005C085D085E085F0825
:101D2800F8B504AF1A4C002020601A4D1A4E2068EE
:101D3800C0072BD001E000F073F82068C007FAD084
:101D4800A068B042F3D100F071F82068800702D48F
:101D580000F072F8F9E7666000F074F82068C007D0
:101D680002D100F05DF8F9E7A068A84202D000F0BF
:101D780063F8F3E700F06CF82068800702D400F0FD
:101D88005BF8F9E7656000F05DF8D0E7F8BDC0469C
:101D9800500000D010415221EFBEADDEF0B503AFC8
:101DA800D6464E46454660B51D46804691468A460B
:101DB8002C68A0476C68A047404651460122D207CC
:101DC8000023AC68002C00D0A04740464946524644
:101DD800EC68002C00D0A0472C69A0476C69A0478C
:101DE80007BC804689469246F0BD6465666D7400FE
:101DF8005345474745522052545400000000000004
:101E08000100000000000000CA000020AC400020D3
:101E180000040000000000000000000001000000B5
:101E280003B40148019001BDCFCA011003B40148B1
:101E3800019001BDA5CA011003B40148019001BD7C
:101E4800BDCA011003B40148019001BDC7CA011001
:0C1E580003B40148019001BDA9CA0110AB
:04000005100001C125
:00000001FF
